FunctionID,InvocationCount,AvgDurationMs,AvgMemoryMB
1,127471685,1633.0,243.0
2,83591132,295.0,209.0
3,48947822,265.0,183.0
4,24011909,19.0,214.0
5,22457375,31.0,138.0
6,22030820,4.0,214.0
7,20918946,79.0,132.0
8,16743959,43.0,213.0
9,16346524,2.0,160.0
10,15937049,14.0,183.0
11,14780372,6.0,161.0
12,13682122,28.0,200.0
13,12456908,244.0,190.0
14,12146873,242.0,175.0
15,10832280,126.0,240.0
16,9836619,18.0,115.0
17,9515623,30.0,177.0
18,9278118,63.0,130.0
19,7728335,295.0,209.0
20,7263794,16821.0,303.0
21,6575908,33.0,192.0
22,6489320,6.0,135.0
23,5957492,110.0,139.0
24,5322016,239.0,261.0
25,4732710,43.0,147.0
26,4675248,5.0,205.0
27,4494828,127.0,327.0
28,4377103,1.0,247.0
29,4076684,43.0,249.0
30,3985322,9.0,124.0
31,3869504,857.0,153.0
32,3813705,4269.0,202.0
33,3795889,1.0,151.0
34,3677581,36.0,147.0
35,3621416,572.0,570.0
36,3551797,440.0,177.0
37,3498487,0.0,140.0
38,3304477,208.0,423.0
39,3280571,73.0,131.0
40,3139702,32.0,242.0
41,3111419,26.0,177.0
42,2956759,55.0,177.0
43,2798180,418.0,423.0
44,2614788,14.0,146.0
45,2614786,0.0,146.0
46,2582723,7230.0,245.0
47,2537684,31.0,188.0
48,2494219,87.0,215.0
49,2282262,749.0,361.0
50,2260025,1157.0,228.0
51,2233177,210.0,205.0
52,2205488,127.0,228.0
53,2205486,37.0,228.0
54,2190967,1.0,210.0
55,2176141,212.0,135.0
56,2161905,75.0,115.0
57,2115623,18.0,205.0
58,2038719,238.0,243.0
59,2005345,207.0,173.0
60,1989866,24.0,135.0
61,1985730,49.0,150.0
62,1984364,30.0,150.0
63,1963422,107.0,124.0
64,1752353,94.0,214.0
65,1682236,869.0,228.0
66,1676660,2282.0,322.0
67,1668699,32.0,143.0
68,1615850,3800.0,266.0
69,1610512,18.0,163.0
70,1589914,12.0,208.0
71,1576836,54.0,146.0
72,1576045,26.0,398.0
73,1477494,45.0,124.0
74,1475743,572.0,142.0
75,1472867,38.0,142.0
76,1471138,71.0,195.0
77,1461691,52.0,128.0
78,1448320,4.0,392.0
79,1444302,2.0,129.0
80,1420134,34.0,212.0
81,1386380,853.0,195.0
82,1375513,1520.0,161.0
83,1369303,8.0,132.0
84,1367903,259.0,197.0
85,1347977,650.0,161.0
86,1293856,12.0,232.0
87,1265065,214.0,130.0
88,1256297,48.0,149.0
89,1256062,171.0,194.0
90,1245993,993.0,85.0
91,1237953,208.0,131.0
92,1222363,3.0,133.0
93,1215011,64.0,133.0
94,1213622,15.0,198.0
95,1199423,919.0,179.0
96,1190054,18.0,229.0
97,1174907,352.0,210.0
98,1163286,15.0,198.0
99,1133043,154.0,210.0
100,1127628,50.0,211.0
101,1072540,52.0,141.0
102,1071986,13.0,103.0
103,1037416,24.0,245.0
104,1034719,134.0,210.0
105,1031544,135208.0,193.0
106,1029518,57.0,170.0
107,1024833,12.0,152.0
108,1023879,56.0,119.0
109,1001346,254.0,127.0
110,1001167,38.0,125.0
111,986105,446.0,210.0
112,985912,342.0,144.0
113,977948,45.0,233.0
114,977573,531.0,141.0
115,919926,32.0,195.0
116,919894,31.0,203.0
117,912413,269.0,124.0
118,886236,5.0,190.0
119,879618,68.0,134.0
120,857025,270.0,157.0
121,835978,4.0,392.0
122,827250,18.0,199.0
123,825603,52.0,140.0
124,807079,92.0,214.0
125,805785,2621.0,214.0
126,805741,1504.0,131.0
127,804995,15.0,136.0
128,789270,1340.0,293.0
129,785387,204.0,244.0
130,775749,541.0,215.0
131,767247,104.0,194.0
132,751231,42.0,223.0
133,744921,76.0,137.0
134,743742,82.0,131.0
135,741165,81.0,195.0
136,737499,337.0,242.0
137,733420,0.0,279.0
138,727458,151.0,126.0
139,706216,31.0,116.0
140,698336,13.0,214.0
141,690309,545.0,476.0
142,690283,7.0,127.0
143,688071,53.0,125.0
144,673873,34.0,146.0
145,668594,64.0,172.0
146,665664,0.0,131.0
147,664432,206.0,172.0
148,658500,138.0,131.0
149,657287,1500.0,215.0
150,644647,993.0,172.0
151,639054,220.0,130.0
152,638241,1970.0,153.0
153,635662,52.0,228.0
154,627279,399.0,215.0
155,624463,245.0,130.0
156,620252,174.0,207.0
157,617586,73.0,150.0
158,599195,13.0,132.0
159,599099,3.0,133.0
160,595701,2732.0,303.0
161,588977,1013.0,129.0
162,576719,57.0,155.0
163,562550,453.0,140.0
164,559773,2633.0,322.0
165,558002,147.0,197.0
166,557942,145.0,197.0
167,557837,122.0,130.0
168,556821,18.0,160.0
169,552710,69.0,265.0
170,542593,19.0,147.0
171,539386,80864.0,201.0
172,525638,2.0,210.0
173,522867,3.0,125.0
174,518716,3228.0,86.0
175,518510,9.0,163.0
176,517568,47.0,146.0
177,516080,107.0,190.0
178,496662,1.0,121.0
179,489999,492.0,198.0
180,488602,110.0,189.0
181,486034,112.0,192.0
182,485884,42.0,347.0
183,479676,485.0,302.0
184,476549,32.0,195.0
185,476506,45.0,195.0
186,470420,5.0,311.0
187,469567,2.0,131.0
188,469215,86.0,126.0
189,465811,629.0,125.0
190,455090,142.0,140.0
191,452920,1750.0,210.0
192,448931,3.0,191.0
193,445000,173.0,191.0
194,437965,461.0,476.0
195,431712,11.0,193.0
196,425713,0.0,185.0
197,425129,546.0,122.0
198,424320,2.0,141.0
199,420887,179.0,254.0
200,416381,195.0,196.0
201,415614,201.0,196.0
202,414949,79.0,174.0
203,413512,159.0,196.0
204,407536,35.0,166.0
205,397157,55.0,201.0
206,395725,321.0,88.0
207,392620,81.0,125.0
208,391125,69.0,130.0
209,390970,111.0,125.0
210,390952,807.0,130.0
211,387186,51.0,203.0
212,374319,105.0,201.0
213,373276,35.0,195.0
214,373065,34.0,126.0
215,371176,2935.0,119.0
216,365233,1674.0,128.0
217,363326,31.0,135.0
218,363304,15.0,223.0
219,362547,5313.0,570.0
220,361722,902.0,306.0
221,358523,274.0,203.0
222,353650,117.0,187.0
223,352907,124.0,186.0
224,351716,475.0,246.0
225,351711,40.0,147.0
226,351706,4.0,179.0
227,349771,119.0,184.0
228,348271,89.0,210.0
229,345837,1030.0,149.0
230,345771,34.0,123.0
231,343277,52.0,134.0
232,342742,17.0,245.0
233,342182,131.0,196.0
234,340664,72.0,198.0
235,340455,947.0,191.0
236,338393,100.0,207.0
237,338056,110.0,160.0
238,336892,11.0,197.0
239,335802,49.0,198.0
240,335548,602.0,215.0
241,335541,167.0,116.0
242,335308,81.0,135.0
243,324711,239.0,215.0
244,324384,31.0,433.0
245,324342,28.0,223.0
246,323512,13.0,192.0
247,322296,34.0,130.0
248,321393,185.0,141.0
249,318568,8703.0,160.0
250,310840,79.0,210.0
251,310022,229.0,134.0
252,309691,306.0,155.0
253,308929,25.0,101.0
254,308844,40.0,214.0
255,308115,60.0,125.0
256,306676,150.0,104.0
257,305852,260.0,210.0
258,304871,1925.0,207.0
259,301004,476.0,135.0
260,297691,31.0,124.0
261,297268,65.0,267.0
262,295631,625.0,190.0
263,294900,323.0,119.0
264,293897,2758.0,208.0
265,293392,67890.0,195.0
266,288702,25.0,170.0
267,288026,13963.0,313.0
268,287162,53.0,214.0
269,286195,8439.0,385.0
270,285542,37.0,464.0
271,284895,63.0,186.0
272,284384,332.0,210.0
273,283916,11.0,146.0
274,283426,33.0,232.0
275,282806,125.0,122.0
276,280143,37.0,217.0
277,279755,20.0,189.0
278,275139,466.0,110.0
279,272542,153.0,127.0
280,268161,236.0,203.0
281,268015,2448.0,219.0
282,267270,218.0,134.0
283,263851,0.0,179.0
284,263502,1.0,196.0
285,263245,0.0,207.0
286,262977,0.0,199.0
287,262864,0.0,202.0
288,262838,0.0,191.0
289,262837,1.0,197.0
290,262837,0.0,265.0
291,262602,0.0,196.0
292,259925,0.0,175.0
293,258920,37.0,181.0
294,258806,64453.0,241.0
295,257984,0.0,176.0
296,257190,35.0,215.0
297,256214,0.0,194.0
298,255516,88.0,209.0
299,255305,53.0,212.0
300,253919,6192.0,309.0
301,253184,12.0,130.0
302,253169,101.0,191.0
303,252274,105.0,170.0
304,249107,108.0,191.0
305,248941,1018.0,191.0
306,248501,255.0,114.0
307,246764,417.0,127.0
308,246279,729.0,302.0
309,245602,4.0,114.0
310,244626,256.0,216.0
311,242263,722.0,174.0
312,242104,39.0,188.0
313,239729,147.0,210.0
314,237940,88.0,189.0
315,237933,17.0,560.0
316,234980,248.0,134.0
317,234752,187.0,129.0
318,234569,275.0,131.0
319,229966,21.0,147.0
320,228168,166.0,186.0
321,224194,0.0,135.0
322,223830,315.0,211.0
323,222915,2.0,126.0
324,222558,326.0,271.0
325,221601,5.0,133.0
326,220611,47.0,123.0
327,219795,22.0,245.0
328,218811,16.0,245.0
329,218453,17.0,245.0
330,217598,131.0,228.0
331,217595,33.0,228.0
332,216988,4516.0,226.0
333,216984,32.0,245.0
334,214794,0.0,133.0
335,213852,90.0,125.0
336,213063,706.0,309.0
337,213022,102.0,309.0
338,212110,126.0,152.0
339,207518,414.0,476.0
340,205272,2801.0,148.0
341,205098,165.0,177.0
342,205013,2445.0,160.0
343,202584,1435.0,125.0
344,201749,16.0,235.0
345,200710,6539.0,230.0
346,200085,64.0,476.0
347,200006,10.0,137.0
348,199771,74.0,182.0
349,198542,638.0,131.0
350,198217,5.0,137.0
351,196183,136.0,167.0
352,194347,19.0,141.0
353,193797,1088.0,476.0
354,193445,11.0,184.0
355,191104,1691.0,120.0
356,190962,1090.0,119.0
357,189644,190.0,233.0
358,188785,923.0,132.0
359,188482,327.0,182.0
360,183792,8.0,197.0
361,183427,23.0,186.0
362,183354,14.0,202.0
363,181971,562.0,281.0
364,181553,2091.0,153.0
365,181448,219.0,476.0
366,181299,836.0,214.0
367,180940,115.0,230.0
368,179105,802.0,138.0
369,179051,194.0,182.0
370,178537,778.0,152.0
371,175428,18783.0,177.0
372,175138,41.0,129.0
373,175028,16.0,158.0
374,174192,24.0,141.0
375,173808,760.0,259.0
376,173807,232.0,476.0
377,173396,43.0,212.0
378,173390,363.0,212.0
379,173212,16.0,171.0
380,173212,16.0,171.0
381,173211,17.0,171.0
382,173190,16.0,171.0
383,173139,997.0,185.0
384,172592,42.0,130.0
385,172581,62.0,136.0
386,172559,1332.0,271.0
387,170427,93.0,159.0
388,168828,1032.0,354.0
389,168712,2.0,131.0
390,168531,24.0,186.0
391,168302,451.0,189.0
392,168212,23.0,245.0
393,167741,219.0,208.0
394,164492,176.0,191.0
395,162131,21.0,141.0
396,161214,888.0,452.0
397,160567,415.0,476.0
398,160283,40.0,159.0
399,159692,147.0,122.0
400,157385,88.0,201.0
401,156435,123.0,131.0
402,156168,10.0,187.0
403,154574,26.0,123.0
404,154508,107.0,392.0
405,153237,38.0,201.0
406,152910,16.0,132.0
407,152810,259.0,157.0
408,152784,75.0,170.0
409,152442,2787.0,196.0
410,152381,50.0,132.0
411,151668,28.0,201.0
412,150818,1147.0,216.0
413,150645,113.0,476.0
414,150491,4205.0,172.0
415,150076,21.0,245.0
416,149409,171438.0,124.0
417,149262,97.0,219.0
418,148930,242.0,165.0
419,147501,21.0,129.0
420,147034,44.0,115.0
421,145718,103.0,176.0
422,144989,217.0,117.0
423,144267,245.0,242.0
424,144109,1933.0,143.0
425,144023,499.0,209.0
426,143548,46.0,337.0
427,142214,20.0,110.0
428,141841,12056.0,243.0
429,141670,27476.0,120.0
430,141322,426.0,148.0
431,140814,4.0,126.0
432,140763,298.0,188.0
433,139558,307.0,188.0
434,139259,281.0,148.0
435,138919,3.0,175.0
436,138476,54.0,210.0
437,137880,1433.0,142.0
438,136993,202.0,171.0
439,136811,1557.0,174.0
440,135692,272.0,189.0
441,135628,37.0,182.0
442,134941,385.0,73.0
443,134322,240.0,129.0
444,134120,440.0,188.0
445,133997,284.0,202.0
446,133317,3.0,122.0
447,131013,480.0,270.0
448,130580,106.0,163.0
449,130544,0.0,191.0
450,129663,22.0,182.0
451,129647,1404.0,162.0
452,129360,221.0,185.0
453,129092,128.0,185.0
454,128851,552.0,127.0
455,128518,37.0,189.0
456,128467,22.0,210.0
457,128165,90.0,170.0
458,127984,869.0,266.0
459,127810,271.0,279.0
460,126464,31100.0,322.0
461,126404,731.0,217.0
462,126131,3.0,123.0
463,125041,5.0,191.0
464,124163,55.0,122.0
465,123966,78.0,207.0
466,123918,1264.0,205.0
467,123715,36.0,210.0
468,123256,3714.0,218.0
469,121706,75.0,118.0
470,120697,1046.0,234.0
471,119878,8607.0,227.0
472,118906,461.0,135.0
473,118868,194.0,135.0
474,118348,2.0,203.0
475,118315,40.0,135.0
476,117561,892.0,219.0
477,117299,42.0,199.0
478,117241,219.0,185.0
479,116385,342.0,172.0
480,116325,190.0,142.0
481,115511,257.0,457.0
482,115325,214.0,189.0
483,115316,36.0,135.0
484,114764,9316.0,210.0
485,114209,110.0,228.0
486,113351,16.0,189.0
487,113301,26.0,193.0
488,112833,1510.0,123.0
489,112575,34.0,516.0
490,112137,873.0,270.0
491,111957,1274.0,205.0
492,111610,809.0,307.0
493,111084,114.0,181.0
494,110845,548.0,262.0
495,110710,30.0,119.0
496,109087,14.0,170.0
497,108927,21.0,127.0
498,108927,112.0,127.0
499,108470,1232.0,128.0
500,108036,28.0,199.0
501,107727,45.0,179.0
502,106677,26.0,207.0
503,106428,11.0,195.0
504,106406,18.0,227.0
505,105912,30814.0,227.0
506,105678,11.0,119.0
507,105472,1961.0,106.0
508,105106,335.0,179.0
509,104657,11.0,182.0
510,104560,24.0,262.0
511,103278,3610.0,207.0
512,103132,35.0,205.0
513,103082,33.0,121.0
514,102391,84.0,133.0
515,102391,78.0,133.0
516,101962,29.0,142.0
517,101824,1.0,151.0
518,101756,18.0,124.0
519,101643,408.0,147.0
520,101507,87.0,176.0
521,101299,545.0,131.0
522,101296,296.0,131.0
523,101180,16188.0,322.0
524,100950,6.0,121.0
525,100950,2.0,121.0
526,100598,5058.0,199.0
527,100577,14455.0,322.0
528,100294,13.0,124.0
529,100013,2803.0,108.0
530,99532,54.0,123.0
531,99285,151.0,228.0
532,99136,51641.0,303.0
533,98698,13.0,101.0
534,98344,40.0,195.0
535,98046,7.0,125.0
536,97853,3.0,205.0
537,97317,50.0,143.0
538,97222,411.0,155.0
539,97206,36.0,129.0
540,96944,273.0,135.0
541,96573,146.0,303.0
542,95609,4902.0,233.0
543,95310,10.0,173.0
544,94488,250.0,175.0
545,94056,5300.0,210.0
546,93630,1847.0,337.0
547,92066,570.0,476.0
548,91803,1230.0,130.0
549,91786,21.0,116.0
550,91438,12.0,199.0
551,91393,149.0,201.0
552,91391,125.0,201.0
553,91101,68.0,116.0
554,91011,315.0,128.0
555,90447,181.0,126.0
556,90227,445.0,161.0
557,90211,4.0,113.0
558,90039,143428.0,216.0
559,89487,40.0,233.0
560,89434,2.0,136.0
561,89004,27.0,245.0
562,88766,165.0,207.0
563,88568,220.0,185.0
564,88248,17042.0,183.0
565,87352,3109.0,272.0
566,87337,135.0,129.0
567,86700,1.0,115.0
568,86686,178.0,222.0
569,86400,1.0,116.0
570,86400,1.0,112.0
571,86400,28.0,183.0
572,86400,1.0,115.0
573,86400,1.0,117.0
574,86400,1.0,116.0
575,86400,4.0,102.0
576,86400,1.0,129.0
577,86400,0.0,115.0
578,86400,1.0,115.0
579,86400,2.0,122.0
580,86400,1.0,117.0
581,86400,1.0,129.0
582,86400,5.0,109.0
583,86400,2.0,121.0
584,86400,1.0,130.0
585,86400,2.0,130.0
586,86400,1.0,117.0
587,86400,1.0,134.0
588,86400,1.0,115.0
589,86400,0.0,114.0
590,86400,2.0,115.0
591,86400,0.0,125.0
592,86400,0.0,112.0
593,86399,11.0,112.0
594,86397,70.0,235.0
595,86397,2.0,136.0
596,86395,46.0,180.0
597,86388,82.0,191.0
598,86382,2.0,218.0
599,86381,3.0,114.0
600,86343,67.0,107.0
601,86335,92.0,203.0
602,86332,2.0,120.0
603,86314,1.0,109.0
604,86291,19.0,209.0
605,86265,60.0,132.0
606,86265,3.0,209.0
607,86250,111.0,199.0
608,86234,76.0,134.0
609,86229,83.0,195.0
610,86228,5.0,107.0
611,86218,12.0,167.0
612,86160,125.0,136.0
613,86140,149.0,120.0
614,86130,125.0,122.0
615,86127,119.0,135.0
616,86124,27094.0,254.0
617,86114,0.0,120.0
618,86111,25.0,182.0
619,86107,145.0,117.0
620,86096,151.0,119.0
621,86090,9.0,117.0
622,86072,49.0,198.0
623,86071,598.0,198.0
624,86062,0.0,116.0
625,86003,0.0,103.0
626,85955,86.0,221.0
627,85931,87.0,216.0
628,85916,94.0,129.0
629,85901,93.0,143.0
630,85753,7783.0,154.0
631,85700,918.0,113.0
632,85682,4.0,141.0
633,85680,70.0,119.0
634,85606,9.0,143.0
635,85594,138.0,207.0
636,85411,19.0,337.0
637,84939,306.0,337.0
638,84867,3.0,131.0
639,84862,75.0,167.0
640,84835,0.0,121.0
641,84814,191.0,230.0
642,84592,36.0,226.0
643,84450,209.0,230.0
644,84403,111.0,157.0
645,84288,488.0,117.0
646,84124,252.0,230.0
647,84016,3.0,177.0
648,83988,2825.0,322.0
649,83982,28.0,156.0
650,83821,34.0,177.0
651,83720,304.0,230.0
652,83653,303.0,230.0
653,83586,326.0,230.0
654,83575,550.0,132.0
655,83556,324.0,230.0
656,83537,329.0,230.0
657,83505,5.0,196.0
658,83334,1058.0,255.0
659,83155,211.0,153.0
660,83153,118.0,711.0
661,82903,1130.0,188.0
662,82857,1631.0,155.0
663,82749,3845.0,152.0
664,82592,6.0,191.0
665,82584,671.0,166.0
666,82083,24735.0,230.0
667,81939,162.0,163.0
668,81488,1018.0,138.0
669,80740,88.0,176.0
670,80609,314.0,188.0
671,80085,144.0,169.0
672,80069,312.0,131.0
673,80045,1778.0,322.0
674,79821,130.0,126.0
675,79694,314.0,476.0
676,79512,5.0,134.0
677,79233,2.0,127.0
678,79183,5153.0,239.0
679,79026,579.0,195.0
680,78494,5003.0,362.0
681,77856,1055.0,194.0
682,77527,904.0,191.0
683,77508,124.0,262.0
684,76924,7.0,90.0
685,76842,54.0,232.0
686,76749,966.0,239.0
687,76517,143.0,114.0
688,76479,205.0,194.0
689,76028,28.0,133.0
690,76004,19.0,195.0
691,75939,11.0,117.0
692,75574,463.0,233.0
693,75365,58.0,127.0
694,75357,560.0,176.0
695,75054,1705.0,245.0
696,75015,1060.0,166.0
697,74388,94.0,123.0
698,74358,69.0,118.0
699,74158,184.0,123.0
700,74037,1.0,120.0
701,73935,48.0,176.0
702,73833,11.0,201.0
703,73619,33041.0,655.0
704,73329,12.0,176.0
705,73054,1076.0,233.0
706,72916,37.0,201.0
707,72776,28.0,126.0
708,72494,40.0,204.0
709,72161,167.0,138.0
710,72107,448.0,153.0
711,72000,629.0,314.0
712,71937,11.0,164.0
713,71440,2136.0,200.0
714,71306,18.0,197.0
715,70970,44.0,107.0
716,70427,117.0,148.0
717,69477,13.0,185.0
718,69294,18.0,197.0
719,69294,61.0,197.0
720,69294,21.0,197.0
721,69294,130.0,197.0
722,69093,35.0,125.0
723,69002,306.0,157.0
724,68950,893.0,239.0
725,68677,10.0,114.0
726,67414,74.0,162.0
727,67396,1472.0,251.0
728,67382,44.0,177.0
729,67311,26.0,191.0
730,67285,12.0,122.0
731,67285,8.0,122.0
732,67102,124.0,314.0
733,67097,101.0,260.0
734,67051,292.0,154.0
735,67033,0.0,174.0
736,66919,22.0,189.0
737,66917,325.0,185.0
738,66766,355.0,215.0
739,66672,55.0,189.0
740,66549,1.0,191.0
741,66499,24.0,143.0
742,66403,27.0,195.0
743,66152,770.0,84.0
744,65934,393.0,151.0
745,65874,41.0,185.0
746,65821,0.0,106.0
747,65437,1.0,99.0
748,65395,27.0,215.0
749,65291,855.0,255.0
750,65010,60.0,188.0
751,64564,106.0,149.0
752,64387,23.0,142.0
753,64273,6.0,191.0
754,64234,930.0,228.0
755,64016,3105.0,142.0
756,64016,2452.0,136.0
757,63987,83.0,142.0
758,63987,193.0,142.0
759,63538,68.0,162.0
760,63446,925.0,162.0
761,63437,63.0,126.0
762,63326,74.0,111.0
763,63316,42.0,113.0
764,63211,541.0,155.0
765,63118,10.0,199.0
766,63039,128.0,130.0
767,62264,93.0,135.0
768,62264,226.0,135.0
769,62097,1.0,252.0
770,62079,1.0,199.0
771,62065,159.0,171.0
772,61950,509.0,111.0
773,61731,50.0,117.0
774,61679,231.0,179.0
775,61559,31.0,212.0
776,61546,0.0,193.0
777,61283,2879.0,306.0
778,61271,298.0,142.0
779,61112,113.0,146.0
780,61034,0.0,146.0
781,60955,46.0,146.0
782,60718,1222.0,136.0
783,60703,218.0,221.0
784,60265,59.0,190.0
785,60263,6.0,185.0
786,59857,911.0,302.0
787,59785,707.0,302.0
788,59649,17.0,145.0
789,58813,11.0,143.0
790,58687,90.0,131.0
791,58597,36.0,259.0
792,58438,13.0,185.0
793,58195,78.0,165.0
794,58109,41.0,182.0
795,58046,1533.0,163.0
796,57871,545.0,117.0
797,57837,8.0,185.0
798,57807,53.0,457.0
799,57704,52.0,457.0
800,57591,74.0,198.0
801,57571,34.0,198.0
802,57453,9.0,139.0
803,57319,47.0,120.0
804,57197,71.0,177.0
805,57183,12.0,192.0
806,57160,12.0,192.0
807,57042,3463.0,306.0
808,56779,77.0,215.0
809,56650,230.0,121.0
810,56477,81.0,134.0
811,55881,234.0,233.0
812,55857,720.0,209.0
813,55514,287.0,275.0
814,55369,256.0,195.0
815,55292,3579.0,188.0
816,55278,636.0,181.0
817,55218,588.0,169.0
818,55170,3247.0,137.0
819,55031,24846.0,214.0
820,54798,2166.0,166.0
821,54676,672.0,270.0
822,54676,31106.0,195.0
823,54633,1026.0,210.0
824,54547,6004.0,180.0
825,54387,1435.0,207.0
826,54380,533.0,124.0
827,54375,23953.0,128.0
828,54258,64.0,127.0
829,54175,256.0,135.0
830,54104,105.0,185.0
831,54009,212.0,144.0
832,53993,1.0,219.0
833,53562,17.0,127.0
834,53472,320.0,131.0
835,53445,112.0,185.0
836,53391,1528.0,144.0
837,53390,405.0,159.0
838,53293,3376.0,494.0
839,53105,12529.0,377.0
840,52739,25.0,137.0
841,52619,1667.0,149.0
842,52587,17.0,139.0
843,51975,31.0,120.0
844,51860,322.0,234.0
845,51751,488.0,124.0
846,51640,222.0,214.0
847,51595,8.0,120.0
848,51540,44.0,123.0
849,51123,132.0,148.0
850,51107,5565.0,148.0
851,51072,7586.0,415.0
852,50951,2.0,175.0
853,50923,1178.0,116.0
854,50907,3131.0,494.0
855,50874,54.0,131.0
856,50741,123.0,189.0
857,50473,668.0,213.0
858,50363,13.0,125.0
859,50329,541.0,212.0
860,50287,2.0,122.0
861,49563,2.0,111.0
862,49515,60502.0,142.0
863,49253,105.0,179.0
864,49241,830.0,120.0
865,49202,374.0,156.0
866,49201,37.0,156.0
867,49185,121.0,167.0
868,49116,69.0,172.0
869,49108,485.0,124.0
870,48839,239.0,181.0
871,48731,1741.0,113.0
872,48570,318.0,337.0
873,48564,642.0,186.0
874,48467,24.0,252.0
875,48201,9.0,167.0
876,47984,177.0,141.0
877,47830,11577.0,143.0
878,47496,1168.0,356.0
879,47366,13.0,123.0
880,47332,56.0,119.0
881,47277,124.0,132.0
882,47205,245.0,118.0
883,47108,315.0,190.0
884,47053,198.0,198.0
885,46371,112.0,139.0
886,46345,733.0,129.0
887,46304,53.0,137.0
888,46100,30.0,267.0
889,46060,9.0,113.0
890,46015,210.0,116.0
891,45893,1539.0,178.0
892,45834,1409.0,143.0
893,45788,77.0,113.0
894,45692,542.0,143.0
895,45650,199.0,143.0
896,45267,3563.0,200.0
897,45230,27.0,153.0
898,45112,92.0,172.0
899,45063,390.0,165.0
900,44714,3308.0,119.0
901,44689,2.0,121.0
902,44645,20.0,212.0
903,44630,274.0,173.0
904,44550,40.0,118.0
905,44535,9.0,183.0
906,44478,1.0,115.0
907,44467,185.0,179.0
908,44301,8560.0,123.0
909,44180,9.0,146.0
910,44103,526.0,194.0
911,44096,3853.0,121.0
912,44092,50.0,232.0
913,44047,10972.0,186.0
914,43988,1777.0,428.0
915,43912,2742.0,118.0
916,43884,165.0,155.0
917,43859,3125.0,139.0
918,43749,1303.0,233.0
919,43354,28.0,123.0
920,43187,132.0,172.0
921,43174,0.0,195.0
922,43149,22.0,117.0
923,43149,19.0,117.0
924,43116,21.0,131.0
925,43003,13.0,131.0
926,42991,137.0,122.0
927,42921,110.0,149.0
928,42920,22.0,143.0
929,42831,0.0,125.0
930,42821,96.0,144.0
931,42806,60.0,123.0
932,42792,61.0,123.0
933,42737,103.0,180.0
934,42687,78.0,108.0
935,42687,615.0,118.0
936,42616,80.0,115.0
937,42399,87.0,131.0
938,42362,1107.0,415.0
939,42246,66.0,130.0
940,42231,2074.0,155.0
941,42206,7.0,181.0
942,42108,15.0,197.0
943,42077,66.0,120.0
944,41875,1.0,180.0
945,41707,247.0,123.0
946,41680,784.0,191.0
947,41680,1274.0,191.0
948,41469,1402.0,164.0
949,41439,382.0,141.0
950,41411,69.0,111.0
951,41404,192.0,96.0
952,41402,54.0,111.0
953,41294,245.0,166.0
954,41238,419.0,557.0
955,41222,905.0,134.0
956,40557,83.0,139.0
957,40501,9.0,142.0
958,40329,24.0,123.0
959,40326,175.0,145.0
960,40226,30.0,166.0
961,40216,3740.0,227.0
962,39657,35.0,96.0
963,39501,38.0,250.0
964,39323,71.0,123.0
965,39212,1155.0,175.0
966,39077,29.0,123.0
967,39037,272.0,187.0
968,38994,306.0,143.0
969,38980,62.0,191.0
970,38956,72.0,129.0
971,38900,26511.0,137.0
972,38807,61.0,122.0
973,38661,2417.0,476.0
974,38621,42.0,182.0
975,38606,22.0,126.0
976,38442,3465.0,119.0
977,38427,1887.0,226.0
978,38253,1297.0,146.0
979,38189,1324.0,233.0
980,37899,2.0,124.0
981,37897,525.0,133.0
982,37838,11.0,93.0
983,37783,619.0,198.0
984,37630,407.0,180.0
985,37593,116.0,149.0
986,37469,3004.0,235.0
987,37152,2307.0,317.0
988,36898,39.0,199.0
989,36879,48.0,157.0
990,36783,101.0,125.0
991,36755,3263.0,494.0
992,36697,15.0,109.0
993,36647,20.0,245.0
994,36589,146.0,190.0
995,36557,88.0,223.0
996,36516,46.0,192.0
997,36426,1051.0,183.0
998,36391,137.0,250.0
999,36288,111.0,201.0
1000,36191,92.0,225.0
1001,36114,61.0,117.0
1002,36060,799.0,301.0
1003,35814,0.0,118.0
1004,35796,2394.0,264.0
1005,35750,396.0,122.0
1006,35633,190.0,173.0
1007,35631,997.0,174.0
1008,35581,53.0,187.0
1009,35581,502.0,187.0
1010,35540,25.0,194.0
1011,35519,12095.0,213.0
1012,35504,2414.0,264.0
1013,35474,109.0,189.0
1014,35453,1227.0,148.0
1015,35445,2062.0,206.0
1016,35445,99.0,221.0
1017,35352,260.0,119.0
1018,35333,47.0,204.0
1019,35330,73.0,120.0
1020,35110,11.0,201.0
1021,35089,147.0,335.0
1022,35030,178.0,204.0
1023,35012,950.0,237.0
1024,34848,37.0,263.0
1025,34847,1658.0,193.0
1026,34812,60.0,200.0
1027,34802,470.0,168.0
1028,34651,30.0,112.0
1029,34650,2.0,171.0
1030,34627,16.0,192.0
1031,34582,121.0,236.0
1032,34527,63.0,132.0
1033,34488,141.0,261.0
1034,34467,0.0,184.0
1035,34465,7381.0,151.0
1036,34456,844.0,126.0
1037,34453,1.0,131.0
1038,34453,10.0,160.0
1039,34434,85.0,233.0
1040,34403,297.0,132.0
1041,34365,118.0,124.0
1042,34363,1149.0,387.0
1043,34340,154.0,130.0
1044,34314,25.0,187.0
1045,34289,2257.0,271.0
1046,34009,73.0,141.0
1047,33999,84.0,141.0
1048,33967,192.0,190.0
1049,33948,3004.0,128.0
1050,33944,134.0,132.0
1051,33923,306.0,153.0
1052,33920,7.0,199.0
1053,33900,1354.0,228.0
1054,33833,79.0,141.0
1055,33791,30.0,117.0
1056,33546,598.0,166.0
1057,33470,647.0,164.0
1058,33385,13716.0,216.0
1059,33193,135.0,235.0
1060,33114,282.0,715.0
1061,33051,37081.0,235.0
1062,33017,63.0,153.0
1063,33016,387.0,153.0
1064,33013,138.0,153.0
1065,32737,52.0,153.0
1066,32737,194.0,153.0
1067,32636,470.0,235.0
1068,32601,52.0,235.0
1069,32552,89.0,110.0
1070,32497,102.0,215.0
1071,32425,122.0,196.0
1072,32397,2645.0,317.0
1073,32388,15.0,201.0
1074,32275,2656.0,317.0
1075,32181,1266.0,235.0
1076,32152,49.0,209.0
1077,32147,374.0,212.0
1078,32078,78.0,141.0
1079,32066,31.0,141.0
1080,32019,96.0,189.0
1081,31932,124.0,208.0
1082,31579,62.0,130.0
1083,31526,6291.0,120.0
1084,31510,824.0,141.0
1085,31487,1326.0,130.0
1086,31478,72.0,138.0
1087,31451,133.0,189.0
1088,31446,3.0,171.0
1089,31426,1.0,189.0
1090,31417,1454.0,138.0
1091,31401,0.0,215.0
1092,31344,4.0,202.0
1093,31239,177.0,122.0
1094,31154,407.0,128.0
1095,31108,287.0,126.0
1096,31046,0.0,177.0
1097,31044,1.0,170.0
1098,31031,1.0,159.0
1099,31020,49.0,202.0
1100,30878,185.0,138.0
1101,30762,457.0,246.0
1102,30740,157.0,137.0
1103,30738,21.0,137.0
1104,30737,25.0,137.0
1105,30736,6.0,137.0
1106,30735,16.0,137.0
1107,30734,45.0,137.0
1108,30705,6772.0,207.0
1109,30240,4250.0,139.0
1110,30212,2048.0,136.0
1111,29796,63.0,119.0
1112,29738,59.0,121.0
1113,29644,31.0,212.0
1114,29607,44.0,121.0
1115,29600,18.0,121.0
1116,29579,129.0,155.0
1117,29536,36.0,128.0
1118,29389,146.0,210.0
1119,29360,1652.0,188.0
1120,29297,15.0,147.0
1121,29278,611.0,302.0
1122,29221,13.0,162.0
1123,29094,231.0,176.0
1124,28941,1.0,112.0
1125,28929,1233.0,129.0
1126,28800,36.0,291.0
1127,28800,32.0,291.0
1128,28800,36.0,291.0
1129,28800,36.0,291.0
1130,28800,4002.0,139.0
1131,28800,23.0,128.0
1132,28799,28.0,129.0
1133,28799,1214.0,169.0
1134,28795,37.0,291.0
1135,28781,11.0,152.0
1136,28776,455.0,114.0
1137,28740,621.0,188.0
1138,28724,97.0,137.0
1139,28720,60.0,178.0
1140,28716,70.0,289.0
1141,28644,3260.0,184.0
1142,28578,707.0,145.0
1143,28560,61.0,184.0
1144,28511,46.0,118.0
1145,28496,114.0,194.0
1146,28070,535.0,189.0
1147,28033,228.0,129.0
1148,28022,9.0,134.0
1149,27973,678.0,149.0
1150,27827,462.0,142.0
1151,27790,111.0,176.0
1152,27766,48.0,176.0
1153,27766,257.0,191.0
1154,27693,131.0,122.0
1155,27690,672.0,181.0
1156,27668,1477.0,156.0
1157,27638,13.0,176.0
1158,27638,9.0,176.0
1159,27569,96.0,191.0
1160,27502,3.0,182.0
1161,27474,70.0,121.0
1162,27366,169.0,213.0
1163,27357,75.0,262.0
1164,27294,203.0,189.0
1165,27201,1082.0,238.0
1166,27190,8.0,193.0
1167,27187,5.0,121.0
1168,27121,246.0,106.0
1169,27097,28008.0,150.0
1170,27090,3029.0,125.0
1171,27016,27330.0,228.0
1172,26987,34.0,146.0
1173,26943,54.0,157.0
1174,26901,73.0,186.0
1175,26899,61.0,482.0
1176,26899,47.0,482.0
1177,26898,1684.0,226.0
1178,26885,811.0,226.0
1179,26859,260.0,239.0
1180,26837,369.0,239.0
1181,26827,490.0,168.0
1182,26795,88.0,201.0
1183,26785,2.0,125.0
1184,26763,85.0,119.0
1185,26750,1880.0,228.0
1186,26645,437.0,131.0
1187,26568,348.0,202.0
1188,26496,23.0,122.0
1189,26412,16.0,122.0
1190,26365,3257.0,117.0
1191,26344,47.0,168.0
1192,26234,119.0,121.0
1193,26223,866.0,132.0
1194,26161,72.0,132.0
1195,26158,81.0,145.0
1196,26158,4626.0,225.0
1197,26157,10.0,193.0
1198,26151,4074.0,153.0
1199,26116,442.0,122.0
1200,25998,53.0,120.0
1201,25972,205.0,217.0
1202,25945,19.0,132.0
1203,25908,15.0,123.0
1204,25880,28.0,126.0
1205,25868,28.0,421.0
1206,25822,4388.0,181.0
1207,25696,38.0,177.0
1208,25579,15415.0,142.0
1209,25527,5.0,134.0
1210,25510,110.0,129.0
1211,25221,501.0,120.0
1212,25172,159.0,131.0
1213,25126,27.0,171.0
1214,25096,304.0,149.0
1215,25015,7240.0,185.0
1216,24992,4689.0,171.0
1217,24975,1.0,180.0
1218,24876,24.0,181.0
1219,24525,23.0,133.0
1220,24428,51.0,119.0
1221,24413,721.0,130.0
1222,24411,6029.0,146.0
1223,24391,406.0,189.0
1224,24361,5.0,131.0
1225,24291,169.0,131.0
1226,24192,84.0,201.0
1227,24161,883.0,142.0
1228,24135,344.0,129.0
1229,23976,241.0,131.0
1230,23971,34.0,191.0
1231,23960,869.0,191.0
1232,23903,119.0,189.0
1233,23895,294.0,227.0
1234,23847,1165.0,148.0
1235,23846,360.0,148.0
1236,23749,3913.0,132.0
1237,23697,58.0,1025.0
1238,23680,123.0,189.0
1239,23666,0.0,157.0
1240,23601,49.0,195.0
1241,23601,72.0,195.0
1242,23601,94.0,104.0
1243,23572,102.0,189.0
1244,23447,176.0,161.0
1245,23391,1062.0,207.0
1246,23343,7748.0,123.0
1247,23319,304.0,128.0
1248,23290,9417.0,223.0
1249,23218,28.0,155.0
1250,23191,2301.0,189.0
1251,23149,34.0,184.0
1252,23064,19.0,236.0
1253,23063,1748.0,188.0
1254,23044,58.0,238.0
1255,23028,195.0,194.0
1256,23016,214.0,207.0
1257,22964,3.0,223.0
1258,22956,9.0,193.0
1259,22953,9.0,193.0
1260,22942,90.0,119.0
1261,22883,906.0,151.0
1262,22691,126.0,189.0
1263,22666,1297.0,163.0
1264,22658,875.0,166.0
1265,22643,480.0,195.0
1266,22604,100.0,127.0
1267,22560,565.0,199.0
1268,22519,177.0,106.0
1269,22459,762.0,174.0
1270,22459,245.0,167.0
1271,22424,57.0,148.0
1272,22411,21806.0,135.0
1273,22409,45.0,239.0
1274,22323,452.0,146.0
1275,22307,262.0,137.0
1276,22240,6008.0,152.0
1277,22199,123.0,174.0
1278,22162,1095.0,124.0
1279,22113,34.0,187.0
1280,22102,14197.0,297.0
1281,22011,5109.0,146.0
1282,22010,811.0,180.0
1283,21992,74.0,121.0
1284,21972,410.0,163.0
1285,21948,438.0,145.0
1286,21939,5338.0,191.0
1287,21924,9.0,122.0
1288,21898,34.0,125.0
1289,21809,44.0,176.0
1290,21661,152.0,136.0
1291,21599,45.0,149.0
1292,21594,223.0,202.0
1293,21581,379.0,126.0
1294,21556,1145.0,100.0
1295,21530,42.0,305.0
1296,21521,755.0,103.0
1297,21505,30.0,216.0
1298,21476,944.0,219.0
1299,21433,244.0,132.0
1300,21423,6319.0,185.0
1301,21401,39.0,143.0
1302,21352,198.0,110.0
1303,21325,56.0,119.0
1304,21318,169.0,205.0
1305,21280,2.0,120.0
1306,21263,115.0,210.0
1307,21192,617.0,238.0
1308,21153,921.0,185.0
1309,21146,4723.0,185.0
1310,21101,124.0,122.0
1311,21099,1456.0,181.0
1312,21048,1028.0,132.0
1313,21003,34.0,196.0
1314,20964,11.0,176.0
1315,20963,11.0,149.0
1316,20949,5.0,187.0
1317,20894,129.0,104.0
1318,20848,606.0,191.0
1319,20846,974.0,132.0
1320,20844,6.0,125.0
1321,20840,42.0,191.0
1322,20840,735.0,191.0
1323,20819,2367.0,464.0
1324,20692,157.0,194.0
1325,20584,20.0,224.0
1326,20569,93.0,172.0
1327,20483,1132.0,185.0
1328,20434,27.0,172.0
1329,20206,49.0,191.0
1330,20147,31.0,176.0
1331,20146,106.0,176.0
1332,20131,123.0,115.0
1333,20118,7939.0,177.0
1334,20117,88.0,115.0
1335,20035,632.0,184.0
1336,20025,552.0,127.0
1337,20018,695.0,102.0
1338,20011,1057.0,180.0
1339,19992,99.0,133.0
1340,19992,69.0,157.0
1341,19987,25.0,180.0
1342,19688,3318.0,185.0
1343,19633,378.0,176.0
1344,19625,1520.0,149.0
1345,19559,155.0,204.0
1346,19457,23.0,114.0
1347,19412,54.0,199.0
1348,19334,3.0,189.0
1349,19320,410.0,226.0
1350,19289,99634.0,494.0
1351,19256,30.0,228.0
1352,19243,5.0,118.0
1353,19173,28.0,118.0
1354,19122,29.0,127.0
1355,19095,188.0,119.0
1356,19043,17.0,208.0
1357,19018,15.0,208.0
1358,19007,89.0,152.0
1359,18987,17.0,141.0
1360,18932,144.0,123.0
1361,18925,4414.0,123.0
1362,18904,207.0,180.0
1363,18902,199.0,167.0
1364,18876,11277.0,230.0
1365,18780,2610.0,130.0
1366,18780,4349.0,185.0
1367,18777,339.0,129.0
1368,18770,1563.0,237.0
1369,18753,116.0,212.0
1370,18748,187.0,212.0
1371,18748,189.0,212.0
1372,18746,123.0,212.0
1373,18688,12871.0,124.0
1374,18682,54.0,150.0
1375,18603,740.0,153.0
1376,18601,245.0,185.0
1377,18578,12.0,117.0
1378,18537,342.0,153.0
1379,18485,17059.0,673.0
1380,18479,17754.0,216.0
1381,18394,1035.0,248.0
1382,18372,5675.0,174.0
1383,18334,1585.0,143.0
1384,18277,91.0,224.0
1385,18249,274.0,156.0
1386,18218,328.0,238.0
1387,18158,636.0,156.0
1388,18142,29.0,177.0
1389,18140,73.0,122.0
1390,18087,10.0,219.0
1391,18087,11.0,219.0
1392,18082,2.0,123.0
1393,18070,11.0,160.0
1394,17987,22.0,128.0
1395,17984,301.0,182.0
1396,17981,28.0,245.0
1397,17951,14.0,131.0
1398,17947,385.0,570.0
1399,17905,14.0,162.0
1400,17893,26.0,126.0
1401,17846,143.0,199.0
1402,17841,4634.0,204.0
1403,17682,301.0,149.0
1404,17663,47.0,149.0
1405,17619,17.0,149.0
1406,17557,469.0,188.0
1407,17543,157.0,189.0
1408,17534,654.0,150.0
1409,17512,3671.0,165.0
1410,17499,99.0,122.0
1411,17486,1769.0,235.0
1412,17472,8772.0,127.0
1413,17445,9237.0,172.0
1414,17428,175741.0,124.0
1415,17421,64.0,170.0
1416,17408,15.0,142.0
1417,17399,1852.0,137.0
1418,17386,201.0,128.0
1419,17375,487.0,181.0
1420,17340,796.0,151.0
1421,17309,40.0,103.0
1422,17306,1668.0,146.0
1423,17292,1.0,138.0
1424,17280,63.0,101.0
1425,17280,0.0,115.0
1426,17280,3.0,109.0
1427,17280,410.0,201.0
1428,17280,18.0,175.0
1429,17280,1179.0,113.0
1430,17280,17.0,136.0
1431,17280,4.0,105.0
1432,17280,54.0,137.0
1433,17280,516.0,268.0
1434,17280,62.0,201.0
1435,17280,54.0,137.0
1436,17280,5.0,156.0
1437,17280,56.0,137.0
1438,17280,0.0,105.0
1439,17280,60.0,137.0
1440,17280,6.0,126.0
1441,17280,35.0,169.0
1442,17280,81.0,193.0
1443,17280,0.0,115.0
1444,17280,14.0,115.0
1445,17280,0.0,128.0
1446,17280,1179.0,129.0
1447,17280,520.0,268.0
1448,17280,52.0,179.0
1449,17280,468.0,236.0
1450,17280,875.0,236.0
1451,17280,459.0,162.0
1452,17280,1040.0,129.0
1453,17280,20.0,180.0
1454,17280,20.0,135.0
1455,17280,16.0,208.0
1456,17280,23.0,246.0
1457,17280,0.0,135.0
1458,17280,1180.0,129.0
1459,17279,102.0,197.0
1460,17278,16.0,193.0
1461,17278,38.0,291.0
1462,17277,458.0,229.0
1463,17276,6.0,114.0
1464,17274,21.0,156.0
1465,17273,318.0,201.0
1466,17272,56.0,218.0
1467,17266,43.0,1117.0
1468,17266,0.0,118.0
1469,17266,250.0,188.0
1470,17265,105.0,175.0
1471,17265,419.0,126.0
1472,17262,84.0,191.0
1473,17261,20.0,172.0
1474,17255,215.0,137.0
1475,17248,1.0,123.0
1476,17248,23.0,123.0
1477,17246,0.0,119.0
1478,17243,715.0,191.0
1479,17242,844.0,132.0
1480,17241,60.0,185.0
1481,17240,2.0,123.0
1482,17239,883.0,229.0
1483,17239,55.0,132.0
1484,17237,5.0,113.0
1485,17237,0.0,114.0
1486,17236,358.0,264.0
1487,17235,706.0,261.0
1488,17233,11.0,111.0
1489,17229,7.0,142.0
1490,17228,10.0,147.0
1491,17224,1047.0,180.0
1492,17224,1044.0,183.0
1493,17222,75.0,171.0
1494,17219,76.0,184.0
1495,17218,2.0,126.0
1496,17216,599.0,883.0
1497,17215,909.0,201.0
1498,17215,33.0,208.0
1499,17211,335.0,120.0
1500,17211,169.0,120.0
1501,17211,63.0,189.0
1502,17211,167.0,120.0
1503,17210,168.0,120.0
1504,17209,9083.0,133.0
1505,17203,515.0,170.0
1506,17193,259.0,189.0
1507,17190,596.0,128.0
1508,17190,46.0,120.0
1509,17189,138.0,156.0
1510,17189,137.0,156.0
1511,17189,137.0,156.0
1512,17189,29.0,120.0
1513,17188,137.0,156.0
1514,17188,138.0,156.0
1515,17188,137.0,156.0
1516,17187,2202.0,204.0
1517,17177,25.0,143.0
1518,17170,99.0,120.0
1519,17169,8.0,128.0
1520,17151,50.0,120.0
1521,17149,109.0,149.0
1522,17149,12.0,134.0
1523,17146,80.0,108.0
1524,17136,1370.0,271.0
1525,17136,2086.0,271.0
1526,17134,16.0,189.0
1527,17129,946.0,185.0
1528,17122,21.0,413.0
1529,17118,101.0,144.0
1530,17114,103.0,180.0
1531,17090,10.0,119.0
1532,17082,159.0,210.0
1533,17051,618.0,190.0
1534,17050,57268.0,566.0
1535,17046,136.0,208.0
1536,17030,851.0,143.0
1537,17014,20.0,353.0
1538,17008,81.0,115.0
1539,17003,30011.0,259.0
1540,16992,132.0,117.0
1541,16988,486.0,131.0
1542,16982,16.0,127.0
1543,16981,74.0,201.0
1544,16931,8.0,139.0
1545,16926,478.0,228.0
1546,16881,105.0,167.0
1547,16874,83.0,192.0
1548,16836,103.0,167.0
1549,16825,21.0,245.0
1550,16824,11590.0,177.0
1551,16806,64.0,184.0
1552,16800,120.0,128.0
1553,16762,110989.0,244.0
1554,16729,13.0,195.0
1555,16694,23.0,125.0
1556,16684,15073.0,125.0
1557,16664,1917.0,165.0
1558,16633,159.0,152.0
1559,16619,1699.0,464.0
1560,16617,15.0,141.0
1561,16587,9368.0,102.0
1562,16587,332.0,185.0
1563,16579,1349.0,209.0
1564,16579,2182.0,209.0
1565,16553,39.0,132.0
1566,16469,72.0,115.0
1567,16455,2849.0,173.0
1568,16398,21658.0,198.0
1569,16358,36.0,137.0
1570,16206,737.0,142.0
1571,16206,16.0,242.0
1572,16193,38.0,212.0
1573,16131,5289.0,119.0
1574,16128,3.0,141.0
1575,16126,2164.0,125.0
1576,16118,1750.0,227.0
1577,16101,1671.0,132.0
1578,16097,239.0,191.0
1579,16080,5303.0,119.0
1580,16073,222.0,180.0
1581,16020,8507.0,128.0
1582,15990,1538.0,130.0
1583,15914,243.0,163.0
1584,15884,57.0,106.0
1585,15871,1.0,137.0
1586,15844,50.0,173.0
1587,15838,1698.0,476.0
1588,15829,18.0,184.0
1589,15775,14.0,182.0
1590,15766,141.0,129.0
1591,15724,56.0,195.0
1592,15714,297.0,190.0
1593,15688,35.0,191.0
1594,15651,30.0,245.0
1595,15621,156.0,159.0
1596,15584,310.0,163.0
1597,15560,35.0,135.0
1598,15549,925.0,144.0
1599,15537,23.0,117.0
1600,15525,56.0,332.0
1601,15446,52.0,219.0
1602,15446,177.0,187.0
1603,15424,6.0,119.0
1604,15401,28.0,143.0
1605,15390,399.0,132.0
1606,15377,19.0,195.0
1607,15363,48.0,185.0
1608,15301,32.0,130.0
1609,15200,1165.0,169.0
1610,15198,2949.0,237.0
1611,15196,2888.0,237.0
1612,15175,89872.0,200.0
1613,15154,636.0,133.0
1614,15041,89.0,181.0
1615,14981,11954.0,105.0
1616,14963,69.0,125.0
1617,14951,878.0,173.0
1618,14904,198.0,127.0
1619,14903,85.0,210.0
1620,14896,6713.0,149.0
1621,14839,7.0,182.0
1622,14839,0.0,182.0
1623,14764,186.0,226.0
1624,14721,8820.0,174.0
1625,14719,46.0,153.0
1626,14654,536.0,167.0
1627,14600,104.0,200.0
1628,14554,244.0,120.0
1629,14547,120.0,178.0
1630,14527,91.0,306.0
1631,14517,136.0,184.0
1632,14497,23782.0,195.0
1633,14496,21.0,353.0
1634,14460,24128.0,225.0
1635,14400,4.0,110.0
1636,14400,9.0,166.0
1637,14400,176.0,153.0
1638,14400,1330.0,182.0
1639,14400,1221.0,174.0
1640,14399,135.0,153.0
1641,14376,3.0,129.0
1642,14371,3804.0,185.0
1643,14367,181.0,185.0
1644,14340,8853.0,157.0
1645,14338,285.0,196.0
1646,14325,223.0,197.0
1647,14293,8128.0,157.0
1648,14274,8231.0,156.0
1649,14228,2103.0,205.0
1650,14161,48.0,174.0
1651,14161,262.0,156.0
1652,14133,4.0,223.0
1653,14122,644.0,131.0
1654,14106,768.0,262.0
1655,14086,4627.0,257.0
1656,14079,337.0,216.0
1657,14062,1227.0,150.0
1658,13978,29843.0,204.0
1659,13954,242.0,156.0
1660,13941,15.0,135.0
1661,13915,236.0,110.0
1662,13911,39.0,128.0
1663,13904,283.0,227.0
1664,13901,68.0,113.0
1665,13868,311.0,178.0
1666,13814,10.0,136.0
1667,13787,121.0,282.0
1668,13724,5258.0,195.0
1669,13715,11.0,134.0
1670,13698,309.0,182.0
1671,13696,53.0,116.0
1672,13680,246.0,201.0
1673,13640,37281.0,189.0
1674,13637,99282.0,161.0
1675,13606,35.0,119.0
1676,13597,34805.0,189.0
1677,13576,4157.0,127.0
1678,13544,9.0,209.0
1679,13541,142.0,138.0
1680,13499,22.0,197.0
1681,13442,564.0,226.0
1682,13423,70.0,226.0
1683,13408,131.0,178.0
1684,13401,157.0,117.0
1685,13394,151.0,117.0
1686,13382,41.0,190.0
1687,13378,1038.0,173.0
1688,13317,67.0,210.0
1689,13306,75.0,191.0
1690,13297,53.0,137.0
1691,13245,14.0,245.0
1692,13200,7.0,109.0
1693,13166,512.0,194.0
1694,13142,14.0,123.0
1695,13133,13.0,123.0
1696,13087,152.0,180.0
1697,13086,591.0,213.0
1698,13059,1601.0,136.0
1699,13057,0.0,196.0
1700,13055,2209.0,451.0
1701,13039,609.0,350.0
1702,13039,43.0,137.0
1703,13024,3.0,122.0
1704,12990,200.0,212.0
1705,12990,928.0,232.0
1706,12968,82.0,184.0
1707,12965,327.0,317.0
1708,12825,1.0,187.0
1709,12816,2153.0,192.0
1710,12806,218.0,221.0
1711,12806,67.0,221.0
1712,12798,14.0,115.0
1713,12789,29.0,152.0
1714,12781,187.0,200.0
1715,12753,98.0,163.0
1716,12704,37.0,133.0
1717,12666,25.0,153.0
1718,12644,15.0,100.0
1719,12644,12.0,102.0
1720,12625,11.0,99.0
1721,12621,924.0,139.0
1722,12609,13.0,111.0
1723,12609,8.0,101.0
1724,12605,14.0,214.0
1725,12581,2945.0,266.0
1726,12574,26.0,124.0
1727,12560,1450.0,201.0
1728,12531,8.0,123.0
1729,12488,342.0,249.0
1730,12486,747.0,447.0
1731,12468,1.0,133.0
1732,12452,7884.0,131.0
1733,12418,39.0,423.0
1734,12407,421.0,134.0
1735,12406,6919.0,177.0
1736,12352,112.0,125.0
1737,12345,10.0,182.0
1738,12300,71.0,117.0
1739,12295,4280.0,177.0
1740,12293,1053.0,167.0
1741,12292,7.0,121.0
1742,12262,172.0,112.0
1743,12261,19163.0,210.0
1744,12254,1.0,203.0
1745,12197,100.0,178.0
1746,12161,149.0,186.0
1747,12149,170.0,149.0
1748,12147,45.0,124.0
1749,12096,128.0,201.0
1750,12076,23149.0,415.0
1751,12043,0.0,194.0
1752,12025,156.0,201.0
1753,12009,668.0,129.0
1754,12007,1412.0,195.0
1755,12000,114.0,131.0
1756,11983,229.0,131.0
1757,11964,350.0,188.0
1758,11944,5.0,184.0
1759,11917,250.0,129.0
1760,11901,181.0,166.0
1761,11852,1167.0,213.0
1762,11828,116.0,220.0
1763,11765,108.0,201.0
1764,11744,0.0,130.0
1765,11694,89.0,132.0
1766,11678,1260.0,151.0
1767,11654,459.0,189.0
1768,11648,684.0,104.0
1769,11641,1.0,185.0
1770,11627,173.0,223.0
1771,11626,135.0,176.0
1772,11607,210.0,228.0
1773,11602,24.0,136.0
1774,11598,7429.0,317.0
1775,11585,152.0,122.0
1776,11572,240.0,137.0
1777,11560,10974.0,177.0
1778,11534,0.0,209.0
1779,11533,1895.0,348.0
1780,11525,1.0,112.0
1781,11524,0.0,118.0
1782,11521,123.0,124.0
1783,11521,685.0,352.0
1784,11520,3.0,144.0
1785,11509,12.0,126.0
1786,11499,1.0,196.0
1787,11498,50.0,216.0
1788,11498,33.0,161.0
1789,11496,18.0,122.0
1790,11495,19.0,122.0
1791,11495,1.0,98.0
1792,11494,5.0,148.0
1793,11492,1.0,108.0
1794,11491,731.0,226.0
1795,11490,319.0,175.0
1796,11487,11.0,168.0
1797,11486,1.0,106.0
1798,11483,0.0,166.0
1799,11483,146.0,127.0
1800,11482,93.0,203.0
1801,11482,4.0,93.0
1802,11482,2.0,95.0
1803,11481,11.0,125.0
1804,11480,65.0,188.0
1805,11480,86.0,144.0
1806,11479,1.0,184.0
1807,11479,0.0,180.0
1808,11477,133.0,221.0
1809,11476,0.0,185.0
1810,11473,0.0,112.0
1811,11472,36.0,159.0
1812,11472,1.0,154.0
1813,11471,38.0,145.0
1814,11469,0.0,119.0
1815,11468,2.0,179.0
1816,11468,6.0,199.0
1817,11464,0.0,135.0
1818,11463,147.0,195.0
1819,11463,91.0,217.0
1820,11463,84.0,217.0
1821,11462,344.0,104.0
1822,11460,39.0,122.0
1823,11460,37.0,122.0
1824,11459,7339.0,215.0
1825,11457,0.0,115.0
1826,11457,3.0,131.0
1827,11456,2.0,96.0
1828,11449,0.0,191.0
1829,11443,408.0,155.0
1830,11442,107570.0,653.0
1831,11439,0.0,208.0
1832,11420,159.0,125.0
1833,11396,45.0,147.0
1834,11354,121.0,117.0
1835,11231,0.0,159.0
1836,11217,64.0,131.0
1837,11215,234.0,240.0
1838,11184,4851.0,374.0
1839,11176,18.0,131.0
1840,11172,271.0,143.0
1841,11154,115.0,138.0
1842,11151,59.0,118.0
1843,11146,5.0,137.0
1844,11066,16.0,129.0
1845,11066,304.0,245.0
1846,11066,312.0,245.0
1847,11064,6299.0,119.0
1848,11028,41.0,119.0
1849,11027,1462.0,329.0
1850,11025,57731.0,195.0
1851,11021,1516.0,329.0
1852,11009,1256.0,132.0
1853,11009,178.0,152.0
1854,10998,5635.0,382.0
1855,10995,49.0,121.0
1856,10992,500.0,128.0
1857,10961,104.0,132.0
1858,10953,143.0,115.0
1859,10939,328.0,198.0
1860,10926,23.0,121.0
1861,10903,1951.0,92.0
1862,10901,1634.0,190.0
1863,10869,394.0,171.0
1864,10831,22.0,129.0
1865,10796,25.0,203.0
1866,10793,295.0,122.0
1867,10744,53.0,184.0
1868,10741,36.0,149.0
1869,10719,2316.0,157.0
1870,10694,11.0,192.0
1871,10693,11.0,192.0
1872,10667,111.0,194.0
1873,10563,680.0,106.0
1874,10540,104.0,275.0
1875,10524,5.0,160.0
1876,10501,979.0,219.0
1877,10478,515.0,138.0
1878,10473,170.0,124.0
1879,10432,896.0,198.0
1880,10424,0.0,115.0
1881,10380,19.0,176.0
1882,10376,0.0,176.0
1883,10376,27.0,176.0
1884,10374,46.0,176.0
1885,10372,27.0,176.0
1886,10332,42.0,162.0
1887,10310,34.0,162.0
1888,10303,748.0,153.0
1889,10283,10.0,134.0
1890,10241,137.0,210.0
1891,10195,29040.0,194.0
1892,10189,3820.0,122.0
1893,10139,1529.0,157.0
1894,10112,25.0,183.0
1895,10111,3039.0,219.0
1896,10078,26.0,160.0
1897,10077,31669.0,194.0
1898,10070,121.0,194.0
1899,10069,0.0,103.0
1900,10056,70.0,176.0
1901,10050,1101.0,123.0
1902,10029,543.0,136.0
1903,10022,1221.0,151.0
1904,10007,4661.0,225.0
1905,9983,3516.0,121.0
1906,9954,4848.0,223.0
1907,9936,2.0,225.0
1908,9903,153.0,149.0
1909,9868,1.0,133.0
1910,9860,53.0,193.0
1911,9847,653.0,143.0
1912,9828,101.0,196.0
1913,9803,6.0,196.0
1914,9800,889.0,143.0
1915,9787,30.0,167.0
1916,9772,82170.0,248.0
1917,9755,668.0,143.0
1918,9754,554.0,177.0
1919,9754,23.0,143.0
1920,9753,171.0,119.0
1921,9752,195.0,139.0
1922,9743,2262.0,143.0
1923,9732,917.0,143.0
1924,9719,1098.0,187.0
1925,9697,738.0,123.0
1926,9657,638.0,134.0
1927,9631,8.0,332.0
1928,9592,114.0,186.0
1929,9588,346.0,184.0
1930,9587,36.0,177.0
1931,9582,18.0,184.0
1932,9580,35.0,101.0
1933,9574,4341.0,213.0
1934,9572,35060.0,193.0
1935,9570,26.0,159.0
1936,9546,121.0,287.0
1937,9541,214.0,122.0
1938,9524,98.0,161.0
1939,9516,1497.0,128.0
1940,9503,93.0,196.0
1941,9497,139.0,152.0
1942,9491,7585.0,144.0
1943,9484,38.0,199.0
1944,9467,573.0,343.0
1945,9453,445.0,201.0
1946,9435,182.0,149.0
1947,9378,1752.0,117.0
1948,9354,18716.0,268.0
1949,9337,987.0,212.0
1950,9337,94.0,128.0
1951,9333,72.0,109.0
1952,9322,6.0,111.0
1953,9313,17902.0,268.0
1954,9291,777.0,213.0
1955,9289,784.0,213.0
1956,9182,12.0,189.0
1957,9180,12.0,189.0
1958,9176,22.0,185.0
1959,9147,19036.0,225.0
1960,9115,22.0,156.0
1961,9038,26.0,126.0
1962,9032,89.0,123.0
1963,9018,110.0,275.0
1964,8989,85.0,121.0
1965,8985,68.0,111.0
1966,8969,67.0,216.0
1967,8956,84.0,124.0
1968,8955,75126.0,126.0
1969,8936,1088.0,132.0
1970,8932,548.0,174.0
1971,8921,3.0,100.0
1972,8918,8.0,201.0
1973,8916,209.0,200.0
1974,8907,967.0,125.0
1975,8903,34.0,181.0
1976,8903,526.0,193.0
1977,8901,1130.0,170.0
1978,8886,5849.0,140.0
1979,8882,273.0,125.0
1980,8874,31884.0,281.0
1981,8873,46.0,167.0
1982,8864,794.0,140.0
1983,8824,3.0,120.0
1984,8817,331.0,138.0
1985,8809,2167.0,105.0
1986,8809,74.0,200.0
1987,8808,199.0,189.0
1988,8805,17925.0,271.0
1989,8784,103.0,169.0
1990,8781,346.0,192.0
1991,8774,119.0,183.0
1992,8709,41.0,200.0
1993,8704,656.0,169.0
1994,8701,45.0,200.0
1995,8701,45.0,200.0
1996,8700,2605.0,164.0
1997,8684,4213.0,187.0
1998,8679,131.0,142.0
1999,8676,409.0,185.0
2000,8676,92.0,189.0
2001,8671,217.0,123.0
2002,8670,37.0,178.0
2003,8670,75.0,151.0
2004,8670,69.0,151.0
2005,8670,36.0,151.0
2006,8670,35.0,151.0
2007,8665,76.0,191.0
2008,8654,1797.0,182.0
2009,8648,2.0,151.0
2010,8648,3078.0,120.0
2011,8647,277.0,201.0
2012,8641,264.0,132.0
2013,8640,5.0,126.0
2014,8640,7.0,136.0
2015,8640,58.0,193.0
2016,8640,1522.0,181.0
2017,8640,19.0,332.0
2018,8640,80.0,108.0
2019,8640,386.0,184.0
2020,8640,355.0,210.0
2021,8640,17.0,133.0
2022,8640,32.0,166.0
2023,8640,133.0,134.0
2024,8640,37.0,161.0
2025,8640,187.0,163.0
2026,8640,205.0,184.0
2027,8640,31.0,114.0
2028,8640,3.0,111.0
2029,8640,38.0,124.0
2030,8640,197.0,223.0
2031,8640,1.0,192.0
2032,8640,579.0,290.0
2033,8640,966.0,101.0
2034,8640,183.0,223.0
2035,8640,150.0,169.0
2036,8639,79.0,203.0
2037,8639,46.0,123.0
2038,8639,168.0,145.0
2039,8639,537.0,195.0
2040,8639,93.0,105.0
2041,8639,514.0,169.0
2042,8639,101.0,192.0
2043,8639,74.0,186.0
2044,8638,173.0,125.0
2045,8638,309.0,125.0
2046,8637,8.0,464.0
2047,8637,405.0,125.0
2048,8637,654.0,96.0
2049,8637,405.0,125.0
2050,8637,404.0,125.0
2051,8637,407.0,125.0
2052,8637,406.0,125.0
2053,8637,277.0,159.0
2054,8637,1697.0,187.0
2055,8637,326.0,118.0
2056,8637,327.0,118.0
2057,8637,325.0,118.0
2058,8637,174.0,202.0
2059,8637,327.0,118.0
2060,8637,327.0,118.0
2061,8636,413.0,125.0
2062,8636,398.0,125.0
2063,8636,406.0,125.0
2064,8636,80.0,117.0
2065,8635,98.0,137.0
2066,8635,397.0,124.0
2067,8635,556.0,141.0
2068,8635,391.0,124.0
2069,8635,387.0,124.0
2070,8635,384.0,124.0
2071,8634,385.0,124.0
2072,8634,176.0,118.0
2073,8634,559.0,141.0
2074,8634,398.0,124.0
2075,8634,378.0,124.0
2076,8634,20.0,164.0
2077,8633,556.0,141.0
2078,8633,397.0,124.0
2079,8633,236.0,118.0
2080,8633,376.0,124.0
2081,8633,1941.0,193.0
2082,8632,431.0,141.0
2083,8631,444.0,111.0
2084,8631,94.0,168.0
2085,8631,493.0,121.0
2086,8631,48.0,115.0
2087,8630,14.0,293.0
2088,8629,5.0,139.0
2089,8629,112.0,118.0
2090,8629,1050.0,156.0
2091,8627,894.0,135.0
2092,8627,667.0,129.0
2093,8627,95.0,187.0
2094,8627,156.0,141.0
2095,8626,487.0,141.0
2096,8625,32.0,137.0
2097,8624,841.0,129.0
2098,8624,0.0,127.0
2099,8624,621.0,129.0
2100,8624,31.0,142.0
2101,8623,491.0,141.0
2102,8623,494.0,141.0
2103,8623,70.0,95.0
2104,8623,71.0,211.0
2105,8623,700.0,129.0
2106,8623,972.0,216.0
2107,8621,171.0,122.0
2108,8621,693.0,129.0
2109,8621,875.0,129.0
2110,8620,105.0,216.0
2111,8619,433.0,184.0
2112,8619,884.0,129.0
2113,8618,435.0,184.0
2114,8618,879.0,129.0
2115,8618,106.0,180.0
2116,8616,98.0,175.0
2117,8616,382.0,126.0
2118,8614,382.0,187.0
2119,8612,1569.0,147.0
2120,8611,125.0,171.0
2121,8611,103.0,147.0
2122,8610,971.0,189.0
2123,8609,380.0,120.0
2124,8609,578.0,189.0
2125,8609,1816.0,189.0
2126,8608,80.0,234.0
2127,8607,112.0,190.0
2128,8606,270.0,136.0
2129,8606,671.0,189.0
2130,8606,722.0,189.0
2131,8605,80.0,172.0
2132,8604,204.0,126.0
2133,8604,112.0,182.0
2134,8603,71.0,122.0
2135,8603,339.0,168.0
2136,8603,53.0,131.0
2137,8602,184.0,141.0
2138,8602,19.0,122.0
2139,8601,107.0,189.0
2140,8597,102.0,185.0
2141,8594,954.0,189.0
2142,8592,60.0,164.0
2143,8592,110.0,189.0
2144,8590,36.0,155.0
2145,8589,57.0,182.0
2146,8587,124.0,193.0
2147,8586,98.0,108.0
2148,8585,269.0,207.0
2149,8583,263.0,207.0
2150,8573,4.0,117.0
2151,8571,9521.0,413.0
2152,8569,131.0,123.0
2153,8566,1.0,191.0
2154,8566,188.0,191.0
2155,8565,567.0,132.0
2156,8563,28.0,132.0
2157,8563,16.0,353.0
2158,8559,154.0,134.0
2159,8552,30.0,116.0
2160,8545,28.0,103.0
2161,8540,3082.0,147.0
2162,8537,388.0,201.0
2163,8527,4099.0,178.0
2164,8526,9636.0,353.0
2165,8495,18923.0,265.0
2166,8485,26.0,163.0
2167,8474,484.0,126.0
2168,8474,547.0,126.0
2169,8474,485.0,126.0
2170,8474,545.0,126.0
2171,8474,545.0,126.0
2172,8474,483.0,126.0
2173,8451,52857.0,268.0
2174,8446,73.0,186.0
2175,8445,12.0,190.0
2176,8443,12.0,190.0
2177,8442,362.0,126.0
2178,8442,174.0,126.0
2179,8441,1381.0,179.0
2180,8430,60.0,184.0
2181,8428,36.0,134.0
2182,8421,18.0,140.0
2183,8421,52.0,140.0
2184,8421,43.0,140.0
2185,8413,4.0,204.0
2186,8405,497.0,183.0
2187,8405,400.0,201.0
2188,8386,2768.0,238.0
2189,8384,2094.0,114.0
2190,8376,18277.0,268.0
2191,8374,3.0,166.0
2192,8369,984.0,255.0
2193,8346,36.0,125.0
2194,8346,36.0,125.0
2195,8310,243.0,116.0
2196,8307,1179.0,188.0
2197,8286,10406.0,169.0
2198,8281,293.0,163.0
2199,8262,90.0,210.0
2200,8258,125.0,151.0
2201,8247,75.0,159.0
2202,8233,25.0,193.0
2203,8224,2233.0,186.0
2204,8224,244.0,125.0
2205,8211,485.0,145.0
2206,8206,1503.0,187.0
2207,8199,293.0,187.0
2208,8195,1175.0,240.0
2209,8185,111.0,108.0
2210,8121,864.0,120.0
2211,8104,6099.0,114.0
2212,8099,1729.0,208.0
2213,8093,97.0,124.0
2214,8090,47.0,134.0
2215,8088,1198.0,208.0
2216,8077,5125.0,183.0
2217,8059,415.0,194.0
2218,8044,220.0,172.0
2219,8040,36.0,123.0
2220,8032,95.0,143.0
2221,8026,857.0,155.0
2222,8024,252.0,193.0
2223,8011,39.0,152.0
2224,8007,56.0,161.0
2225,8007,193.0,251.0
2226,7998,92.0,145.0
2227,7988,5489.0,299.0
2228,7985,62.0,212.0
2229,7984,381.0,212.0
2230,7982,10450.0,216.0
2231,7979,24.0,118.0
2232,7976,291.0,97.0
2233,7969,438.0,1140.0
2234,7954,3.0,135.0
2235,7947,36.0,136.0
2236,7914,1275.0,213.0
2237,7896,237.0,139.0
2238,7892,1624.0,205.0
2239,7864,3296.0,238.0
2240,7863,16.0,413.0
2241,7862,145.0,175.0
2242,7837,264.0,156.0
2243,7810,12.0,105.0
2244,7809,18448.0,258.0
2245,7804,215.0,123.0
2246,7799,2.0,192.0
2247,7794,28.0,126.0
2248,7792,112.0,140.0
2249,7783,6.0,120.0
2250,7783,49.0,120.0
2251,7779,1887.0,159.0
2252,7758,354.0,168.0
2253,7749,3.0,121.0
2254,7729,78.0,155.0
2255,7728,485.0,197.0
2256,7721,540.0,255.0
2257,7699,170.0,182.0
2258,7683,12289.0,123.0
2259,7680,169.0,179.0
2260,7677,10.0,209.0
2261,7676,54.0,119.0
2262,7676,21.0,187.0
2263,7663,24.0,125.0
2264,7659,14.0,119.0
2265,7652,20.0,353.0
2266,7632,2699.0,298.0
2267,7631,309.0,205.0
2268,7614,508.0,194.0
2269,7567,853.0,254.0
2270,7536,249.0,202.0
2271,7533,56.0,119.0
2272,7523,46.0,217.0
2273,7516,13.0,187.0
2274,7515,196.0,152.0
2275,7511,872.0,218.0
2276,7482,4.0,187.0
2277,7477,6476.0,180.0
2278,7475,92.0,162.0
2279,7473,500.0,294.0
2280,7471,116.0,162.0
2281,7456,1250.0,168.0
2282,7454,459.0,183.0
2283,7446,54.0,150.0
2284,7445,140.0,112.0
2285,7418,11039.0,117.0
2286,7417,14.0,103.0
2287,7410,4.0,116.0
2288,7397,433.0,139.0
2289,7392,32821.0,191.0
2290,7381,214.0,200.0
2291,7380,5771.0,128.0
2292,7376,197.0,158.0
2293,7363,107.0,195.0
2294,7360,706.0,202.0
2295,7355,6.0,126.0
2296,7337,133.0,135.0
2297,7327,7592.0,136.0
2298,7324,20.0,128.0
2299,7324,113.0,128.0
2300,7324,108.0,128.0
2301,7324,20.0,128.0
2302,7323,19.0,128.0
2303,7318,9.0,136.0
2304,7293,55.0,124.0
2305,7292,1970.0,187.0
2306,7288,41.0,150.0
2307,7266,667.0,132.0
2308,7262,286.0,193.0
2309,7248,569.0,353.0
2310,7247,132.0,216.0
2311,7247,422.0,216.0
2312,7242,2125.0,192.0
2313,7238,1169.0,128.0
2314,7228,40.0,109.0
2315,7226,513.0,127.0
2316,7225,226.0,271.0
2317,7224,106.0,191.0
2318,7211,31.0,204.0
2319,7200,177.0,125.0
2320,7200,0.0,128.0
2321,7200,0.0,128.0
2322,7199,0.0,119.0
2323,7199,115.0,205.0
2324,7199,61180.0,177.0
2325,7195,50.0,261.0
2326,7189,8420.0,236.0
2327,7184,15.0,216.0
2328,7161,1.0,675.0
2329,7154,35.0,196.0
2330,7152,2858.0,212.0
2331,7149,632.0,134.0
2332,7148,31727.0,125.0
2333,7148,31727.0,174.0
2334,7148,3992.0,125.0
2335,7148,3992.0,174.0
2336,7146,30820.0,185.0
2337,7144,2.0,126.0
2338,7143,37116.0,167.0
2339,7143,3891.0,167.0
2340,7143,37116.0,121.0
2341,7143,3891.0,121.0
2342,7139,883.0,186.0
2343,7137,521.0,127.0
2344,7137,554.0,133.0
2345,7133,803.0,213.0
2346,7119,1536.0,340.0
2347,7107,8.0,116.0
2348,7105,1253.0,126.0
2349,7084,32018.0,191.0
2350,7067,2.0,198.0
2351,7054,101.0,216.0
2352,7046,73.0,180.0
2353,7041,731.0,128.0
2354,7033,49.0,192.0
2355,7033,62463.0,266.0
2356,7033,51.0,119.0
2357,7022,41.0,197.0
2358,7015,4.0,170.0
2359,7001,22.0,136.0
2360,6997,12.0,200.0
2361,6995,10.0,125.0
2362,6971,614.0,171.0
2363,6962,448.0,167.0
2364,6958,63.0,251.0
2365,6953,346.0,337.0
2366,6945,199.0,172.0
2367,6910,31420.0,114.0
2368,6910,4105.0,114.0
2369,6910,31420.0,179.0
2370,6910,4105.0,179.0
2371,6906,202.0,191.0
2372,6850,310.0,208.0
2373,6848,2.0,120.0
2374,6845,15.0,245.0
2375,6844,587.0,257.0
2376,6842,96.0,241.0
2377,6833,30.0,137.0
2378,6829,1416.0,240.0
2379,6816,1516.0,189.0
2380,6809,53471.0,151.0
2381,6802,527.0,161.0
2382,6802,558.0,161.0
2383,6800,3682.0,193.0
2384,6798,18942.0,270.0
2385,6789,909.0,177.0
2386,6783,7.0,128.0
2387,6754,5776.0,169.0
2388,6744,92.0,132.0
2389,6734,16272.0,109.0
2390,6724,5675.0,199.0
2391,6721,3915.0,147.0
2392,6719,16835.0,283.0
2393,6715,103.0,122.0
2394,6714,17.0,211.0
2395,6713,141.0,117.0
2396,6703,81.0,142.0
2397,6673,4010.0,415.0
2398,6665,45.0,116.0
2399,6662,24.0,194.0
2400,6658,101.0,117.0
2401,6654,6654.0,115.0
2402,6654,33.0,131.0
2403,6651,3176.0,200.0
2404,6647,4657.0,115.0
2405,6641,6931.0,114.0
2406,6633,2179.0,144.0
2407,6618,20865.0,265.0
2408,6609,141.0,155.0
2409,6600,380.0,120.0
2410,6590,2086.0,135.0
2411,6582,152.0,134.0
2412,6580,14350.0,311.0
2413,6549,654.0,104.0
2414,6532,242.0,148.0
2415,6522,606.0,217.0
2416,6497,33.0,125.0
2417,6491,1396.0,180.0
2418,6482,68.0,112.0
2419,6473,156.0,152.0
2420,6466,18.0,151.0
2421,6466,1.0,279.0
2422,6448,22.0,212.0
2423,6448,6.0,117.0
2424,6447,44.0,189.0
2425,6440,25.0,121.0
2426,6422,8.0,158.0
2427,6421,9788.0,112.0
2428,6415,1050.0,118.0
2429,6413,140.0,189.0
2430,6411,1518.0,132.0
2431,6411,19.0,199.0
2432,6408,14305.0,182.0
2433,6406,31.0,114.0
2434,6390,24.0,201.0
2435,6381,8.0,134.0
2436,6372,139.0,190.0
2437,6370,90.0,103.0
2438,6362,76.0,116.0
2439,6348,57.0,139.0
2440,6342,4656.0,190.0
2441,6342,78.0,165.0
2442,6333,19554.0,258.0
2443,6333,94.0,215.0
2444,6319,561.0,114.0
2445,6270,3601.0,307.0
2446,6258,82.0,117.0
2447,6256,1807.0,166.0
2448,6254,1152.0,242.0
2449,6253,21800.0,266.0
2450,6244,117.0,213.0
2451,6240,12.0,251.0
2452,6238,46302.0,124.0
2453,6232,47.0,199.0
2454,6225,4.0,123.0
2455,6223,237.0,131.0
2456,6220,7.0,192.0
2457,6219,207.0,119.0
2458,6215,460.0,123.0
2459,6202,9990.0,100.0
2460,6200,24.0,199.0
2461,6200,750.0,128.0
2462,6193,200.0,145.0
2463,6191,16.0,118.0
2464,6166,16272.0,224.0
2465,6166,22.0,212.0
2466,6159,21.0,212.0
2467,6152,69.0,215.0
2468,6138,74.0,183.0
2469,6138,1942.0,121.0
2470,6123,133.0,210.0
2471,6122,164.0,210.0
2472,6121,115.0,182.0
2473,6119,17673.0,304.0
2474,6115,25.0,215.0
2475,6103,1816.0,224.0
2476,6090,17.0,201.0
2477,6076,12145.0,145.0
2478,6064,5163.0,156.0
2479,6063,1544.0,125.0
2480,6050,2427.0,144.0
2481,6048,3345.0,144.0
2482,6038,15.0,126.0
2483,6029,46.0,199.0
2484,6026,298.0,216.0
2485,6025,67.0,259.0
2486,6019,70.0,205.0
2487,6016,18335.0,260.0
2488,6012,483.0,570.0
2489,5982,77.0,200.0
2490,5979,9020.0,141.0
2491,5978,1216.0,476.0
2492,5976,198.0,96.0
2493,5975,235.0,134.0
2494,5957,33.0,181.0
2495,5956,44.0,194.0
2496,5948,82601.0,114.0
2497,5942,1618.0,282.0
2498,5941,1180.0,172.0
2499,5917,461.0,183.0
2500,5909,56.0,136.0
2501,5906,3261.0,165.0
2502,5904,71.0,206.0
2503,5894,1717.0,116.0
2504,5892,126.0,147.0
2505,5892,1.0,187.0
2506,5883,5624.0,299.0
2507,5877,5517.0,196.0
2508,5869,82.0,180.0
2509,5865,661.0,196.0
2510,5865,357.0,137.0
2511,5862,2.0,191.0
2512,5849,300.0,186.0
2513,5846,372.0,128.0
2514,5840,5591.0,151.0
2515,5840,342.0,206.0
2516,5825,1034.0,139.0
2517,5820,3721.0,114.0
2518,5818,320.0,208.0
2519,5814,1779.0,116.0
2520,5813,67.0,502.0
2521,5813,29.0,502.0
2522,5808,46.0,204.0
2523,5804,175.0,213.0
2524,5802,97.0,213.0
2525,5785,642.0,207.0
2526,5776,5.0,113.0
2527,5768,1678.0,171.0
2528,5766,43.0,144.0
2529,5762,0.0,126.0
2530,5762,2.0,184.0
2531,5761,4124.0,299.0
2532,5761,47.0,195.0
2533,5761,8.0,110.0
2534,5761,12.0,110.0
2535,5761,57.0,179.0
2536,5761,178.0,280.0
2537,5760,5.0,115.0
2538,5760,178.0,212.0
2539,5760,32.0,184.0
2540,5760,8.0,106.0
2541,5760,4.0,115.0
2542,5760,122.0,126.0
2543,5760,1258.0,145.0
2544,5760,102.0,186.0
2545,5760,38.0,118.0
2546,5760,676.0,151.0
2547,5760,8.0,126.0
2548,5760,72.0,118.0
2549,5760,214.0,172.0
2550,5760,6.0,106.0
2551,5760,5.0,126.0
2552,5760,128.0,186.0
2553,5760,7.0,145.0
2554,5760,18.0,114.0
2555,5760,198.0,211.0
2556,5760,51.0,211.0
2557,5760,7.0,123.0
2558,5760,74.0,211.0
2559,5760,10.0,123.0
2560,5760,2043.0,207.0
2561,5759,129.0,94.0
2562,5759,544.0,189.0
2563,5759,295.0,122.0
2564,5758,10080.0,197.0
2565,5758,440.0,121.0
2566,5758,0.0,120.0
2567,5758,187.0,202.0
2568,5756,13.0,444.0
2569,5756,402.0,152.0
2570,5756,12.0,383.0
2571,5756,404.0,124.0
2572,5756,300.0,137.0
2573,5755,712.0,176.0
2574,5754,2020.0,190.0
2575,5753,857.0,122.0
2576,5752,1882.0,261.0
2577,5752,1874.0,261.0
2578,5752,1875.0,261.0
2579,5752,552.0,141.0
2580,5751,1277.0,289.0
2581,5751,2182.0,299.0
2582,5750,359.0,191.0
2583,5750,134.0,165.0
2584,5749,901.0,191.0
2585,5748,1.0,198.0
2586,5746,629.0,113.0
2587,5745,36.0,117.0
2588,5744,4383.0,398.0
2589,5742,702.0,189.0
2590,5742,425.0,189.0
2591,5742,152.0,206.0
2592,5741,4192.0,144.0
2593,5741,12.0,101.0
2594,5741,264.0,143.0
2595,5740,12.0,383.0
2596,5740,119.0,190.0
2597,5740,40.0,180.0
2598,5740,920.0,180.0
2599,5739,196.0,100.0
2600,5736,16.0,177.0
2601,5735,472.0,120.0
2602,5735,135.0,178.0
2603,5735,34.0,132.0
2604,5732,3208.0,199.0
2605,5727,397.0,200.0
2606,5723,141.0,93.0
2607,5716,33299.0,200.0
2608,5716,269.0,137.0
2609,5712,46.0,98.0
2610,5710,12245.0,1227.0
2611,5709,3770.0,160.0
2612,5705,9891.0,199.0
2613,5700,681.0,302.0
2614,5698,184.0,136.0
2615,5696,10655.0,186.0
2616,5692,56.0,193.0
2617,5678,168.0,249.0
2618,5677,377.0,225.0
2619,5676,732.0,249.0
2620,5671,12654.0,143.0
2621,5671,16.0,121.0
2622,5664,135.0,131.0
2623,5663,60.0,209.0
2624,5655,1681.0,127.0
2625,5649,395.0,183.0
2626,5647,1097.0,120.0
2627,5645,83.0,104.0
2628,5633,0.0,178.0
2629,5630,404.0,147.0
2630,5628,30339.0,131.0
2631,5625,1117.0,152.0
2632,5618,183.0,168.0
2633,5614,42.0,124.0
2634,5614,104.0,124.0
2635,5612,8754.0,115.0
2636,5606,331.0,142.0
2637,5605,0.0,103.0
2638,5598,1250.0,177.0
2639,5595,8099.0,117.0
2640,5583,10579.0,117.0
2641,5582,2.0,115.0
2642,5582,26.0,204.0
2643,5581,28.0,138.0
2644,5579,10166.0,117.0
2645,5564,9470.0,114.0
2646,5562,15516.0,112.0
2647,5545,1033.0,245.0
2648,5536,9127.0,264.0
2649,5534,78.0,197.0
2650,5521,1095.0,209.0
2651,5504,7.0,182.0
2652,5502,49.0,142.0
2653,5502,27.0,171.0
2654,5497,47.0,121.0
2655,5496,15698.0,201.0
2656,5495,117.0,147.0
2657,5469,3267.0,181.0
2658,5458,175.0,185.0
2659,5447,1290.0,195.0
2660,5440,8.0,127.0
2661,5419,11327.0,130.0
2662,5417,300558.0,90.0
2663,5415,6666.0,452.0
2664,5413,856.0,178.0
2665,5393,132966.0,337.0
2666,5376,633.0,124.0
2667,5369,1745.0,120.0
2668,5363,43.0,130.0
2669,5356,6039.0,202.0
2670,5353,75.0,121.0
2671,5343,145.0,208.0
2672,5339,882.0,166.0
2673,5331,134.0,125.0
2674,5317,945.0,224.0
2675,5311,95.0,282.0
2676,5296,230.0,106.0
2677,5280,172.0,134.0
2678,5280,4.0,142.0
2679,5276,210.0,147.0
2680,5276,17.0,191.0
2681,5271,2.0,120.0
2682,5265,75.0,126.0
2683,5257,251.0,204.0
2684,5244,5.0,197.0
2685,5243,146.0,117.0
2686,5237,946.0,150.0
2687,5237,5.0,196.0
2688,5236,458.0,121.0
2689,5220,6.0,187.0
2690,5216,64.0,107.0
2691,5215,332.0,144.0
2692,5213,421.0,209.0
2693,5198,198.0,188.0
2694,5197,23.0,174.0
2695,5195,303.0,119.0
2696,5188,886.0,200.0
2697,5184,4618.0,123.0
2698,5184,4761.0,333.0
2699,5178,1111.0,157.0
2700,5169,376.0,182.0
2701,5166,1545.0,135.0
2702,5160,10.0,444.0
2703,5157,3264.0,131.0
2704,5155,434.0,106.0
2705,5153,4352.0,119.0
2706,5152,369.0,248.0
2707,5150,216.0,476.0
2708,5150,438.0,106.0
2709,5147,1883.0,90.0
2710,5146,666.0,133.0
2711,5142,1810.0,185.0
2712,5140,309.0,131.0
2713,5135,526.0,206.0
2714,5129,378.0,141.0
2715,5127,858.0,225.0
2716,5120,924.0,149.0
2717,5115,5.0,120.0
2718,5108,65.0,185.0
2719,5105,114.0,131.0
2720,5102,27.0,184.0
2721,5100,6.0,184.0
2722,5098,99.0,197.0
2723,5097,3.0,194.0
2724,5094,36.0,199.0
2725,5083,53.0,112.0
2726,5083,5631.0,152.0
2727,5072,11.0,383.0
2728,5070,332.0,166.0
2729,5057,277.0,125.0
2730,5053,203.0,197.0
2731,5053,11.0,383.0
2732,5030,780.0,317.0
2733,5027,3308.0,128.0
2734,5018,42.0,199.0
2735,4995,391.0,120.0
2736,4983,190.0,123.0
2737,4980,34.0,119.0
2738,4976,45062.0,172.0
2739,4966,114.0,127.0
2740,4963,88.0,122.0
2741,4959,912.0,122.0
2742,4958,561.0,124.0
2743,4958,52.0,124.0
2744,4952,10961.0,123.0
2745,4950,1199.0,181.0
2746,4943,44.0,245.0
2747,4940,395.0,138.0
2748,4926,585.0,125.0
2749,4919,526.0,193.0
2750,4913,8.0,173.0
2751,4906,35091.0,194.0
2752,4900,478.0,140.0
2753,4894,2093.0,186.0
2754,4887,19.0,245.0
2755,4869,23.0,135.0
2756,4868,149.0,130.0
2757,4867,1376.0,119.0
2758,4860,1871.0,281.0
2759,4857,234.0,122.0
2760,4856,685.0,245.0
2761,4856,574.0,245.0
2762,4855,2.0,145.0
2763,4853,158.0,152.0
2764,4850,338.0,168.0
2765,4846,122.0,220.0
2766,4841,59.0,198.0
2767,4830,608.0,157.0
2768,4828,1652.0,191.0
2769,4825,23.0,135.0
2770,4813,104.0,220.0
2771,4807,44.0,139.0
2772,4803,72.0,228.0
2773,4798,100.0,220.0
2774,4793,87.0,220.0
2775,4792,7.0,109.0
2776,4791,496.0,164.0
2777,4787,180.0,239.0
2778,4787,452.0,191.0
2779,4785,573.0,203.0
2780,4783,157.0,220.0
2781,4782,539.0,112.0
2782,4782,1042.0,146.0
2783,4778,40.0,199.0
2784,4778,34.0,184.0
2785,4763,214.0,123.0
2786,4763,86.0,123.0
2787,4748,287.0,122.0
2788,4730,253.0,277.0
2789,4727,406.0,141.0
2790,4726,2.0,119.0
2791,4724,251.0,141.0
2792,4721,173.0,211.0
2793,4721,180.0,211.0
2794,4700,310.0,131.0
2795,4693,33592.0,189.0
2796,4682,7.0,209.0
2797,4680,213.0,337.0
2798,4680,212.0,225.0
2799,4674,361.0,194.0
2800,4672,520.0,146.0
2801,4668,45.0,228.0
2802,4664,102.0,165.0
2803,4660,28.0,219.0
2804,4643,208.0,337.0
2805,4642,27.0,146.0
2806,4639,3002.0,199.0
2807,4639,2148.0,188.0
2808,4624,3153.0,169.0
2809,4623,2.0,127.0
2810,4610,1625.0,120.0
2811,4608,131.0,136.0
2812,4608,0.0,129.0
2813,4608,1.0,129.0
2814,4608,4.0,137.0
2815,4607,56.0,292.0
2816,4606,13.0,444.0
2817,4606,687.0,145.0
2818,4605,2305.0,193.0
2819,4599,29.0,124.0
2820,4596,8868.0,173.0
2821,4592,55.0,188.0
2822,4590,129.0,208.0
2823,4590,34.0,208.0
2824,4590,27.0,208.0
2825,4584,248.0,144.0
2826,4576,2112.0,131.0
2827,4573,551.0,131.0
2828,4568,359.0,209.0
2829,4567,133.0,134.0
2830,4562,2205.0,131.0
2831,4549,22.0,135.0
2832,4543,6464.0,119.0
2833,4543,13815.0,165.0
2834,4538,2105.0,298.0
2835,4527,137.0,200.0
2836,4522,99.0,131.0
2837,4516,38.0,199.0
2838,4515,6151.0,118.0
2839,4496,770.0,205.0
2840,4496,9.0,209.0
2841,4494,142.0,201.0
2842,4493,39.0,123.0
2843,4486,40.0,217.0
2844,4485,36.0,245.0
2845,4485,44.0,245.0
2846,4474,3868.0,130.0
2847,4467,3.0,191.0
2848,4466,36.0,182.0
2849,4464,1.0,123.0
2850,4457,18.0,127.0
2851,4445,21784.0,265.0
2852,4444,179.0,114.0
2853,4442,135.0,201.0
2854,4439,99.0,191.0
2855,4438,54.0,131.0
2856,4433,311.0,180.0
2857,4430,37563.0,191.0
2858,4427,334.0,124.0
2859,4411,58.0,117.0
2860,4407,63.0,123.0
2861,4407,262.0,123.0
2862,4405,2903.0,180.0
2863,4394,11.0,124.0
2864,4391,3.0,179.0
2865,4390,1657.0,175.0
2866,4374,72.0,116.0
2867,4372,6094.0,219.0
2868,4370,14.0,197.0
2869,4361,1880.0,123.0
2870,4357,20.0,104.0
2871,4355,636.0,181.0
2872,4353,30.0,191.0
2873,4340,1932.0,175.0
2874,4338,2.0,116.0
2875,4335,16.0,293.0
2876,4331,830.0,132.0
2877,4328,1.0,187.0
2878,4324,59.0,130.0
2879,4322,207.0,125.0
2880,4322,2926.0,264.0
2881,4320,0.0,126.0
2882,4320,950.0,213.0
2883,4320,137.0,95.0
2884,4320,1326.0,144.0
2885,4320,108.0,196.0
2886,4320,465.0,241.0
2887,4320,1.0,163.0
2888,4320,1.0,178.0
2889,4320,13.0,127.0
2890,4320,27.0,115.0
2891,4320,2.0,201.0
2892,4320,287.0,217.0
2893,4320,674.0,148.0
2894,4320,45.0,124.0
2895,4320,0.0,103.0
2896,4320,82.0,139.0
2897,4320,77.0,502.0
2898,4320,102.0,241.0
2899,4319,107.0,155.0
2900,4319,12.0,124.0
2901,4317,139.0,155.0
2902,4316,963.0,146.0
2903,4315,245.0,283.0
2904,4314,837.0,126.0
2905,4309,121.0,184.0
2906,4306,22.0,130.0
2907,4306,405.0,123.0
2908,4305,146.0,196.0
2909,4305,394.0,126.0
2910,4305,50.0,191.0
2911,4305,227.0,157.0
2912,4304,254.0,195.0
2913,4301,6438.0,260.0
2914,4299,28.0,191.0
2915,4297,1176.0,125.0
2916,4295,1855.0,219.0
2917,4294,2031.0,125.0
2918,4284,9.0,126.0
2919,4284,1020.0,126.0
2920,4283,2147.0,126.0
2921,4283,109.0,153.0
2922,4283,2441.0,126.0
2923,4283,536.0,137.0
2924,4276,31.0,126.0
2925,4275,27.0,187.0
2926,4275,115.0,187.0
2927,4274,66.0,197.0
2928,4274,70.0,153.0
2929,4272,2904.0,397.0
2930,4272,74.0,145.0
2931,4272,38385.0,421.0
2932,4271,1630.0,117.0
2933,4268,2963.0,146.0
2934,4265,5494.0,460.0
2935,4265,155.0,187.0
2936,4262,5.0,213.0
2937,4257,282.0,366.0
2938,4249,43.0,121.0
2939,4242,31.0,212.0
2940,4239,11.0,223.0
2941,4239,48.0,223.0
2942,4238,68.0,185.0
2943,4237,4.0,121.0
2944,4236,465.0,223.0
2945,4235,1.0,132.0
2946,4226,2.0,223.0
2947,4223,108.0,174.0
2948,4220,268.0,387.0
2949,4219,126.0,175.0
2950,4216,134.0,195.0
2951,4214,160.0,134.0
2952,4208,7.0,211.0
2953,4208,34750.0,190.0
2954,4203,2429.0,119.0
2955,4184,1235.0,158.0
2956,4172,268.0,181.0
2957,4161,10.0,170.0
2958,4156,40.0,92.0
2959,4156,608.0,172.0
2960,4156,621.0,188.0
2961,4151,328.0,188.0
2962,4143,109.0,134.0
2963,4141,975.0,192.0
2964,4137,16418.0,196.0
2965,4135,3417.0,114.0
2966,4133,19490.0,247.0
2967,4130,244.0,114.0
2968,4130,45.0,139.0
2969,4121,225.0,210.0
2970,4112,7.0,211.0
2971,4108,4802.0,223.0
2972,4106,956.0,186.0
2973,4101,71.0,156.0
2974,4101,119.0,188.0
2975,4101,97.0,188.0
2976,4083,221.0,213.0
2977,4080,14757.0,421.0
2978,4063,141.0,131.0
2979,4063,7041.0,421.0
2980,4054,8.0,217.0
2981,4045,6131.0,210.0
2982,4043,9.0,136.0
2983,4039,658.0,114.0
2984,4031,35195.0,184.0
2985,4018,369.0,209.0
2986,4001,383.0,209.0
2987,3987,19.0,456.0
2988,3985,53.0,456.0
2989,3978,371.0,209.0
2990,3967,195.0,109.0
2991,3965,181.0,168.0
2992,3964,75653.0,183.0
2993,3956,20.0,245.0
2994,3954,775.0,189.0
2995,3944,4540.0,114.0
2996,3943,138.0,127.0
2997,3940,281.0,178.0
2998,3934,43721.0,193.0
2999,3928,26.0,245.0
3000,3926,15.0,184.0
3001,3914,58.0,183.0
3002,3912,11.0,444.0
3003,3909,242.0,138.0
3004,3908,1400.0,175.0
3005,3902,30.0,190.0
3006,3902,19824.0,374.0
3007,3894,574.0,180.0
3008,3894,23.0,222.0
3009,3885,737.0,106.0
3010,3881,586.0,127.0
3011,3871,439.0,176.0
3012,3868,38177.0,189.0
3013,3864,9564.0,123.0
3014,3851,9.0,193.0
3015,3845,453.0,128.0
3016,3840,436.0,151.0
3017,3837,68.0,116.0
3018,3832,29.0,135.0
3019,3832,84.0,135.0
3020,3826,11277.0,213.0
3021,3824,51.0,134.0
3022,3824,26.0,122.0
3023,3823,10.0,122.0
3024,3806,8.0,191.0
3025,3801,214.0,143.0
3026,3792,4.0,181.0
3027,3790,32.0,132.0
3028,3784,4692.0,169.0
3029,3778,907.0,130.0
3030,3777,48.0,120.0
3031,3773,8806.0,183.0
3032,3773,105.0,170.0
3033,3761,995.0,139.0
3034,3761,988.0,139.0
3035,3761,999.0,139.0
3036,3760,994.0,139.0
3037,3760,974.0,139.0
3038,3760,997.0,139.0
3039,3760,992.0,139.0
3040,3759,975.0,139.0
3041,3749,550.0,137.0
3042,3733,23.0,112.0
3043,3721,7.0,121.0
3044,3721,11.0,121.0
3045,3719,487.0,135.0
3046,3715,23.0,181.0
3047,3715,55.0,182.0
3048,3713,395.0,123.0
3049,3712,15.0,193.0
3050,3712,25213.0,250.0
3051,3697,12.0,227.0
3052,3696,276.0,132.0
3053,3696,304.0,120.0
3054,3692,7875.0,200.0
3055,3691,54.0,93.0
3056,3689,85.0,245.0
3057,3689,70.0,245.0
3058,3688,137.0,186.0
3059,3687,1316.0,119.0
3060,3687,71.0,210.0
3061,3684,1821.0,152.0
3062,3682,1254.0,200.0
3063,3678,43.0,193.0
3064,3678,113.0,193.0
3065,3676,168.0,131.0
3066,3675,771.0,137.0
3067,3668,16464.0,247.0
3068,3662,350.0,167.0
3069,3653,4.0,187.0
3070,3645,441.0,222.0
3071,3636,250.0,184.0
3072,3632,378.0,130.0
3073,3629,29.0,122.0
3074,3626,15230.0,203.0
3075,3626,16050.0,203.0
3076,3625,15672.0,203.0
3077,3622,20308.0,203.0
3078,3621,450.0,208.0
3079,3620,3607.0,260.0
3080,3616,114.0,135.0
3081,3610,523.0,192.0
3082,3605,13366.0,203.0
3083,3600,60.0,180.0
3084,3600,0.0,114.0
3085,3600,47.0,259.0
3086,3599,72.0,181.0
3087,3597,49.0,126.0
3088,3594,486.0,161.0
3089,3594,9560.0,172.0
3090,3592,10374.0,203.0
3091,3590,36.0,186.0
3092,3587,2.0,276.0
3093,3585,1098.0,135.0
3094,3581,555.0,127.0
3095,3581,7036.0,203.0
3096,3580,2826.0,127.0
3097,3580,232.0,127.0
3098,3576,890.0,170.0
3099,3570,10.0,119.0
3100,3569,7647.0,183.0
3101,3563,12.0,193.0
3102,3553,704.0,213.0
3103,3548,62.0,122.0
3104,3546,16609.0,255.0
3105,3532,22.0,208.0
3106,3532,9.0,196.0
3107,3531,446.0,131.0
3108,3530,410.0,129.0
3109,3527,26881.0,162.0
3110,3526,30.0,99.0
3111,3525,26.0,154.0
3112,3520,77.0,214.0
3113,3515,19.0,209.0
3114,3507,806.0,153.0
3115,3505,11.0,188.0
3116,3499,304.0,193.0
3117,3494,336.0,172.0
3118,3488,319.0,189.0
3119,3484,23467.0,100.0
3120,3482,54.0,166.0
3121,3480,181.0,141.0
3122,3477,72.0,125.0
3123,3477,445.0,209.0
3124,3470,586.0,137.0
3125,3464,30.0,172.0
3126,3457,1315.0,182.0
3127,3456,182.0,129.0
3128,3456,55.0,132.0
3129,3456,166.0,184.0
3130,3454,5206.0,928.0
3131,3454,7908.0,387.0
3132,3452,532.0,123.0
3133,3452,541.0,123.0
3134,3452,628.0,123.0
3135,3452,632.0,123.0
3136,3452,627.0,123.0
3137,3451,539.0,123.0
3138,3451,627.0,123.0
3139,3451,539.0,123.0
3140,3447,99.0,127.0
3141,3445,156.0,114.0
3142,3445,46.0,121.0
3143,3445,0.0,204.0
3144,3443,175.0,132.0
3145,3440,24976.0,200.0
3146,3437,20506.0,125.0
3147,3437,216.0,337.0
3148,3436,22899.0,102.0
3149,3435,258.0,256.0
3150,3430,228.0,337.0
3151,3423,62840.0,153.0
3152,3421,244.0,127.0
3153,3421,439.0,171.0
3154,3420,98.0,210.0
3155,3419,2352.0,188.0
3156,3417,103.0,113.0
3157,3415,12289.0,192.0
3158,3415,1950.0,142.0
3159,3413,405.0,142.0
3160,3406,1166.0,125.0
3161,3400,118.0,141.0
3162,3399,61.0,131.0
3163,3399,0.0,211.0
3164,3393,15997.0,117.0
3165,3392,205.0,195.0
3166,3388,10.0,187.0
3167,3387,434.0,142.0
3168,3384,25.0,142.0
3169,3384,266.0,142.0
3170,3383,48.0,139.0
3171,3383,45.0,139.0
3172,3367,215.0,123.0
3173,3367,13.0,139.0
3174,3365,13.0,163.0
3175,3365,755.0,123.0
3176,3364,34.0,125.0
3177,3359,33.0,119.0
3178,3359,270.0,173.0
3179,3359,8650.0,166.0
3180,3358,686.0,92.0
3181,3357,620.0,181.0
3182,3356,25726.0,132.0
3183,3355,61.0,256.0
3184,3354,48.0,177.0
3185,3347,291.0,119.0
3186,3346,181.0,217.0
3187,3342,30.0,191.0
3188,3337,1699.0,197.0
3189,3328,80.0,201.0
3190,3327,76.0,217.0
3191,3324,772.0,241.0
3192,3316,19.0,165.0
3193,3314,117.0,173.0
3194,3312,429.0,187.0
3195,3312,2611.0,225.0
3196,3308,6519.0,143.0
3197,3305,949.0,342.0
3198,3304,0.0,190.0
3199,3301,22796.0,268.0
3200,3300,394.0,121.0
3201,3299,13499.0,117.0
3202,3294,13153.0,211.0
3203,3293,51.0,221.0
3204,3290,6607.0,195.0
3205,3290,551.0,136.0
3206,3285,545.0,124.0
3207,3285,141.0,142.0
3208,3280,1081.0,452.0
3209,3273,15.0,156.0
3210,3273,87.0,118.0
3211,3273,441.0,146.0
3212,3272,90.0,202.0
3213,3255,46.0,204.0
3214,3252,342.0,121.0
3215,3246,33.0,204.0
3216,3246,34.0,204.0
3217,3243,694.0,121.0
3218,3242,771.0,121.0
3219,3241,779.0,121.0
3220,3241,788.0,121.0
3221,3240,40.0,137.0
3222,3240,263.0,196.0
3223,3240,50.0,137.0
3224,3240,40.0,137.0
3225,3240,844.0,121.0
3226,3239,426.0,178.0
3227,3239,808.0,137.0
3228,3238,493.0,122.0
3229,3234,875.0,121.0
3230,3234,25.0,133.0
3231,3233,704.0,196.0
3232,3231,803.0,121.0
3233,3224,5383.0,165.0
3234,3222,111332.0,124.0
3235,3215,13609.0,191.0
3236,3213,546.0,173.0
3237,3212,184.0,173.0
3238,3211,43767.0,254.0
3239,3210,84.0,131.0
3240,3203,240.0,106.0
3241,3202,363.0,114.0
3242,3195,3471.0,165.0
3243,3192,28.0,114.0
3244,3186,773.0,216.0
3245,3176,277.0,188.0
3246,3171,192.0,182.0
3247,3170,282.0,127.0
3248,3168,19.0,148.0
3249,3168,18.0,148.0
3250,3168,2750.0,133.0
3251,3168,67.0,127.0
3252,3166,1025.0,137.0
3253,3165,8521.0,114.0
3254,3160,28.0,213.0
3255,3153,10449.0,217.0
3256,3151,432.0,239.0
3257,3150,1100.0,152.0
3258,3146,38.0,211.0
3259,3146,42.0,198.0
3260,3145,28679.0,195.0
3261,3145,25.0,198.0
3262,3139,79.0,221.0
3263,3138,20.0,157.0
3264,3134,55.0,196.0
3265,3130,43.0,199.0
3266,3128,304.0,131.0
3267,3126,53.0,188.0
3268,3125,19.0,110.0
3269,3115,674.0,98.0
3270,3113,8793.0,136.0
3271,3113,249.0,181.0
3272,3112,67.0,250.0
3273,3109,112.0,121.0
3274,3108,66.0,121.0
3275,3105,84.0,169.0
3276,3100,160.0,155.0
3277,3098,83.0,186.0
3278,3097,89.0,245.0
3279,3097,76.0,135.0
3280,3097,81.0,245.0
3281,3095,91.0,186.0
3282,3095,10.0,159.0
3283,3095,187.0,186.0
3284,3094,1738.0,125.0
3285,3090,1113.0,231.0
3286,3089,59726.0,155.0
3287,3087,64172.0,155.0
3288,3085,65857.0,158.0
3289,3085,5.0,194.0
3290,3081,610.0,169.0
3291,3081,815.0,169.0
3292,3080,13419.0,157.0
3293,3078,1831.0,126.0
3294,3072,24573.0,271.0
3295,3071,422.0,147.0
3296,3071,28.0,163.0
3297,3067,2865.0,171.0
3298,3067,35.0,199.0
3299,3062,156.0,142.0
3300,3062,224.0,131.0
3301,3059,9181.0,129.0
3302,3051,2321.0,209.0
3303,3049,3641.0,116.0
3304,3044,15.0,273.0
3305,3042,19168.0,202.0
3306,3042,10990.0,193.0
3307,3039,802.0,122.0
3308,3038,686.0,190.0
3309,3033,2634.0,169.0
3310,3032,64.0,208.0
3311,3030,74251.0,176.0
3312,3029,381.0,99.0
3313,3029,896.0,313.0
3314,3026,41442.0,144.0
3315,3024,21.0,245.0
3316,3021,590.0,194.0
3317,3021,1204.0,153.0
3318,3018,84.0,122.0
3319,3018,75.0,210.0
3320,3014,195.0,119.0
3321,3010,119.0,134.0
3322,3008,25.0,146.0
3323,3007,23915.0,260.0
3324,3007,78.0,193.0
3325,3005,56.0,136.0
3326,3005,25.0,122.0
3327,3000,102.0,194.0
3328,3000,261.0,199.0
3329,2998,597.0,169.0
3330,2992,740.0,177.0
3331,2985,206.0,237.0
3332,2984,165.0,182.0
3333,2983,24196.0,268.0
3334,2981,13.0,121.0
3335,2981,70.0,115.0
3336,2981,7298.0,135.0
3337,2979,79820.0,177.0
3338,2977,1402.0,117.0
3339,2976,122.0,194.0
3340,2974,444.0,225.0
3341,2971,1460.0,114.0
3342,2970,1060.0,194.0
3343,2970,394.0,149.0
3344,2970,133.0,194.0
3345,2970,211.0,194.0
3346,2968,169.0,128.0
3347,2964,1552.0,170.0
3348,2962,2656.0,170.0
3349,2953,171.0,172.0
3350,2950,9565.0,159.0
3351,2948,871.0,163.0
3352,2948,17.0,197.0
3353,2941,0.0,186.0
3354,2940,1.0,134.0
3355,2936,30659.0,191.0
3356,2934,1.0,135.0
3357,2933,103.0,111.0
3358,2931,91.0,191.0
3359,2931,84.0,149.0
3360,2930,1.0,122.0
3361,2930,148.0,124.0
3362,2930,3929.0,193.0
3363,2930,147.0,144.0
3364,2930,7419.0,135.0
3365,2927,10.0,158.0
3366,2920,3.0,230.0
3367,2919,211.0,147.0
3368,2919,63224.0,157.0
3369,2918,1252.0,194.0
3370,2915,408.0,147.0
3371,2915,370.0,130.0
3372,2913,753.0,194.0
3373,2909,51.0,131.0
3374,2907,338.0,147.0
3375,2907,196.0,147.0
3376,2904,31848.0,289.0
3377,2903,28569.0,289.0
3378,2900,54.0,136.0
3379,2898,2381.0,133.0
3380,2897,78661.0,177.0
3381,2897,24.0,195.0
3382,2895,8907.0,129.0
3383,2894,66884.0,160.0
3384,2893,73.0,162.0
3385,2892,11.0,182.0
3386,2892,3.0,125.0
3387,2891,19.0,111.0
3388,2891,26.0,90.0
3389,2890,753.0,119.0
3390,2890,618.0,114.0
3391,2889,0.0,111.0
3392,2888,780.0,298.0
3393,2887,784.0,309.0
3394,2886,94.0,121.0
3395,2886,28.0,94.0
3396,2885,713.0,361.0
3397,2884,59579.0,329.0
3398,2884,4278.0,124.0
3399,2884,185.0,182.0
3400,2883,1058.0,138.0
3401,2883,108.0,184.0
3402,2882,32.0,120.0
3403,2881,2095.0,181.0
3404,2881,859.0,153.0
3405,2881,7.0,134.0
3406,2881,384.0,286.0
3407,2881,202.0,239.0
3408,2881,3.0,134.0
3409,2881,23.0,120.0
3410,2881,516.0,146.0
3411,2881,827.0,182.0
3412,2880,39.0,123.0
3413,2880,80.0,119.0
3414,2880,412.0,119.0
3415,2880,257.0,322.0
3416,2880,1306.0,290.0
3417,2880,0.0,111.0
3418,2880,160.0,193.0
3419,2880,15125.0,120.0
3420,2880,1832.0,196.0
3421,2880,10.0,173.0
3422,2880,735.0,90.0
3423,2880,766.0,203.0
3424,2880,18.0,111.0
3425,2880,16.0,119.0
3426,2880,121.0,185.0
3427,2880,1064.0,186.0
3428,2880,910.0,186.0
3429,2880,1081.0,186.0
3430,2880,51.0,114.0
3431,2880,47.0,189.0
3432,2880,6.0,230.0
3433,2880,2431.0,127.0
3434,2880,5.0,230.0
3435,2880,714.0,123.0
3436,2880,16.0,125.0
3437,2880,169.0,169.0
3438,2880,1567.0,186.0
3439,2880,31.0,383.0
3440,2880,86.0,167.0
3441,2880,39.0,167.0
3442,2880,138.0,118.0
3443,2880,371.0,150.0
3444,2880,64.0,138.0
3445,2880,668.0,137.0
3446,2880,620.0,112.0
3447,2880,27.0,211.0
3448,2880,74.0,154.0
3449,2880,123.0,182.0
3450,2880,138.0,176.0
3451,2880,60.0,111.0
3452,2880,32.0,262.0
3453,2880,498.0,262.0
3454,2880,224.0,202.0
3455,2880,127.0,111.0
3456,2880,19.0,163.0
3457,2880,129.0,211.0
3458,2880,558.0,391.0
3459,2880,21.0,117.0
3460,2880,23.0,192.0
3461,2880,1071.0,186.0
3462,2880,150.0,203.0
3463,2880,4058.0,125.0
3464,2880,184.0,143.0
3465,2880,4062.0,125.0
3466,2880,4087.0,125.0
3467,2880,604.0,136.0
3468,2880,86.0,161.0
3469,2880,626.0,136.0
3470,2880,206.0,136.0
3471,2880,100.0,182.0
3472,2880,151.0,99.0
3473,2880,2136.0,102.0
3474,2880,176.0,136.0
3475,2880,763.0,232.0
3476,2880,274.0,217.0
3477,2880,1311.0,109.0
3478,2880,26.0,135.0
3479,2880,0.0,206.0
3480,2880,181.0,128.0
3481,2880,0.0,133.0
3482,2880,0.0,101.0
3483,2880,34.0,146.0
3484,2880,412.0,145.0
3485,2880,16.0,175.0
3486,2880,141.0,401.0
3487,2880,65.0,114.0
3488,2880,44.0,132.0
3489,2880,37.0,142.0
3490,2880,638.0,136.0
3491,2880,5531.0,313.0
3492,2880,1054.0,116.0
3493,2880,14.0,133.0
3494,2880,8.0,163.0
3495,2880,17.0,444.0
3496,2880,85.0,428.0
3497,2880,30.0,163.0
3498,2880,76.0,187.0
3499,2880,1183.0,128.0
3500,2880,1.0,103.0
3501,2880,915.0,139.0
3502,2880,914.0,139.0
3503,2879,1376.0,158.0
3504,2879,692.0,282.0
3505,2879,78.0,147.0
3506,2879,42.0,182.0
3507,2879,37.0,232.0
3508,2879,1977.0,158.0
3509,2879,1113.0,186.0
3510,2879,68.0,165.0
3511,2879,37.0,165.0
3512,2879,37.0,165.0
3513,2879,90.0,262.0
3514,2879,3.0,151.0
3515,2879,987.0,121.0
3516,2879,986.0,361.0
3517,2879,126.0,187.0
3518,2879,254.0,159.0
3519,2879,251.0,147.0
3520,2879,64.0,114.0
3521,2879,902.0,133.0
3522,2879,175.0,147.0
3523,2879,275.0,147.0
3524,2879,342.0,147.0
3525,2879,168.0,147.0
3526,2879,214.0,147.0
3527,2878,74.0,353.0
3528,2878,1395.0,158.0
3529,2878,157.0,172.0
3530,2878,2246.0,133.0
3531,2878,283.0,131.0
3532,2878,10028.0,383.0
3533,2878,0.0,115.0
3534,2878,9379.0,444.0
3535,2878,1924.0,158.0
3536,2878,1561.0,181.0
3537,2877,92.0,191.0
3538,2877,1343.0,202.0
3539,2877,1685.0,177.0
3540,2877,8.0,117.0
3541,2877,185.0,246.0
3542,2877,219.0,129.0
3543,2877,5882.0,264.0
3544,2876,22713.0,317.0
3545,2876,80.0,103.0
3546,2876,27.0,166.0
3547,2876,155.0,194.0
3548,2876,1217.0,143.0
3549,2875,133.0,100.0
3550,2875,52.0,98.0
3551,2875,14118.0,289.0
3552,2875,26.0,130.0
3553,2875,178.0,198.0
3554,2875,389.0,119.0
3555,2874,133.0,177.0
3556,2874,196.0,230.0
3557,2874,994.0,216.0
3558,2874,1.0,114.0
3559,2874,1.0,116.0
3560,2874,1038.0,182.0
3561,2874,203.0,198.0
3562,2873,6506.0,168.0
3563,2873,143.0,216.0
3564,2873,108.0,144.0
3565,2873,0.0,125.0
3566,2873,510.0,204.0
3567,2873,184.0,198.0
3568,2872,1093.0,186.0
3569,2872,6036.0,182.0
3570,2872,3493.0,187.0
3571,2872,187.0,198.0
3572,2872,1031.0,115.0
3573,2872,735.0,115.0
3574,2872,10017.0,383.0
3575,2871,879.0,216.0
3576,2871,81.0,129.0
3577,2871,9716.0,385.0
3578,2871,570.0,238.0
3579,2871,880.0,238.0
3580,2871,3.0,122.0
3581,2871,17.0,122.0
3582,2870,66.0,102.0
3583,2870,0.0,119.0
3584,2870,59.0,151.0
3585,2870,26451.0,197.0
3586,2870,148.0,181.0
3587,2870,3337.0,121.0
3588,2870,158.0,193.0
3589,2870,1025.0,92.0
3590,2870,96.0,102.0
3591,2870,0.0,121.0
3592,2869,14.0,185.0
3593,2869,118.0,185.0
3594,2869,194.0,216.0
3595,2869,133.0,195.0
3596,2869,142.0,189.0
3597,2869,137.0,185.0
3598,2869,8595.0,185.0
3599,2869,3175.0,193.0
3600,2869,2.0,181.0
3601,2868,1265.0,262.0
3602,2868,130.0,198.0
3603,2868,139.0,181.0
3604,2868,169.0,184.0
3605,2867,99.0,298.0
3606,2867,65.0,298.0
3607,2867,6433.0,98.0
3608,2867,221.0,185.0
3609,2867,69.0,128.0
3610,2867,133.0,147.0
3611,2866,973.0,126.0
3612,2865,0.0,124.0
3613,2865,62.0,96.0
3614,2865,36.0,96.0
3615,2864,174.0,189.0
3616,2864,0.0,132.0
3617,2864,221.0,174.0
3618,2864,288.0,127.0
3619,2863,588.0,119.0
3620,2862,687.0,452.0
3621,2860,15328.0,146.0
3622,2860,159.0,116.0
3623,2860,1801.0,90.0
3624,2860,2.0,210.0
3625,2858,129.0,172.0
3626,2856,613.0,147.0
3627,2856,3.0,155.0
3628,2856,2931.0,271.0
3629,2856,301.0,120.0
3630,2855,92.0,122.0
3631,2855,23.0,122.0
3632,2854,10485.0,230.0
3633,2853,126.0,115.0
3634,2853,501.0,122.0
3635,2851,478.0,120.0
3636,2850,250.0,106.0
3637,2850,30290.0,230.0
3638,2850,330.0,160.0
3639,2849,7.0,186.0
3640,2848,21.0,119.0
3641,2847,413.0,216.0
3642,2846,2.0,200.0
3643,2846,20.0,132.0
3644,2844,69857.0,158.0
3645,2842,1362.0,206.0
3646,2841,440.0,123.0
3647,2840,30403.0,94.0
3648,2839,606.0,133.0
3649,2839,377.0,131.0
3650,2836,2617.0,327.0
3651,2835,432.0,131.0
3652,2835,270.0,131.0
3653,2834,274.0,194.0
3654,2833,306.0,131.0
3655,2830,38.0,147.0
3656,2830,2409.0,206.0
3657,2826,8.0,203.0
3658,2825,2276.0,447.0
3659,2820,3.0,120.0
3660,2817,63.0,237.0
3661,2811,10.0,117.0
3662,2811,2496.0,208.0
3663,2810,38.0,128.0
3664,2808,2610.0,117.0
3665,2805,370.0,178.0
3666,2797,462.0,116.0
3667,2797,265.0,211.0
3668,2796,872.0,190.0
3669,2782,992.0,132.0
3670,2781,91.0,114.0
3671,2781,1340.0,156.0
3672,2777,7.0,126.0
3673,2775,21.0,118.0
3674,2774,578.0,130.0
3675,2771,8.0,194.0
3676,2771,1121.0,151.0
3677,2771,494.0,151.0
3678,2769,408.0,190.0
3679,2767,1185.0,99.0
3680,2766,1.0,137.0
3681,2766,19.0,137.0
3682,2765,234.0,165.0
3683,2765,111.0,130.0
3684,2763,83.0,174.0
3685,2760,766.0,161.0
3686,2759,143.0,113.0
3687,2758,925.0,928.0
3688,2755,680.0,150.0
3689,2754,0.0,177.0
3690,2746,37.0,120.0
3691,2746,128.0,190.0
3692,2746,37.0,120.0
3693,2743,92.0,130.0
3694,2742,898.0,190.0
3695,2740,31.0,131.0
3696,2740,986.0,190.0
3697,2739,15.0,210.0
3698,2737,1480.0,156.0
3699,2735,88.0,245.0
3700,2735,80.0,245.0
3701,2734,1232.0,147.0
3702,2734,12.0,137.0
3703,2734,395.0,127.0
3704,2730,82.0,245.0
3705,2730,91.0,245.0
3706,2729,822.0,147.0
3707,2728,28765.0,159.0
3708,2728,400.0,126.0
3709,2727,7840.0,179.0
3710,2726,7.0,126.0
3711,2722,58.0,239.0
3712,2719,2285.0,147.0
3713,2718,799.0,158.0
3714,2717,14.0,245.0
3715,2714,185.0,205.0
3716,2713,109.0,137.0
3717,2712,85251.0,129.0
3718,2709,711.0,180.0
3719,2709,45.0,180.0
3720,2708,22.0,125.0
3721,2707,3.0,131.0
3722,2707,42.0,201.0
3723,2705,316.0,226.0
3724,2703,30837.0,162.0
3725,2702,5373.0,203.0
3726,2700,58.0,184.0
3727,2697,14.0,150.0
3728,2697,19.0,152.0
3729,2697,342.0,125.0
3730,2697,29.0,122.0
3731,2697,494.0,142.0
3732,2697,29.0,124.0
3733,2697,34.0,122.0
3734,2696,66.0,122.0
3735,2696,717.0,184.0
3736,2695,98.0,198.0
3737,2695,8.0,193.0
3738,2693,74.0,131.0
3739,2691,18611.0,289.0
3740,2690,1053.0,415.0
3741,2689,359.0,139.0
3742,2689,468.0,196.0
3743,2686,285.0,190.0
3744,2683,273.0,184.0
3745,2682,26.0,186.0
3746,2680,310.0,188.0
3747,2680,26305.0,265.0
3748,2674,9.0,193.0
3749,2674,281.0,191.0
3750,2670,74.0,141.0
3751,2665,573.0,122.0
3752,2661,1.0,117.0
3753,2653,11895.0,167.0
3754,2653,58764.0,167.0
3755,2653,58764.0,99.0
3756,2653,11895.0,99.0
3757,2648,325.0,200.0
3758,2645,675.0,181.0
3759,2642,66287.0,152.0
3760,2641,93816.0,406.0
3761,2641,13.0,204.0
3762,2637,75399.0,177.0
3763,2635,841.0,190.0
3764,2630,1388.0,241.0
3765,2627,110.0,131.0
3766,2626,54.0,221.0
3767,2626,244.0,134.0
3768,2625,240.0,224.0
3769,2624,161.0,226.0
3770,2623,94.0,213.0
3771,2620,4123.0,213.0
3772,2619,5.0,137.0
3773,2607,46899.0,300.0
3774,2604,2983.0,342.0
3775,2603,1860.0,183.0
3776,2596,197.0,182.0
3777,2592,42.0,216.0
3778,2592,537.0,128.0
3779,2592,39.0,216.0
3780,2589,38.0,120.0
3781,2589,35.0,120.0
3782,2583,33.0,115.0
3783,2582,72.0,117.0
3784,2580,308.0,108.0
3785,2577,2075.0,192.0
3786,2576,303.0,122.0
3787,2572,762.0,570.0
3788,2567,1230.0,147.0
3789,2562,9.0,123.0
3790,2561,481.0,128.0
3791,2560,263.0,215.0
3792,2560,27.0,114.0
3793,2558,436.0,111.0
3794,2557,115.0,202.0
3795,2556,678.0,179.0
3796,2556,27133.0,270.0
3797,2555,18291.0,129.0
3798,2552,869.0,146.0
3799,2547,403.0,146.0
3800,2546,6.0,197.0
3801,2541,11584.0,150.0
3802,2537,12913.0,261.0
3803,2535,111.0,118.0
3804,2531,52.0,197.0
3805,2528,6.0,200.0
3806,2528,462.0,183.0
3807,2526,105.0,113.0
3808,2521,114.0,234.0
3809,2520,144.0,200.0
3810,2520,96.0,128.0
3811,2518,922.0,100.0
3812,2517,19069.0,120.0
3813,2516,807.0,179.0
3814,2515,1.0,204.0
3815,2515,28.0,204.0
3816,2514,7.0,329.0
3817,2514,2.0,329.0
3818,2513,9431.0,175.0
3819,2512,72948.0,158.0
3820,2511,4.0,187.0
3821,2509,2.0,115.0
3822,2509,54.0,137.0
3823,2509,2.0,169.0
3824,2509,350.0,200.0
3825,2508,85.0,194.0
3826,2507,212.0,201.0
3827,2506,530.0,200.0
3828,2506,16008.0,125.0
3829,2502,82.0,130.0
3830,2502,360.0,109.0
3831,2498,183.0,131.0
3832,2497,15902.0,118.0
3833,2495,785.0,210.0
3834,2490,231.0,358.0
3835,2487,15529.0,141.0
3836,2481,9421.0,358.0
3837,2481,11.0,81.0
3838,2480,3945.0,181.0
3839,2476,847.0,179.0
3840,2475,791.0,183.0
3841,2474,403.0,183.0
3842,2472,205.0,217.0
3843,2472,516.0,114.0
3844,2470,659.0,165.0
3845,2469,332.0,168.0
3846,2469,82.0,176.0
3847,2468,6.0,194.0
3848,2468,6.0,194.0
3849,2468,6.0,194.0
3850,2468,6.0,194.0
3851,2468,5762.0,185.0
3852,2468,217.0,194.0
3853,2465,156.0,115.0
3854,2464,433.0,226.0
3855,2463,213.0,119.0
3856,2459,16528.0,115.0
3857,2456,510.0,131.0
3858,2452,278.0,167.0
3859,2450,5.0,187.0
3860,2449,36276.0,168.0
3861,2448,622.0,218.0
3862,2443,339.0,346.0
3863,2438,918.0,104.0
3864,2437,356.0,178.0
3865,2436,760.0,149.0
3866,2436,316.0,185.0
3867,2433,76816.0,176.0
3868,2430,1254.0,223.0
3869,2430,78876.0,174.0
3870,2428,20.0,245.0
3871,2427,1772.0,178.0
3872,2426,54.0,132.0
3873,2418,41.0,199.0
3874,2409,145.0,119.0
3875,2406,260.0,103.0
3876,2404,1770.0,153.0
3877,2404,800.0,205.0
3878,2400,616.0,193.0
3879,2400,442.0,125.0
3880,2400,434.0,125.0
3881,2398,474.0,155.0
3882,2397,6.0,143.0
3883,2397,30931.0,194.0
3884,2396,2.0,113.0
3885,2396,18.0,139.0
3886,2395,298.0,185.0
3887,2393,1331.0,135.0
3888,2391,1.0,119.0
3889,2390,264.0,171.0
3890,2389,4936.0,168.0
3891,2381,1300.0,152.0
3892,2381,1371.0,152.0
3893,2378,230.0,183.0
3894,2375,90.0,121.0
3895,2373,82907.0,168.0
3896,2372,38.0,130.0
3897,2368,12322.0,186.0
3898,2364,18.0,193.0
3899,2356,23616.0,258.0
3900,2352,246.0,148.0
3901,2345,1328.0,179.0
3902,2345,3952.0,141.0
3903,2344,55.0,233.0
3904,2342,757.0,125.0
3905,2341,5772.0,343.0
3906,2335,16438.0,175.0
3907,2334,82466.0,176.0
3908,2333,5840.0,122.0
3909,2333,6611.0,161.0
3910,2327,362.0,189.0
3911,2327,10.0,211.0
3912,2326,8.0,218.0
3913,2323,62.0,120.0
3914,2321,2643.0,133.0
3915,2315,80.0,119.0
3916,2315,1224.0,204.0
3917,2309,1284.0,204.0
3918,2308,340.0,311.0
3919,2306,27995.0,108.0
3920,2305,431.0,156.0
3921,2305,47.0,127.0
3922,2305,2291.0,177.0
3923,2305,80.0,127.0
3924,2304,2417.0,149.0
3925,2304,135.0,206.0
3926,2304,378.0,285.0
3927,2304,0.0,211.0
3928,2304,112.0,201.0
3929,2303,204.0,125.0
3930,2302,221.0,132.0
3931,2300,1.0,254.0
3932,2299,1749.0,171.0
3933,2298,1.0,277.0
3934,2298,8.0,203.0
3935,2296,354.0,113.0
3936,2296,3627.0,127.0
3937,2293,147559.0,421.0
3938,2293,2149.0,231.0
3939,2291,330.0,163.0
3940,2291,1208.0,173.0
3941,2289,8.0,181.0
3942,2287,1808.0,192.0
3943,2280,56.0,121.0
3944,2273,25843.0,265.0
3945,2271,1275.0,152.0
3946,2270,195.0,165.0
3947,2268,160.0,189.0
3948,2262,75394.0,176.0
3949,2261,98.0,118.0
3950,2260,38171.0,131.0
3951,2259,593.0,113.0
3952,2259,673.0,128.0
3953,2256,14.0,139.0
3954,2255,1060.0,212.0
3955,2250,8.0,113.0
3956,2247,657.0,234.0
3957,2246,20479.0,268.0
3958,2243,10195.0,218.0
3959,2241,1406.0,130.0
3960,2238,195.0,168.0
3961,2236,53.0,183.0
3962,2234,37179.0,173.0
3963,2233,1845.0,199.0
3964,2230,364.0,161.0
3965,2229,143.0,134.0
3966,2229,38.0,133.0
3967,2228,62.0,113.0
3968,2228,56.0,113.0
3969,2227,104.0,113.0
3970,2222,20727.0,238.0
3971,2222,336.0,209.0
3972,2222,331.0,209.0
3973,2222,340.0,209.0
3974,2222,432.0,209.0
3975,2222,484.0,209.0
3976,2222,408.0,209.0
3977,2222,297.0,209.0
3978,2222,280.0,209.0
3979,2221,31.0,177.0
3980,2219,23397.0,131.0
3981,2217,77.0,187.0
3982,2217,826.0,218.0
3983,2216,24438.0,390.0
3984,2216,1940.0,131.0
3985,2215,3309.0,145.0
3986,2215,9.0,146.0
3987,2213,1149.0,322.0
3988,2213,19199.0,169.0
3989,2211,333.0,180.0
3990,2210,333.0,228.0
3991,2209,62.0,198.0
3992,2206,7.0,177.0
3993,2205,347.0,184.0
3994,2203,1012.0,135.0
3995,2202,122.0,112.0
3996,2201,258.0,513.0
3997,2193,2.0,133.0
3998,2190,945.0,158.0
3999,2186,38.0,113.0
4000,2185,42.0,199.0
4001,2183,122.0,246.0
4002,2179,1083.0,187.0
4003,2176,14483.0,183.0
4004,2175,95.0,176.0
4005,2173,52240.0,329.0
4006,2170,1.0,122.0
4007,2169,32.0,190.0
4008,2168,1241.0,233.0
4009,2167,141.0,101.0
4010,2166,546.0,138.0
4011,2166,82.0,183.0
4012,2162,237.0,133.0
4013,2160,151753.0,175.0
4014,2154,541.0,140.0
4015,2152,285371.0,97.0
4016,2152,1303.0,152.0
4017,2152,113.0,103.0
4018,2151,550.0,132.0
4019,2151,34.0,184.0
4020,2150,6326.0,143.0
4021,2150,55.0,131.0
4022,2149,715.0,246.0
4023,2148,669.0,183.0
4024,2148,536.0,185.0
4025,2147,23.0,193.0
4026,2146,1120.0,121.0
4027,2145,12.0,131.0
4028,2144,29684.0,200.0
4029,2144,49841.0,292.0
4030,2135,909.0,180.0
4031,2127,239.0,225.0
4032,2126,228.0,126.0
4033,2126,209.0,126.0
4034,2126,227.0,126.0
4035,2126,5.0,230.0
4036,2124,1691.0,133.0
4037,2123,864.0,131.0
4038,2123,341.0,131.0
4039,2118,31.0,212.0
4040,2118,734.0,223.0
4041,2118,621.0,223.0
4042,2116,877.0,131.0
4043,2116,0.0,140.0
4044,2115,89251.0,209.0
4045,2113,32.0,212.0
4046,2110,12.0,191.0
4047,2109,2121.0,322.0
4048,2108,21.0,579.0
4049,2108,1017.0,223.0
4050,2108,39889.0,278.0
4051,2108,26.0,579.0
4052,2105,31.0,191.0
4053,2105,815.0,189.0
4054,2105,611.0,127.0
4055,2105,470.0,146.0
4056,2104,1228.0,181.0
4057,2103,79822.0,177.0
4058,2100,71.0,141.0
4059,2097,392.0,134.0
4060,2096,68.0,124.0
4061,2096,92.0,131.0
4062,2095,183.0,213.0
4063,2092,10.0,182.0
4064,2091,11391.0,165.0
4065,2090,25579.0,421.0
4066,2089,2284.0,322.0
4067,2084,2448.0,322.0
4068,2074,160.0,119.0
4069,2073,9.0,112.0
4070,2063,525.0,181.0
4071,2062,655.0,114.0
4072,2060,115.0,347.0
4073,2059,27.0,185.0
4074,2058,5629.0,451.0
4075,2053,281.0,150.0
4076,2053,541.0,389.0
4077,2051,91.0,193.0
4078,2051,117.0,124.0
4079,2049,22008.0,210.0
4080,2048,3729.0,322.0
4081,2048,939.0,212.0
4082,2047,4098.0,216.0
4083,2045,799.0,196.0
4084,2045,16.0,196.0
4085,2044,81172.0,173.0
4086,2038,1215.0,322.0
4087,2037,324.0,157.0
4088,2032,286.0,109.0
4089,2032,18356.0,374.0
4090,2029,2.0,190.0
4091,2027,16655.0,227.0
4092,2027,31.0,557.0
4093,2027,776.0,131.0
4094,2027,2589.0,421.0
4095,2025,120.0,191.0
4096,2025,2208.0,155.0
4097,2023,10.0,110.0
4098,2023,533.0,216.0
4099,2021,1821.0,421.0
4100,2021,209.0,185.0
4101,2018,18261.0,216.0
4102,2017,2634.0,209.0
4103,2017,407.0,152.0
4104,2016,2146.0,281.0
4105,2007,27116.0,382.0
4106,2007,341.0,131.0
4107,2005,459.0,276.0
4108,2004,229.0,211.0
4109,2004,362.0,122.0
4110,2004,218.0,211.0
4111,2004,7.0,176.0
4112,2002,97.0,187.0
4113,2001,72.0,117.0
4114,2001,2708.0,135.0
4115,2000,911.0,209.0
4116,2000,151.0,218.0
4117,1998,39.0,196.0
4118,1997,100.0,196.0
4119,1997,11.0,140.0
4120,1996,6972.0,168.0
4121,1992,1.0,131.0
4122,1991,20.0,190.0
4123,1984,9.0,118.0
4124,1984,2.0,126.0
4125,1983,896.0,126.0
4126,1983,1176.0,118.0
4127,1983,527.0,126.0
4128,1983,279.0,129.0
4129,1983,167.0,141.0
4130,1983,1344.0,129.0
4131,1983,93.0,115.0
4132,1983,1257.0,120.0
4133,1983,118.0,125.0
4134,1983,252.0,118.0
4135,1981,1054.0,123.0
4136,1981,358.0,182.0
4137,1979,914.0,129.0
4138,1978,409.0,186.0
4139,1978,457.0,123.0
4140,1977,17588.0,233.0
4141,1976,3739.0,180.0
4142,1976,3631.0,180.0
4143,1973,163.0,108.0
4144,1971,280.0,152.0
4145,1969,308.0,177.0
4146,1968,2787.0,135.0
4147,1968,1539.0,181.0
4148,1968,263561.0,244.0
4149,1966,10819.0,231.0
4150,1965,16.0,315.0
4151,1965,134.0,169.0
4152,1964,101.0,187.0
4153,1964,137.0,163.0
4154,1964,2.0,187.0
4155,1964,1271.0,187.0
4156,1962,298.0,172.0
4157,1962,190.0,170.0
4158,1961,185.0,112.0
4159,1960,413.0,188.0
4160,1960,460.0,197.0
4161,1959,52.0,131.0
4162,1957,103.0,187.0
4163,1956,188.0,444.0
4164,1954,477.0,131.0
4165,1951,462.0,138.0
4166,1950,92.0,126.0
4167,1950,3102.0,421.0
4168,1945,947.0,189.0
4169,1941,117.0,159.0
4170,1940,674.0,406.0
4171,1940,34316.0,193.0
4172,1938,330.0,194.0
4173,1935,21.0,126.0
4174,1934,13.0,126.0
4175,1934,29.0,126.0
4176,1932,142.0,185.0
4177,1930,18.0,579.0
4178,1927,26.0,192.0
4179,1925,208.0,123.0
4180,1924,330.0,246.0
4181,1924,712.0,200.0
4182,1922,16.0,579.0
4183,1921,9.0,141.0
4184,1921,94.0,98.0
4185,1920,73.0,146.0
4186,1920,404.0,177.0
4187,1920,7.0,192.0
4188,1918,24.0,120.0
4189,1918,32.0,120.0
4190,1917,24.0,120.0
4191,1916,27.0,120.0
4192,1916,5161.0,195.0
4193,1915,519.0,245.0
4194,1915,1289.0,307.0
4195,1915,501.0,245.0
4196,1915,42.0,192.0
4197,1914,1948.0,210.0
4198,1912,2948.0,191.0
4199,1912,17774.0,221.0
4200,1911,243.0,142.0
4201,1911,202.0,113.0
4202,1904,5.0,114.0
4203,1904,1446.0,121.0
4204,1902,20828.0,255.0
4205,1897,584.0,108.0
4206,1896,4539.0,181.0
4207,1895,257.0,150.0
4208,1894,17.0,117.0
4209,1894,8.0,107.0
4210,1892,1662.0,365.0
4211,1889,386.0,190.0
4212,1889,9134.0,209.0
4213,1887,6995.0,277.0
4214,1885,23.0,147.0
4215,1883,175.0,158.0
4216,1882,833.0,120.0
4217,1879,17711.0,238.0
4218,1878,2553.0,364.0
4219,1877,341.0,142.0
4220,1876,94.0,131.0
4221,1876,191.0,142.0
4222,1876,367.0,147.0
4223,1875,1030.0,194.0
4224,1873,235.0,138.0
4225,1872,117.0,467.0
4226,1872,26.0,168.0
4227,1871,72.0,104.0
4228,1868,19951.0,231.0
4229,1866,31.0,178.0
4230,1863,8.0,123.0
4231,1863,5133.0,183.0
4232,1862,392.0,200.0
4233,1861,81458.0,173.0
4234,1861,5895.0,150.0
4235,1860,186.0,118.0
4236,1858,405.0,186.0
4237,1857,203.0,216.0
4238,1857,89.0,216.0
4239,1856,13.0,200.0
4240,1855,6.0,147.0
4241,1855,861.0,116.0
4242,1853,5.0,119.0
4243,1851,102.0,194.0
4244,1848,1610.0,162.0
4245,1848,83091.0,181.0
4246,1847,1665.0,169.0
4247,1844,812.0,131.0
4248,1843,172.0,179.0
4249,1839,598.0,130.0
4250,1838,328.0,216.0
4251,1838,1536.0,180.0
4252,1837,146.0,184.0
4253,1830,12738.0,142.0
4254,1829,71.0,131.0
4255,1821,262.0,199.0
4256,1820,4534.0,191.0
4257,1818,6715.0,217.0
4258,1818,295.0,177.0
4259,1817,1193.0,169.0
4260,1814,55.0,178.0
4261,1811,34.0,245.0
4262,1811,26.0,245.0
4263,1803,8.0,337.0
4264,1803,89.0,220.0
4265,1802,187.0,199.0
4266,1801,177.0,121.0
4267,1799,92.0,245.0
4268,1799,72.0,245.0
4269,1799,18.0,116.0
4270,1795,668.0,335.0
4271,1795,300062.0,115.0
4272,1794,129.0,306.0
4273,1793,1573.0,114.0
4274,1792,177.0,99.0
4275,1792,582.0,134.0
4276,1792,714.0,188.0
4277,1789,7703.0,208.0
4278,1786,532.0,125.0
4279,1785,253.0,184.0
4280,1785,728.0,184.0
4281,1785,17692.0,224.0
4282,1784,373.0,168.0
4283,1781,537.0,155.0
4284,1781,1339.0,155.0
4285,1780,834.0,178.0
4286,1779,722.0,178.0
4287,1777,14.0,184.0
4288,1777,124.0,184.0
4289,1777,201.0,184.0
4290,1777,18.0,184.0
4291,1777,20.0,184.0
4292,1777,16.0,184.0
4293,1777,1928.0,220.0
4294,1776,131.0,163.0
4295,1776,167.0,163.0
4296,1774,12.0,152.0
4297,1769,8553.0,480.0
4298,1767,56.0,350.0
4299,1766,79767.0,70.0
4300,1766,349.0,263.0
4301,1760,6009.0,219.0
4302,1759,204.0,141.0
4303,1757,2767.0,171.0
4304,1756,1830.0,113.0
4305,1755,641.0,171.0
4306,1754,2762.0,142.0
4307,1753,3883.0,200.0
4308,1752,146.0,168.0
4309,1752,2.0,230.0
4310,1750,14.0,189.0
4311,1749,20.0,140.0
4312,1749,66.0,275.0
4313,1749,3538.0,189.0
4314,1749,112.0,175.0
4315,1745,396.0,241.0
4316,1742,62.0,118.0
4317,1742,80118.0,171.0
4318,1742,135.0,275.0
4319,1741,386.0,187.0
4320,1741,169.0,209.0
4321,1740,4.0,182.0
4322,1737,5508.0,167.0
4323,1736,378.0,209.0
4324,1736,39.0,154.0
4325,1735,10.0,113.0
4326,1734,2336.0,130.0
4327,1734,2.0,106.0
4328,1731,85553.0,170.0
4329,1731,12794.0,289.0
4330,1731,293.0,141.0
4331,1730,15.0,195.0
4332,1729,2901.0,206.0
4333,1728,22.0,134.0
4334,1728,75.0,182.0
4335,1728,18.0,134.0
4336,1728,0.0,119.0
4337,1725,4485.0,123.0
4338,1725,272.0,195.0
4339,1724,349.0,387.0
4340,1724,1643.0,361.0
4341,1724,80201.0,70.0
4342,1724,179.0,108.0
4343,1722,31738.0,189.0
4344,1721,1216.0,233.0
4345,1721,171.0,141.0
4346,1721,11.0,197.0
4347,1720,1187.0,166.0
4348,1719,151.0,177.0
4349,1717,79940.0,70.0
4350,1716,21293.0,224.0
4351,1716,24590.0,184.0
4352,1715,138.0,121.0
4353,1713,480.0,182.0
4354,1712,313.0,121.0
4355,1708,21.0,177.0
4356,1706,171.0,184.0
4357,1706,1006.0,173.0
4358,1704,31.0,153.0
4359,1699,36.0,194.0
4360,1699,15899.0,113.0
4361,1699,1096.0,112.0
4362,1696,1734.0,386.0
4363,1695,113.0,140.0
4364,1695,295.0,130.0
4365,1694,104.0,187.0
4366,1694,19.0,187.0
4367,1694,550.0,123.0
4368,1694,125.0,123.0
4369,1693,5608.0,199.0
4370,1692,231.0,140.0
4371,1692,255.0,423.0
4372,1691,54.0,133.0
4373,1690,4958.0,195.0
4374,1685,103.0,131.0
4375,1684,21802.0,184.0
4376,1683,5446.0,189.0
4377,1682,142.0,134.0
4378,1682,31.0,184.0
4379,1682,16.0,122.0
4380,1682,22.0,163.0
4381,1681,145.0,131.0
4382,1679,912.0,116.0
4383,1678,18781.0,164.0
4384,1678,286.0,114.0
4385,1677,158.0,185.0
4386,1676,52.0,121.0
4387,1675,12239.0,142.0
4388,1674,34.0,136.0
4389,1672,249.0,248.0
4390,1672,33244.0,191.0
4391,1670,1688.0,142.0
4392,1670,4626.0,185.0
4393,1668,4942.0,188.0
4394,1667,2397.0,134.0
4395,1667,6985.0,191.0
4396,1666,984.0,192.0
4397,1666,25913.0,110.0
4398,1664,298.0,151.0
4399,1663,21506.0,224.0
4400,1661,2941.0,188.0
4401,1660,153.0,117.0
4402,1657,185.0,140.0
4403,1654,24.0,167.0
4404,1654,30338.0,194.0
4405,1654,661.0,170.0
4406,1652,977.0,144.0
4407,1650,11383.0,196.0
4408,1649,2233.0,162.0
4409,1649,1026.0,103.0
4410,1648,348.0,140.0
4411,1644,545.0,138.0
4412,1642,24.0,137.0
4413,1640,290.0,123.0
4414,1640,264.0,115.0
4415,1636,9.0,195.0
4416,1635,527.0,239.0
4417,1634,13.0,201.0
4418,1632,6135.0,222.0
4419,1631,150.0,112.0
4420,1630,2539.0,126.0
4421,1629,20186.0,126.0
4422,1629,3636.0,421.0
4423,1629,2989.0,126.0
4424,1629,2620.0,126.0
4425,1628,6549.0,168.0
4426,1627,4819.0,126.0
4427,1626,32592.0,191.0
4428,1625,9.0,128.0
4429,1624,1609.0,349.0
4430,1624,789.0,131.0
4431,1623,1653.0,421.0
4432,1620,1155.0,216.0
4433,1620,2347.0,306.0
4434,1619,37.0,201.0
4435,1619,1.0,122.0
4436,1618,562.0,153.0
4437,1618,106.0,139.0
4438,1616,637.0,173.0
4439,1616,25.0,138.0
4440,1615,20860.0,228.0
4441,1613,570.0,191.0
4442,1612,74.0,134.0
4443,1611,6.0,122.0
4444,1608,325.0,195.0
4445,1607,52263.0,125.0
4446,1606,53724.0,203.0
4447,1605,71.0,173.0
4448,1604,296.0,159.0
4449,1600,515.0,166.0
4450,1597,386.0,122.0
4451,1596,539.0,125.0
4452,1591,417.0,169.0
4453,1590,123152.0,166.0
4454,1590,730.0,209.0
4455,1590,213.0,117.0
4456,1589,21772.0,228.0
4457,1588,381.0,323.0
4458,1588,19.0,180.0
4459,1587,64.0,165.0
4460,1584,14.0,181.0
4461,1583,7985.0,129.0
4462,1581,1.0,97.0
4463,1576,224.0,184.0
4464,1576,193.0,190.0
4465,1574,1350.0,134.0
4466,1572,17.0,193.0
4467,1570,21.0,225.0
4468,1570,154.0,185.0
4469,1569,103.0,125.0
4470,1569,102.0,129.0
4471,1569,606.0,129.0
4472,1568,326.0,155.0
4473,1568,647.0,172.0
4474,1567,1257.0,166.0
4475,1567,62.0,132.0
4476,1567,319.0,121.0
4477,1566,291.0,137.0
4478,1564,28.0,154.0
4479,1562,31659.0,203.0
4480,1561,11661.0,205.0
4481,1561,1067.0,176.0
4482,1560,417.0,128.0
4483,1558,3914.0,164.0
4484,1558,1106.0,227.0
4485,1557,162.0,160.0
4486,1554,2589.0,374.0
4487,1550,81.0,126.0
4488,1548,432.0,200.0
4489,1548,8474.0,181.0
4490,1547,5400.0,169.0
4491,1546,19.0,166.0
4492,1545,16628.0,179.0
4493,1542,784.0,126.0
4494,1540,54.0,158.0
4495,1539,16.0,245.0
4496,1538,671.0,201.0
4497,1537,76.0,208.0
4498,1537,206.0,188.0
4499,1536,431.0,196.0
4500,1533,1053.0,132.0
4501,1532,16.0,113.0
4502,1531,31.0,199.0
4503,1530,94.0,132.0
4504,1527,129.0,176.0
4505,1527,42235.0,178.0
4506,1526,3068.0,125.0
4507,1525,8061.0,172.0
4508,1525,8.0,192.0
4509,1524,1982.0,211.0
4510,1523,2.0,183.0
4511,1523,26.0,147.0
4512,1519,460.0,192.0
4513,1518,37.0,118.0
4514,1516,23346.0,235.0
4515,1514,397.0,122.0
4516,1514,70.0,125.0
4517,1512,27.0,185.0
4518,1510,121.0,214.0
4519,1510,42.0,121.0
4520,1510,22.0,121.0
4521,1510,697.0,342.0
4522,1509,2325.0,142.0
4523,1507,39.0,88.0
4524,1507,2305.0,175.0
4525,1507,12201.0,159.0
4526,1505,967.0,229.0
4527,1504,9.0,190.0
4528,1503,38.0,193.0
4529,1500,16.0,165.0
4530,1500,31.0,93.0
4531,1500,19.0,165.0
4532,1500,10.0,212.0
4533,1497,243.0,169.0
4534,1497,5836.0,330.0
4535,1495,1618.0,227.0
4536,1494,29.0,119.0
4537,1494,65.0,151.0
4538,1494,89.0,145.0
4539,1493,59509.0,202.0
4540,1492,1159.0,132.0
4541,1491,190.0,142.0
4542,1491,7.0,200.0
4543,1489,1500.0,179.0
4544,1488,3886.0,169.0
4545,1488,222.0,208.0
4546,1487,12.0,131.0
4547,1487,443.0,169.0
4548,1487,62.0,169.0
4549,1487,17508.0,142.0
4550,1486,118.0,198.0
4551,1483,113.0,147.0
4552,1482,76.0,120.0
4553,1480,5.0,147.0
4554,1479,14382.0,179.0
4555,1479,427.0,194.0
4556,1479,3.0,129.0
4557,1479,651.0,226.0
4558,1477,596.0,208.0
4559,1477,8.0,122.0
4560,1475,68.0,247.0
4561,1474,11.0,196.0
4562,1473,920.0,516.0
4563,1473,251.0,135.0
4564,1468,263.0,116.0
4565,1467,184.0,226.0
4566,1467,3.0,135.0
4567,1465,36343.0,194.0
4568,1463,138.0,188.0
4569,1463,432.0,140.0
4570,1462,55.0,117.0
4571,1461,131.0,122.0
4572,1461,155.0,189.0
4573,1459,188.0,140.0
4574,1458,1487.0,147.0
4575,1456,15.0,155.0
4576,1455,907.0,315.0
4577,1455,11404.0,217.0
4578,1454,367.0,119.0
4579,1454,124369.0,189.0
4580,1454,14688.0,112.0
4581,1454,133803.0,186.0
4582,1452,1411.0,285.0
4583,1452,1.0,174.0
4584,1452,1353.0,452.0
4585,1451,393.0,158.0
4586,1451,47.0,96.0
4587,1451,49.0,125.0
4588,1451,42308.0,143.0
4589,1451,42308.0,143.0
4590,1451,42309.0,143.0
4591,1451,578.0,253.0
4592,1450,30301.0,140.0
4593,1450,27.0,182.0
4594,1450,91.0,196.0
4595,1450,269.0,116.0
4596,1449,295.0,123.0
4597,1449,387.0,140.0
4598,1449,4780.0,210.0
4599,1448,1949.0,185.0
4600,1448,84.0,121.0
4601,1448,1406.0,213.0
4602,1448,6.0,104.0
4603,1448,696.0,140.0
4604,1447,200.0,213.0
4605,1447,676.0,208.0
4606,1447,181.0,131.0
4607,1447,4723.0,244.0
4608,1446,155.0,185.0
4609,1446,445.0,147.0
4610,1446,280.0,179.0
4611,1446,8547.0,206.0
4612,1446,477.0,182.0
4613,1446,334.0,193.0
4614,1446,3810.0,147.0
4615,1446,63.0,213.0
4616,1446,199.0,193.0
4617,1446,967.0,178.0
4618,1446,137.0,183.0
4619,1445,5444.0,185.0
4620,1445,818.0,133.0
4621,1445,951.0,133.0
4622,1445,66.0,114.0
4623,1445,137.0,122.0
4624,1445,173.0,183.0
4625,1445,831.0,133.0
4626,1445,828.0,133.0
4627,1445,46.0,134.0
4628,1445,740.0,184.0
4629,1445,772.0,133.0
4630,1445,902.0,169.0
4631,1445,47.0,121.0
4632,1445,1.0,121.0
4633,1445,150.0,143.0
4634,1445,1123.0,96.0
4635,1445,770.0,148.0
4636,1445,61.0,151.0
4637,1445,395.0,115.0
4638,1445,46.0,151.0
4639,1445,1.0,111.0
4640,1445,504.0,168.0
4641,1445,628.0,797.0
4642,1445,841.0,176.0
4643,1445,5037.0,185.0
4644,1445,1705.0,433.0
4645,1445,0.0,102.0
4646,1445,237.0,95.0
4647,1445,0.0,111.0
4648,1445,792.0,133.0
4649,1445,174.0,202.0
4650,1445,841.0,133.0
4651,1445,420.0,297.0
4652,1445,835.0,133.0
4653,1445,825.0,133.0
4654,1445,215.0,185.0
4655,1445,0.0,111.0
4656,1445,2264.0,130.0
4657,1445,939.0,108.0
4658,1445,2.0,175.0
4659,1445,263.0,135.0
4660,1445,69.0,121.0
4661,1445,197.0,123.0
4662,1445,134.0,98.0
4663,1445,50.0,121.0
4664,1445,134.0,115.0
4665,1445,1805.0,103.0
4666,1445,248.0,109.0
4667,1445,1.0,111.0
4668,1445,4.0,115.0
4669,1445,2509.0,151.0
4670,1445,34.0,112.0
4671,1444,73.0,121.0
4672,1444,426.0,178.0
4673,1444,54.0,121.0
4674,1444,520.0,560.0
4675,1444,223.0,233.0
4676,1444,727.0,126.0
4677,1444,66.0,121.0
4678,1444,50.0,121.0
4679,1444,20453.0,180.0
4680,1444,416.0,297.0
4681,1443,98.0,164.0
4682,1443,53.0,121.0
4683,1443,12945.0,144.0
4684,1443,65.0,121.0
4685,1443,10.0,178.0
4686,1443,209.0,196.0
4687,1443,52.0,121.0
4688,1443,15122.0,119.0
4689,1442,1083.0,165.0
4690,1442,1036.0,131.0
4691,1442,271.0,120.0
4692,1442,139.0,191.0
4693,1442,53.0,185.0
4694,1442,77.0,134.0
4695,1442,108.0,134.0
4696,1442,1712.0,158.0
4697,1442,1953.0,413.0
4698,1442,1358.0,207.0
4699,1442,2731.0,183.0
4700,1442,3078.0,191.0
4701,1442,4530.0,148.0
4702,1442,63.0,185.0
4703,1442,3125.0,156.0
4704,1442,936.0,215.0
4705,1442,1243.0,212.0
4706,1442,1268.0,198.0
4707,1442,29820.0,117.0
4708,1442,6174.0,383.0
4709,1442,7488.0,101.0
4710,1442,6247.0,383.0
4711,1442,381.0,188.0
4712,1442,536.0,148.0
4713,1442,111.0,184.0
4714,1442,32.0,337.0
4715,1442,64.0,337.0
4716,1442,227.0,215.0
4717,1442,1603.0,196.0
4718,1442,2926.0,132.0
4719,1442,97.0,212.0
4720,1442,5881.0,444.0
4721,1441,3204.0,147.0
4722,1441,2831.0,191.0
4723,1441,5563.0,206.0
4724,1441,134.0,193.0
4725,1441,34243.0,116.0
4726,1441,80.0,198.0
4727,1441,8120.0,153.0
4728,1441,2767.0,983.0
4729,1441,831.0,183.0
4730,1441,188.0,94.0
4731,1441,134.0,169.0
4732,1441,348.0,184.0
4733,1441,71.0,122.0
4734,1441,372.0,178.0
4735,1441,1913.0,178.0
4736,1441,412.0,188.0
4737,1441,3442.0,120.0
4738,1441,6753.0,153.0
4739,1441,13.0,153.0
4740,1441,353.0,144.0
4741,1441,17.0,117.0
4742,1441,835.0,128.0
4743,1441,844.0,181.0
4744,1441,2134.0,174.0
4745,1441,5735.0,444.0
4746,1441,219.0,385.0
4747,1441,7746.0,168.0
4748,1441,4699.0,220.0
4749,1441,879.0,185.0
4750,1441,3416.0,267.0
4751,1441,359.0,164.0
4752,1441,455.0,332.0
4753,1441,5209.0,126.0
4754,1441,235.0,284.0
4755,1441,59.0,121.0
4756,1441,201.0,186.0
4757,1441,79.0,203.0
4758,1441,693.0,184.0
4759,1441,0.0,132.0
4760,1441,301.0,192.0
4761,1441,117.0,191.0
4762,1441,230.0,210.0
4763,1441,296.0,108.0
4764,1441,2303.0,171.0
4765,1441,238.0,210.0
4766,1441,381.0,290.0
4767,1441,4181.0,184.0
4768,1441,112.0,195.0
4769,1441,1.0,101.0
4770,1441,3677.0,119.0
4771,1441,0.0,184.0
4772,1441,336.0,186.0
4773,1441,151.0,195.0
4774,1441,21104.0,99.0
4775,1441,236.0,196.0
4776,1441,150.0,203.0
4777,1441,169.0,228.0
4778,1441,114.0,187.0
4779,1441,891.0,345.0
4780,1441,664.0,198.0
4781,1441,273.0,210.0
4782,1441,174.0,177.0
4783,1441,3691.0,193.0
4784,1441,336.0,195.0
4785,1441,883.0,205.0
4786,1441,107.0,188.0
4787,1441,386.0,193.0
4788,1441,156.0,188.0
4789,1441,6937.0,148.0
4790,1441,220.0,205.0
4791,1441,6094.0,212.0
4792,1441,242.0,196.0
4793,1441,924.0,345.0
4794,1441,184.0,189.0
4795,1441,2057.0,193.0
4796,1441,157.0,298.0
4797,1441,203.0,142.0
4798,1441,205.0,142.0
4799,1441,180.0,189.0
4800,1441,443.0,180.0
4801,1441,195.0,253.0
4802,1441,788.0,183.0
4803,1441,851.0,182.0
4804,1441,137.0,188.0
4805,1441,795.0,183.0
4806,1441,181.0,196.0
4807,1441,8.0,142.0
4808,1441,252.0,240.0
4809,1441,54919.0,558.0
4810,1441,47485.0,558.0
4811,1441,129.0,130.0
4812,1441,101.0,149.0
4813,1441,2749.0,131.0
4814,1441,2331.0,298.0
4815,1441,5537.0,201.0
4816,1441,224.0,197.0
4817,1441,892.0,179.0
4818,1441,2229.0,267.0
4819,1441,444.0,128.0
4820,1441,512.0,178.0
4821,1441,2239.0,174.0
4822,1441,205.0,193.0
4823,1441,113.0,306.0
4824,1441,723.0,131.0
4825,1441,1831.0,185.0
4826,1441,988.0,190.0
4827,1441,193.0,192.0
4828,1441,174.0,182.0
4829,1441,974.0,186.0
4830,1441,154.0,162.0
4831,1441,4014.0,122.0
4832,1440,448.0,206.0
4833,1440,448.0,206.0
4834,1440,9.0,107.0
4835,1440,447.0,206.0
4836,1440,0.0,118.0
4837,1440,269.0,142.0
4838,1440,59707.0,288.0
4839,1440,59667.0,288.0
4840,1440,57.0,136.0
4841,1440,61.0,143.0
4842,1440,57.0,136.0
4843,1440,0.0,158.0
4844,1440,220.0,136.0
4845,1440,16.0,146.0
4846,1440,65.0,108.0
4847,1440,99.0,135.0
4848,1440,35.0,121.0
4849,1440,92.0,191.0
4850,1440,112.0,191.0
4851,1440,880.0,113.0
4852,1440,5585.0,137.0
4853,1440,8.0,99.0
4854,1440,405.0,131.0
4855,1440,896.0,175.0
4856,1440,1728.0,176.0
4857,1440,49.0,262.0
4858,1440,73.0,129.0
4859,1440,117.0,128.0
4860,1440,75.0,129.0
4861,1440,3.0,155.0
4862,1440,9684.0,115.0
4863,1440,144.0,188.0
4864,1440,59702.0,288.0
4865,1440,59708.0,288.0
4866,1440,59648.0,288.0
4867,1440,59707.0,288.0
4868,1440,47.0,111.0
4869,1440,231.0,134.0
4870,1440,7.0,144.0
4871,1440,6.0,152.0
4872,1440,6.0,152.0
4873,1440,1.0,149.0
4874,1440,1.0,149.0
4875,1440,20.0,153.0
4876,1440,20.0,153.0
4877,1440,7.0,153.0
4878,1440,8.0,153.0
4879,1440,1.0,144.0
4880,1440,7.0,144.0
4881,1440,876.0,141.0
4882,1440,167.0,159.0
4883,1440,26.0,104.0
4884,1440,25.0,99.0
4885,1440,34.0,250.0
4886,1440,28.0,107.0
4887,1440,448.0,206.0
4888,1440,269.0,130.0
4889,1440,131.0,158.0
4890,1440,247.0,135.0
4891,1440,99.0,135.0
4892,1440,3.0,140.0
4893,1440,30208.0,558.0
4894,1440,10.0,140.0
4895,1440,3.0,125.0
4896,1440,3.0,140.0
4897,1440,1883.0,143.0
4898,1440,2.0,119.0
4899,1440,140.0,189.0
4900,1440,120.0,111.0
4901,1440,120.0,111.0
4902,1440,3.0,155.0
4903,1440,1140.0,189.0
4904,1440,249.0,191.0
4905,1440,72.0,121.0
4906,1440,72.0,121.0
4907,1440,155.0,131.0
4908,1440,183.0,185.0
4909,1440,2.0,117.0
4910,1440,25.0,123.0
4911,1440,897.0,121.0
4912,1440,325.0,187.0
4913,1440,305.0,187.0
4914,1440,10.0,138.0
4915,1440,12.0,131.0
4916,1440,315.0,278.0
4917,1440,6.0,116.0
4918,1440,64.0,162.0
4919,1440,0.0,138.0
4920,1440,14.0,131.0
4921,1440,1.0,114.0
4922,1440,22.0,129.0
4923,1440,116.0,120.0
4924,1440,840.0,200.0
4925,1440,258.0,149.0
4926,1440,133.0,138.0
4927,1440,95.0,119.0
4928,1440,501.0,179.0
4929,1440,343.0,179.0
4930,1440,17.0,119.0
4931,1440,104.0,116.0
4932,1440,122.0,119.0
4933,1440,117.0,130.0
4934,1440,125.0,117.0
4935,1440,35.0,209.0
4936,1440,5182.0,121.0
4937,1440,40.0,105.0
4938,1440,59.0,163.0
4939,1440,212.0,163.0
4940,1440,68.0,209.0
4941,1440,47.0,132.0
4942,1440,0.0,126.0
4943,1440,0.0,147.0
4944,1440,0.0,144.0
4945,1440,6.0,144.0
4946,1440,4730.0,258.0
4947,1440,190.0,180.0
4948,1440,431.0,125.0
4949,1440,32.0,120.0
4950,1440,41.0,118.0
4951,1440,866.0,125.0
4952,1440,3683.0,464.0
4953,1440,34.0,115.0
4954,1440,743.0,87.0
4955,1440,54.0,135.0
4956,1440,448.0,217.0
4957,1440,78.0,101.0
4958,1440,712.0,133.0
4959,1440,71.0,137.0
4960,1440,300.0,117.0
4961,1440,175.0,126.0
4962,1440,82.0,209.0
4963,1440,416.0,137.0
4964,1440,1155.0,122.0
4965,1440,1367.0,139.0
4966,1440,71.0,121.0
4967,1440,7231.0,293.0
4968,1440,48.0,115.0
4969,1440,0.0,130.0
4970,1440,957.0,161.0
4971,1440,35.0,436.0
4972,1440,29.0,436.0
4973,1440,0.0,115.0
4974,1440,5.0,166.0
4975,1440,294.0,114.0
4976,1440,1497.0,108.0
4977,1440,482.0,126.0
4978,1440,388.0,131.0
4979,1440,814.0,179.0
4980,1440,189.0,197.0
4981,1440,896.0,179.0
4982,1440,100.0,346.0
4983,1440,74.0,291.0
4984,1440,66.0,291.0
4985,1440,4.0,144.0
4986,1440,5.0,144.0
4987,1440,7.0,144.0
4988,1440,146.0,95.0
4989,1440,362.0,446.0
4990,1440,0.0,120.0
4991,1440,752.0,124.0
4992,1440,113.0,326.0
4993,1440,3912.0,185.0
4994,1440,7.0,110.0
4995,1440,2211.0,121.0
4996,1440,193.0,124.0
4997,1440,480.0,183.0
4998,1440,178.0,160.0
4999,1440,89.0,135.0
5000,1440,5239.0,146.0
5001,1440,8.0,114.0
5002,1440,9.0,114.0
5003,1440,542.0,136.0
5004,1440,1613.0,146.0
5005,1440,557.0,146.0
5006,1440,524.0,146.0
5007,1440,97.0,192.0
5008,1440,5128.0,161.0
5009,1440,1036.0,446.0
5010,1440,133.0,194.0
5011,1440,340.0,529.0
5012,1440,27.0,170.0
5013,1440,1487.0,289.0
5014,1440,1987.0,187.0
5015,1440,1502.0,289.0
5016,1440,5.0,123.0
5017,1440,0.0,112.0
5018,1440,908.0,177.0
5019,1440,6.0,115.0
5020,1440,73.0,121.0
5021,1440,71.0,104.0
5022,1440,0.0,127.0
5023,1440,2.0,126.0
5024,1440,777.0,113.0
5025,1440,362.0,100.0
5026,1440,328.0,100.0
5027,1440,434.0,220.0
5028,1440,571.0,100.0
5029,1440,360.0,100.0
5030,1440,1725.0,134.0
5031,1440,339.0,100.0
5032,1440,270.0,123.0
5033,1440,399.0,123.0
5034,1440,324.0,123.0
5035,1440,10.0,123.0
5036,1440,178.0,123.0
5037,1440,2140.0,131.0
5038,1440,12337.0,260.0
5039,1440,9.0,133.0
5040,1440,441.0,114.0
5041,1440,4373.0,113.0
5042,1440,774.0,118.0
5043,1440,813.0,118.0
5044,1440,803.0,118.0
5045,1440,6.0,127.0
5046,1440,59.0,591.0
5047,1440,68.0,149.0
5048,1440,12539.0,96.0
5049,1440,4.0,166.0
5050,1440,4.0,166.0
5051,1440,4.0,166.0
5052,1440,600.0,166.0
5053,1440,775.0,112.0
5054,1440,304.0,169.0
5055,1440,0.0,117.0
5056,1440,728.0,122.0
5057,1440,1430.0,208.0
5058,1440,469.0,208.0
5059,1440,158.0,185.0
5060,1440,192.0,185.0
5061,1440,4.0,142.0
5062,1440,225.0,194.0
5063,1440,90.0,132.0
5064,1440,0.0,146.0
5065,1440,1025.0,132.0
5066,1440,1000.0,132.0
5067,1440,942.0,132.0
5068,1440,1028.0,132.0
5069,1440,962.0,132.0
5070,1440,547.0,287.0
5071,1440,5079.0,131.0
5072,1440,225.0,180.0
5073,1440,3.0,137.0
5074,1440,436.0,118.0
5075,1440,4.0,166.0
5076,1440,11772.0,136.0
5077,1440,5.0,203.0
5078,1440,0.0,203.0
5079,1440,561.0,203.0
5080,1440,11.0,203.0
5081,1440,84.0,167.0
5082,1440,764.0,196.0
5083,1440,4133.0,115.0
5084,1440,0.0,113.0
5085,1440,876.0,120.0
5086,1440,2178.0,226.0
5087,1440,4093.0,226.0
5088,1440,58.0,190.0
5089,1440,926.0,356.0
5090,1440,6507.0,227.0
5091,1440,0.0,136.0
5092,1440,575.0,118.0
5093,1440,21.0,133.0
5094,1440,21.0,133.0
5095,1440,15.0,179.0
5096,1440,1583.0,111.0
5097,1440,35.0,115.0
5098,1440,2.0,117.0
5099,1440,1622.0,133.0
5100,1440,1675.0,133.0
5101,1440,0.0,115.0
5102,1440,1.0,122.0
5103,1440,98.0,160.0
5104,1440,140.0,199.0
5105,1440,11264.0,385.0
5106,1440,133.0,117.0
5107,1440,10901.0,121.0
5108,1440,219.0,201.0
5109,1440,0.0,111.0
5110,1440,11.0,166.0
5111,1440,10973.0,121.0
5112,1440,0.0,122.0
5113,1440,0.0,124.0
5114,1440,1.0,145.0
5115,1440,5.0,120.0
5116,1440,14985.0,185.0
5117,1440,0.0,124.0
5118,1440,595.0,132.0
5119,1440,595.0,132.0
5120,1440,82.0,92.0
5121,1440,51.0,165.0
5122,1440,387.0,172.0
5123,1440,380.0,217.0
5124,1440,136.0,129.0
5125,1440,29.0,166.0
5126,1440,5.0,166.0
5127,1440,0.0,114.0
5128,1440,473.0,192.0
5129,1440,476.0,192.0
5130,1440,1.0,109.0
5131,1440,68.0,213.0
5132,1440,522.0,181.0
5133,1440,482.0,213.0
5134,1440,641.0,140.0
5135,1440,486.0,213.0
5136,1440,64.0,117.0
5137,1440,0.0,128.0
5138,1440,616.0,114.0
5139,1440,637.0,114.0
5140,1440,422.0,140.0
5141,1440,142.0,125.0
5142,1440,1314.0,140.0
5143,1440,2.0,235.0
5144,1440,365.0,678.0
5145,1440,0.0,114.0
5146,1440,432.0,140.0
5147,1440,5.0,117.0
5148,1440,160.0,110.0
5149,1440,14.0,123.0
5150,1440,3300.0,267.0
5151,1440,3386.0,267.0
5152,1440,1159.0,678.0
5153,1440,14023.0,123.0
5154,1440,1272.0,123.0
5155,1440,468.0,125.0
5156,1440,17.0,125.0
5157,1440,0.0,127.0
5158,1440,7049.0,157.0
5159,1440,27.0,125.0
5160,1440,1.0,206.0
5161,1440,2533.0,137.0
5162,1440,310.0,188.0
5163,1440,199.0,297.0
5164,1440,0.0,126.0
5165,1440,0.0,111.0
5166,1440,244.0,188.0
5167,1440,0.0,132.0
5168,1440,296.0,584.0
5169,1440,1043.0,132.0
5170,1440,1028.0,132.0
5171,1440,1.0,187.0
5172,1440,836.0,95.0
5173,1440,3.0,182.0
5174,1440,901.0,221.0
5175,1440,881.0,150.0
5176,1440,1324.0,188.0
5177,1440,410.0,211.0
5178,1440,59222.0,401.0
5179,1440,1126.0,129.0
5180,1440,31.0,130.0
5181,1440,14.0,98.0
5182,1440,2.0,116.0
5183,1440,2.0,123.0
5184,1440,227.0,124.0
5185,1440,158.0,159.0
5186,1440,229.0,124.0
5187,1440,200.0,183.0
5188,1440,25.0,124.0
5189,1440,28.0,127.0
5190,1440,4.0,313.0
5191,1440,1920.0,116.0
5192,1440,1661.0,116.0
5193,1440,1654.0,116.0
5194,1440,447.0,101.0
5195,1440,564.0,194.0
5196,1440,451.0,101.0
5197,1440,907.0,101.0
5198,1440,946.0,170.0
5199,1440,611.0,121.0
5200,1440,48.0,246.0
5201,1440,204.0,201.0
5202,1440,270.0,122.0
5203,1440,20.0,125.0
5204,1440,3.0,146.0
5205,1440,0.0,162.0
5206,1440,199.0,123.0
5207,1440,132.0,189.0
5208,1440,3736.0,353.0
5209,1440,3776.0,353.0
5210,1440,381.0,413.0
5211,1440,632.0,190.0
5212,1440,10.0,139.0
5213,1440,38.0,139.0
5214,1440,120.0,91.0
5215,1440,417.0,144.0
5216,1440,299.0,168.0
5217,1440,160.0,123.0
5218,1440,2795.0,267.0
5219,1440,5117.0,131.0
5220,1440,2379.0,267.0
5221,1440,0.0,115.0
5222,1440,31.0,295.0
5223,1440,105.0,140.0
5224,1440,2.0,195.0
5225,1440,9.0,132.0
5226,1440,74.0,195.0
5227,1440,8777.0,252.0
5228,1440,686.0,130.0
5229,1440,37.0,112.0
5230,1440,9802.0,152.0
5231,1440,105.0,126.0
5232,1440,81.0,155.0
5233,1440,81.0,155.0
5234,1440,627.0,94.0
5235,1440,627.0,94.0
5236,1440,329.0,187.0
5237,1440,1061.0,710.0
5238,1440,1.0,129.0
5239,1440,981.0,129.0
5240,1440,94.0,103.0
5241,1440,291.0,215.0
5242,1440,7064.0,120.0
5243,1440,256.0,185.0
5244,1440,20.0,123.0
5245,1440,27.0,125.0
5246,1440,656.0,96.0
5247,1440,132.0,160.0
5248,1440,3.0,134.0
5249,1440,2417.0,127.0
5250,1440,176.0,124.0
5251,1440,78.0,158.0
5252,1440,22054.0,140.0
5253,1440,100.0,125.0
5254,1440,77.0,125.0
5255,1440,994.0,132.0
5256,1440,5065.0,172.0
5257,1440,114.0,167.0
5258,1440,3.0,118.0
5259,1440,199.0,155.0
5260,1440,108.0,125.0
5261,1440,161.0,177.0
5262,1440,1.0,92.0
5263,1440,1.0,183.0
5264,1440,1594.0,129.0
5265,1440,406.0,181.0
5266,1440,98.0,108.0
5267,1440,418.0,181.0
5268,1440,482.0,179.0
5269,1440,142.0,99.0
5270,1440,444.0,185.0
5271,1440,1.0,123.0
5272,1440,2.0,502.0
5273,1440,819.0,181.0
5274,1440,1408.0,115.0
5275,1440,536.0,99.0
5276,1440,72.0,233.0
5277,1440,208.0,115.0
5278,1440,137.0,197.0
5279,1440,59.0,102.0
5280,1440,386.0,180.0
5281,1440,47.0,139.0
5282,1440,1374.0,123.0
5283,1440,107.0,104.0
5284,1440,44.0,103.0
5285,1440,2118.0,238.0
5286,1440,41.0,103.0
5287,1440,0.0,118.0
5288,1440,3.0,113.0
5289,1440,0.0,121.0
5290,1440,604.0,124.0
5291,1440,359.0,124.0
5292,1440,890.0,220.0
5293,1440,6.0,154.0
5294,1440,6.0,154.0
5295,1440,6.0,154.0
5296,1440,6.0,154.0
5297,1440,46.0,129.0
5298,1440,45.0,129.0
5299,1440,47.0,129.0
5300,1440,6.0,147.0
5301,1440,3.0,111.0
5302,1440,352.0,114.0
5303,1440,1000.0,330.0
5304,1440,896.0,184.0
5305,1440,1.0,176.0
5306,1440,160.0,101.0
5307,1440,111.0,107.0
5308,1440,127.0,180.0
5309,1440,140.0,183.0
5310,1440,843.0,176.0
5311,1440,1722.0,182.0
5312,1440,995.0,132.0
5313,1440,49.0,131.0
5314,1440,22.0,156.0
5315,1440,1814.0,182.0
5316,1440,16439.0,121.0
5317,1440,1369.0,210.0
5318,1440,1373.0,210.0
5319,1440,1370.0,210.0
5320,1440,363.0,184.0
5321,1440,1670.0,156.0
5322,1440,70.0,130.0
5323,1440,1344.0,118.0
5324,1440,1233.0,118.0
5325,1440,229.0,95.0
5326,1440,61.0,107.0
5327,1440,0.0,179.0
5328,1440,0.0,112.0
5329,1440,4956.0,138.0
5330,1440,48.0,109.0
5331,1440,253.0,115.0
5332,1440,236.0,126.0
5333,1440,127.0,115.0
5334,1440,39.0,104.0
5335,1440,209.0,222.0
5336,1440,27.0,104.0
5337,1440,9.0,159.0
5338,1440,0.0,123.0
5339,1440,67.0,183.0
5340,1440,2626.0,336.0
5341,1440,124.0,130.0
5342,1440,3.0,132.0
5343,1440,8465.0,119.0
5344,1440,8705.0,119.0
5345,1440,5512.0,119.0
5346,1440,8509.0,119.0
5347,1440,6672.0,119.0
5348,1440,18721.0,119.0
5349,1440,20.0,126.0
5350,1440,377.0,159.0
5351,1440,0.0,139.0
5352,1440,121.0,209.0
5353,1440,152.0,182.0
5354,1440,2.0,205.0
5355,1440,952.0,201.0
5356,1440,146.0,201.0
5357,1440,159.0,197.0
5358,1440,136.0,119.0
5359,1440,0.0,166.0
5360,1440,4724.0,133.0
5361,1440,1.0,133.0
5362,1440,12.0,104.0
5363,1440,680.0,130.0
5364,1440,62.0,245.0
5365,1440,300.0,193.0
5366,1440,686.0,130.0
5367,1440,4.0,126.0
5368,1440,1769.0,185.0
5369,1440,98.0,187.0
5370,1440,29797.0,102.0
5371,1440,91.0,190.0
5372,1440,181.0,190.0
5373,1440,4.0,113.0
5374,1440,144.0,193.0
5375,1440,4.0,126.0
5376,1440,127.0,190.0
5377,1440,0.0,116.0
5378,1440,235.0,191.0
5379,1440,5230.0,144.0
5380,1440,151.0,196.0
5381,1440,91.0,135.0
5382,1440,91.0,135.0
5383,1440,52.0,114.0
5384,1440,9953.0,332.0
5385,1440,126.0,117.0
5386,1440,159.0,134.0
5387,1440,146.0,121.0
5388,1440,779.0,184.0
5389,1440,880.0,180.0
5390,1440,0.0,142.0
5391,1440,8.0,142.0
5392,1440,411.0,144.0
5393,1440,621.0,415.0
5394,1440,4480.0,415.0
5395,1440,1172.0,415.0
5396,1440,1.0,184.0
5397,1440,1495.0,158.0
5398,1440,36.0,124.0
5399,1440,26.0,123.0
5400,1440,47.0,154.0
5401,1440,17.0,154.0
5402,1440,548.0,138.0
5403,1440,1103.0,138.0
5404,1440,17.0,115.0
5405,1440,15.0,132.0
5406,1440,3.0,180.0
5407,1440,0.0,134.0
5408,1440,89.0,134.0
5409,1440,461.0,415.0
5410,1440,8630.0,415.0
5411,1440,162.0,200.0
5412,1440,0.0,170.0
5413,1440,241.0,351.0
5414,1440,854.0,181.0
5415,1440,118.0,185.0
5416,1440,9.0,114.0
5417,1440,2.0,181.0
5418,1440,15.0,130.0
5419,1440,19.0,115.0
5420,1440,0.0,144.0
5421,1440,12.0,144.0
5422,1440,2.0,193.0
5423,1440,0.0,128.0
5424,1440,0.0,133.0
5425,1440,4.0,93.0
5426,1440,8157.0,198.0
5427,1440,228.0,198.0
5428,1440,16128.0,198.0
5429,1440,225.0,200.0
5430,1440,2.0,178.0
5431,1440,558.0,415.0
5432,1440,435.0,415.0
5433,1440,539.0,90.0
5434,1440,0.0,128.0
5435,1440,246.0,184.0
5436,1440,26.0,137.0
5437,1440,98.0,102.0
5438,1440,49.0,102.0
5439,1440,161.0,203.0
5440,1440,118.0,184.0
5441,1440,796.0,375.0
5442,1440,108.0,340.0
5443,1440,222.0,94.0
5444,1440,18.0,96.0
5445,1440,0.0,141.0
5446,1440,1.0,111.0
5447,1440,184.0,100.0
5448,1440,210.0,155.0
5449,1440,74.0,185.0
5450,1440,129.0,192.0
5451,1440,95.0,123.0
5452,1440,11.0,113.0
5453,1440,35.0,131.0
5454,1440,36.0,131.0
5455,1440,4757.0,132.0
5456,1440,167.0,153.0
5457,1440,10.0,209.0
5458,1440,6.0,209.0
5459,1440,72.0,209.0
5460,1440,0.0,131.0
5461,1440,1667.0,154.0
5462,1440,0.0,113.0
5463,1440,554.0,117.0
5464,1440,762.0,148.0
5465,1440,58.0,145.0
5466,1440,272.0,145.0
5467,1440,888.0,192.0
5468,1440,451.0,192.0
5469,1440,194.0,111.0
5470,1440,13.0,113.0
5471,1440,126.0,115.0
5472,1440,783.0,314.0
5473,1440,521.0,187.0
5474,1440,89.0,115.0
5475,1440,36.0,115.0
5476,1440,0.0,120.0
5477,1440,178.0,184.0
5478,1440,108.0,137.0
5479,1440,295.0,315.0
5480,1440,574.0,141.0
5481,1440,146.0,211.0
5482,1440,2.0,132.0
5483,1440,1161.0,136.0
5484,1440,0.0,121.0
5485,1440,22.0,116.0
5486,1440,175.0,191.0
5487,1440,21.0,121.0
5488,1440,21.0,116.0
5489,1440,0.0,126.0
5490,1440,20510.0,129.0
5491,1440,276.0,155.0
5492,1440,7.0,122.0
5493,1440,0.0,122.0
5494,1440,177.0,123.0
5495,1440,221.0,195.0
5496,1440,5228.0,115.0
5497,1440,5065.0,115.0
5498,1440,45.0,122.0
5499,1440,1412.0,110.0
5500,1440,4977.0,121.0
5501,1440,430.0,179.0
5502,1440,159.0,138.0
5503,1440,54.0,222.0
5504,1440,140.0,183.0
5505,1440,852.0,162.0
5506,1440,299.0,113.0
5507,1440,4.0,117.0
5508,1440,116.0,187.0
5509,1440,3.0,128.0
5510,1440,50.0,117.0
5511,1440,392.0,196.0
5512,1440,163.0,120.0
5513,1440,242.0,139.0
5514,1440,393.0,139.0
5515,1440,34.0,94.0
5516,1440,1.0,121.0
5517,1440,8936.0,306.0
5518,1440,325.0,184.0
5519,1440,324.0,184.0
5520,1440,33.0,93.0
5521,1440,147.0,186.0
5522,1440,7.0,191.0
5523,1440,1828.0,114.0
5524,1440,0.0,126.0
5525,1440,7.0,191.0
5526,1440,0.0,172.0
5527,1440,486.0,136.0
5528,1440,120.0,181.0
5529,1440,798.0,107.0
5530,1440,41.0,116.0
5531,1440,14.0,109.0
5532,1440,54.0,115.0
5533,1440,43.0,116.0
5534,1440,29660.0,184.0
5535,1440,6.0,344.0
5536,1440,41.0,230.0
5537,1440,963.0,128.0
5538,1440,1.0,128.0
5539,1440,41.0,168.0
5540,1440,509.0,100.0
5541,1440,24.0,112.0
5542,1440,120.0,160.0
5543,1440,120.0,160.0
5544,1440,121.0,160.0
5545,1440,91.0,115.0
5546,1440,925.0,178.0
5547,1440,836.0,179.0
5548,1440,458.0,92.0
5549,1440,0.0,138.0
5550,1440,329.0,173.0
5551,1440,121.0,117.0
5552,1440,45.0,129.0
5553,1440,67.0,121.0
5554,1440,2.0,134.0
5555,1440,0.0,208.0
5556,1440,12.0,135.0
5557,1440,163.0,185.0
5558,1440,512.0,115.0
5559,1440,182.0,123.0
5560,1440,321.0,149.0
5561,1440,3435.0,145.0
5562,1440,29.0,146.0
5563,1440,232.0,251.0
5564,1440,1.0,124.0
5565,1440,3.0,127.0
5566,1440,132.0,130.0
5567,1440,0.0,113.0
5568,1440,124.0,131.0
5569,1440,70.0,123.0
5570,1440,1856.0,230.0
5571,1440,92.0,106.0
5572,1440,31865.0,138.0
5573,1440,31833.0,138.0
5574,1440,62282.0,138.0
5575,1440,2033.0,138.0
5576,1440,1984.0,138.0
5577,1440,124.0,129.0
5578,1440,19.0,121.0
5579,1440,2.0,129.0
5580,1440,1812.0,230.0
5581,1440,1906.0,127.0
5582,1440,222.0,112.0
5583,1440,24.0,110.0
5584,1440,426.0,103.0
5585,1440,4.0,140.0
5586,1440,85.0,160.0
5587,1440,59.0,130.0
5588,1440,0.0,123.0
5589,1440,9.0,121.0
5590,1440,37.0,117.0
5591,1440,0.0,111.0
5592,1440,350.0,207.0
5593,1440,263.0,133.0
5594,1440,347.0,132.0
5595,1440,0.0,110.0
5596,1440,328.0,122.0
5597,1440,113.0,131.0
5598,1440,0.0,112.0
5599,1440,79.0,172.0
5600,1440,21502.0,86.0
5601,1440,21508.0,86.0
5602,1440,558.0,130.0
5603,1440,344.0,184.0
5604,1440,32.0,117.0
5605,1440,20.0,117.0
5606,1440,26.0,122.0
5607,1440,22.0,123.0
5608,1440,4105.0,118.0
5609,1440,1.0,180.0
5610,1440,1856.0,195.0
5611,1440,775.0,181.0
5612,1440,73.0,230.0
5613,1440,1945.0,230.0
5614,1440,11147.0,146.0
5615,1440,50.0,134.0
5616,1440,875.0,177.0
5617,1440,2172.0,181.0
5618,1440,962.0,175.0
5619,1440,50.0,100.0
5620,1440,366.0,152.0
5621,1440,378.0,152.0
5622,1440,373.0,152.0
5623,1440,935.0,177.0
5624,1440,825.0,177.0
5625,1440,182.0,108.0
5626,1440,5283.0,122.0
5627,1440,516.0,181.0
5628,1440,175.0,183.0
5629,1440,3267.0,983.0
5630,1440,2.0,194.0
5631,1440,140.0,188.0
5632,1440,2109.0,230.0
5633,1440,69.0,230.0
5634,1440,340.0,185.0
5635,1440,536.0,188.0
5636,1440,105.0,272.0
5637,1440,0.0,293.0
5638,1440,29.0,293.0
5639,1440,376.0,188.0
5640,1440,1852.0,121.0
5641,1440,27.0,125.0
5642,1440,59.0,125.0
5643,1440,57.0,125.0
5644,1440,845.0,190.0
5645,1440,0.0,313.0
5646,1440,172.0,190.0
5647,1440,1291.0,170.0
5648,1440,22.0,126.0
5649,1440,80.0,132.0
5650,1440,37.0,123.0
5651,1440,3.0,123.0
5652,1440,122.0,160.0
5653,1440,1748.0,158.0
5654,1440,124.0,185.0
5655,1440,0.0,127.0
5656,1440,649.0,200.0
5657,1440,648.0,200.0
5658,1440,3511.0,167.0
5659,1440,22.0,179.0
5660,1440,0.0,141.0
5661,1440,754.0,198.0
5662,1440,753.0,198.0
5663,1440,744.0,198.0
5664,1440,743.0,198.0
5665,1440,746.0,198.0
5666,1440,21.0,135.0
5667,1440,738.0,188.0
5668,1440,12.0,133.0
5669,1440,51.0,189.0
5670,1440,635.0,132.0
5671,1440,424.0,144.0
5672,1440,27.0,118.0
5673,1440,27.0,122.0
5674,1440,104.0,219.0
5675,1440,819.0,124.0
5676,1440,97.0,170.0
5677,1440,121.0,187.0
5678,1440,410.0,101.0
5679,1440,123.0,196.0
5680,1440,137.0,242.0
5681,1440,1133.0,97.0
5682,1440,373.0,152.0
5683,1440,7722.0,170.0
5684,1440,1349.0,133.0
5685,1440,11696.0,314.0
5686,1440,88.0,124.0
5687,1440,35378.0,233.0
5688,1440,5661.0,233.0
5689,1440,334.0,197.0
5690,1440,2138.0,113.0
5691,1440,152.0,160.0
5692,1440,150.0,182.0
5693,1440,135.0,188.0
5694,1440,171.0,179.0
5695,1440,225.0,187.0
5696,1440,737.0,192.0
5697,1440,131.0,106.0
5698,1440,93.0,124.0
5699,1440,2.0,124.0
5700,1440,2170.0,113.0
5701,1440,539.0,119.0
5702,1440,354.0,193.0
5703,1440,10672.0,117.0
5704,1440,976.0,117.0
5705,1440,850.0,183.0
5706,1440,6733.0,205.0
5707,1440,3909.0,217.0
5708,1440,117.0,180.0
5709,1440,0.0,113.0
5710,1440,0.0,113.0
5711,1440,4157.0,161.0
5712,1440,1.0,149.0
5713,1440,482.0,189.0
5714,1440,23.0,120.0
5715,1440,23.0,116.0
5716,1440,0.0,109.0
5717,1440,7982.0,116.0
5718,1440,241.0,116.0
5719,1440,3.0,165.0
5720,1440,0.0,114.0
5721,1440,482.0,165.0
5722,1440,11774.0,128.0
5723,1440,952.0,199.0
5724,1440,2311.0,130.0
5725,1440,2446.0,149.0
5726,1440,106.0,195.0
5727,1440,53.0,112.0
5728,1440,6655.0,195.0
5729,1440,22.0,124.0
5730,1440,20.0,121.0
5731,1440,40.0,128.0
5732,1440,29.0,119.0
5733,1440,0.0,119.0
5734,1440,95.0,144.0
5735,1440,95.0,144.0
5736,1440,8.0,112.0
5737,1440,4777.0,141.0
5738,1440,149.0,114.0
5739,1440,25.0,143.0
5740,1440,121.0,160.0
5741,1440,1.0,159.0
5742,1440,0.0,192.0
5743,1440,1091.0,176.0
5744,1440,0.0,139.0
5745,1440,192.0,202.0
5746,1440,312.0,342.0
5747,1440,35.0,137.0
5748,1440,29.0,115.0
5749,1440,21.0,104.0
5750,1440,54.0,186.0
5751,1440,4508.0,259.0
5752,1440,159.0,138.0
5753,1440,403.0,135.0
5754,1440,182.0,209.0
5755,1440,34236.0,116.0
5756,1440,34223.0,116.0
5757,1440,564.0,122.0
5758,1440,1161.0,135.0
5759,1440,1138.0,135.0
5760,1440,1150.0,135.0
5761,1440,1138.0,135.0
5762,1440,259.0,186.0
5763,1440,27.0,121.0
5764,1440,483.0,140.0
5765,1440,220.0,132.0
5766,1440,132.0,127.0
5767,1440,123.0,129.0
5768,1440,38.0,121.0
5769,1440,40.0,123.0
5770,1440,758.0,198.0
5771,1440,120.0,131.0
5772,1440,120.0,169.0
5773,1440,2254.0,179.0
5774,1440,160.0,110.0
5775,1440,12.0,142.0
5776,1440,1.0,127.0
5777,1440,166.0,182.0
5778,1440,3447.0,142.0
5779,1440,516.0,139.0
5780,1440,492.0,139.0
5781,1440,115.0,202.0
5782,1440,181.0,131.0
5783,1440,322.0,175.0
5784,1440,15.0,176.0
5785,1440,474.0,176.0
5786,1440,24.0,176.0
5787,1440,506.0,176.0
5788,1440,240.0,152.0
5789,1440,745.0,100.0
5790,1440,2720.0,125.0
5791,1440,1662.0,176.0
5792,1440,27.0,119.0
5793,1440,28.0,113.0
5794,1440,38.0,117.0
5795,1440,68.0,123.0
5796,1440,148.0,112.0
5797,1440,150.0,112.0
5798,1440,78.0,219.0
5799,1440,182.0,123.0
5800,1440,184.0,193.0
5801,1440,851.0,179.0
5802,1440,434.0,144.0
5803,1440,258.0,128.0
5804,1440,527.0,144.0
5805,1440,86.0,144.0
5806,1440,220.0,198.0
5807,1440,1137.0,217.0
5808,1440,110.0,162.0
5809,1440,1070.0,137.0
5810,1440,729.0,118.0
5811,1440,0.0,127.0
5812,1440,257.0,117.0
5813,1440,894.0,177.0
5814,1440,812.0,177.0
5815,1440,127.0,117.0
5816,1440,66.0,222.0
5817,1440,224.0,209.0
5818,1440,1333.0,759.0
5819,1440,5302.0,347.0
5820,1440,122.0,126.0
5821,1440,2.0,124.0
5822,1440,130.0,190.0
5823,1440,114.0,201.0
5824,1440,212.0,112.0
5825,1440,147.0,115.0
5826,1440,145.0,115.0
5827,1440,210.0,115.0
5828,1440,104.0,130.0
5829,1440,65.0,153.0
5830,1440,81.0,153.0
5831,1440,0.0,226.0
5832,1440,0.0,139.0
5833,1440,3.0,137.0
5834,1440,324.0,137.0
5835,1440,89.0,147.0
5836,1440,43.0,115.0
5837,1440,99.0,115.0
5838,1440,54.0,122.0
5839,1440,117.0,120.0
5840,1440,248.0,227.0
5841,1440,244.0,227.0
5842,1440,191.0,132.0
5843,1440,200.0,189.0
5844,1440,302.0,241.0
5845,1440,334.0,192.0
5846,1440,108.0,190.0
5847,1440,1327.0,136.0
5848,1440,127.0,131.0
5849,1440,125.0,116.0
5850,1440,124.0,116.0
5851,1440,260.0,115.0
5852,1440,2083.0,139.0
5853,1440,691.0,126.0
5854,1440,174.0,177.0
5855,1440,0.0,126.0
5856,1440,58.0,121.0
5857,1440,66.0,121.0
5858,1440,28.0,126.0
5859,1440,54.0,120.0
5860,1440,1172.0,180.0
5861,1440,400.0,203.0
5862,1440,833.0,166.0
5863,1440,0.0,129.0
5864,1440,3.0,135.0
5865,1440,136.0,161.0
5866,1440,130.0,216.0
5867,1440,116.0,178.0
5868,1440,263.0,248.0
5869,1440,15.0,139.0
5870,1440,756.0,161.0
5871,1440,83.0,133.0
5872,1440,68.0,133.0
5873,1440,4167.0,375.0
5874,1440,1900.0,375.0
5875,1440,24.0,122.0
5876,1440,775.0,161.0
5877,1440,20.0,118.0
5878,1440,6601.0,133.0
5879,1440,115.0,143.0
5880,1440,548.0,128.0
5881,1440,1.0,175.0
5882,1440,119.0,107.0
5883,1440,14.0,113.0
5884,1440,122.0,129.0
5885,1440,12839.0,983.0
5886,1440,8972.0,983.0
5887,1440,3.0,141.0
5888,1440,677.0,130.0
5889,1440,678.0,130.0
5890,1440,0.0,111.0
5891,1440,3.0,141.0
5892,1440,574.0,234.0
5893,1440,1290.0,116.0
5894,1440,748.0,198.0
5895,1440,4.0,179.0
5896,1440,271.0,131.0
5897,1440,505.0,240.0
5898,1440,1382.0,136.0
5899,1440,11429.0,155.0
5900,1440,443.0,135.0
5901,1440,96.0,116.0
5902,1440,230.0,203.0
5903,1440,703.0,110.0
5904,1440,1210.0,139.0
5905,1440,388.0,181.0
5906,1440,153.0,201.0
5907,1440,36.0,119.0
5908,1440,679.0,130.0
5909,1440,683.0,130.0
5910,1440,8562.0,98.0
5911,1440,127.0,194.0
5912,1440,0.0,115.0
5913,1440,0.0,116.0
5914,1440,13.0,103.0
5915,1440,970.0,189.0
5916,1440,874.0,187.0
5917,1440,563.0,117.0
5918,1440,150.0,103.0
5919,1440,101.0,116.0
5920,1440,469.0,191.0
5921,1440,3.0,135.0
5922,1440,25.0,129.0
5923,1440,7.0,129.0
5924,1440,674.0,124.0
5925,1440,10.0,94.0
5926,1440,13.0,103.0
5927,1440,1759.0,201.0
5928,1440,586.0,154.0
5929,1440,230.0,182.0
5930,1440,108.0,131.0
5931,1440,1751.0,211.0
5932,1440,23.0,116.0
5933,1440,0.0,97.0
5934,1440,157.0,186.0
5935,1440,183.0,188.0
5936,1440,904.0,181.0
5937,1440,0.0,133.0
5938,1440,189.0,397.0
5939,1440,555.0,128.0
5940,1440,38.0,88.0
5941,1440,192.0,168.0
5942,1440,1211.0,139.0
5943,1440,912.0,117.0
5944,1440,781.0,216.0
5945,1440,300.0,138.0
5946,1440,291.0,138.0
5947,1440,174.0,151.0
5948,1440,291.0,138.0
5949,1440,300.0,138.0
5950,1440,288.0,138.0
5951,1440,693.0,124.0
5952,1440,17.0,119.0
5953,1440,684.0,124.0
5954,1440,0.0,143.0
5955,1440,29887.0,128.0
5956,1440,810.0,185.0
5957,1440,56.0,87.0
5958,1440,1263.0,188.0
5959,1440,680.0,124.0
5960,1440,708.0,124.0
5961,1440,45.0,144.0
5962,1440,106.0,108.0
5963,1440,3.0,189.0
5964,1440,951.0,253.0
5965,1440,2874.0,121.0
5966,1440,464.0,121.0
5967,1440,469.0,191.0
5968,1440,241.0,227.0
5969,1440,33.0,124.0
5970,1440,91.0,120.0
5971,1440,14.0,116.0
5972,1439,128.0,194.0
5973,1439,859.0,174.0
5974,1439,1084.0,154.0
5975,1439,1078.0,154.0
5976,1439,1115.0,154.0
5977,1439,13.0,113.0
5978,1439,736.0,133.0
5979,1439,495.0,194.0
5980,1439,737.0,133.0
5981,1439,924.0,179.0
5982,1439,191.0,98.0
5983,1439,98.0,122.0
5984,1439,15.0,122.0
5985,1439,66.0,190.0
5986,1439,68.0,133.0
5987,1439,301.0,194.0
5988,1439,1186.0,169.0
5989,1439,395.0,122.0
5990,1439,737.0,175.0
5991,1439,227.0,165.0
5992,1439,919.0,185.0
5993,1439,1500.0,169.0
5994,1439,458.0,151.0
5995,1439,679.0,197.0
5996,1439,12180.0,189.0
5997,1439,238.0,193.0
5998,1439,695.0,185.0
5999,1439,730.0,260.0
6000,1439,440.0,151.0
6001,1439,558.0,175.0
6002,1439,829.0,131.0
6003,1439,117.0,194.0
6004,1439,18.0,122.0
6005,1439,6.0,212.0
6006,1439,841.0,142.0
6007,1439,266.0,184.0
6008,1439,1787.0,132.0
6009,1439,207.0,131.0
6010,1439,267.0,263.0
6011,1439,160.0,228.0
6012,1439,1086.0,103.0
6013,1439,76.0,110.0
6014,1439,404.0,211.0
6015,1439,199.0,137.0
6016,1439,131.0,211.0
6017,1439,5378.0,123.0
6018,1439,209.0,105.0
6019,1439,84.0,200.0
6020,1439,1665.0,178.0
6021,1439,1237.0,162.0
6022,1439,179.0,436.0
6023,1439,154.0,228.0
6024,1439,5300.0,116.0
6025,1439,37809.0,165.0
6026,1439,430.0,181.0
6027,1439,183.0,202.0
6028,1439,94.0,167.0
6029,1439,880.0,176.0
6030,1439,88.0,135.0
6031,1439,1962.0,336.0
6032,1439,824.0,135.0
6033,1439,492.0,135.0
6034,1439,107.0,193.0
6035,1439,1177.0,99.0
6036,1439,11435.0,128.0
6037,1439,1537.0,190.0
6038,1439,72.0,185.0
6039,1439,16.0,136.0
6040,1439,172.0,115.0
6041,1439,75.0,121.0
6042,1439,42.0,136.0
6043,1439,84.0,117.0
6044,1439,95.0,199.0
6045,1439,2245.0,186.0
6046,1439,588.0,186.0
6047,1439,1441.0,114.0
6048,1439,3545.0,145.0
6049,1439,319.0,194.0
6050,1439,182.0,204.0
6051,1439,831.0,178.0
6052,1439,894.0,178.0
6053,1439,909.0,182.0
6054,1439,147.0,184.0
6055,1439,93.0,107.0
6056,1439,59973.0,238.0
6057,1439,0.0,118.0
6058,1439,1068.0,715.0
6059,1439,420.0,190.0
6060,1439,1725.0,182.0
6061,1439,182.0,184.0
6062,1439,255.0,195.0
6063,1439,0.0,178.0
6064,1439,2687.0,301.0
6065,1439,97.0,109.0
6066,1439,254.0,160.0
6067,1439,870.0,184.0
6068,1439,122.0,166.0
6069,1439,1271.0,181.0
6070,1439,190.0,104.0
6071,1439,838.0,186.0
6072,1439,872.0,182.0
6073,1439,1986.0,241.0
6074,1439,825.0,178.0
6075,1439,782.0,181.0
6076,1439,170.0,195.0
6077,1439,2266.0,187.0
6078,1439,166.0,183.0
6079,1439,147.0,204.0
6080,1439,870.0,182.0
6081,1439,1082.0,177.0
6082,1439,80.0,168.0
6083,1439,605.0,205.0
6084,1439,16420.0,111.0
6085,1439,491.0,128.0
6086,1439,18.0,194.0
6087,1439,373.0,186.0
6088,1439,468.0,186.0
6089,1439,830.0,198.0
6090,1439,894.0,178.0
6091,1439,62.0,89.0
6092,1439,138.0,170.0
6093,1439,621.0,111.0
6094,1439,875.0,177.0
6095,1439,330.0,129.0
6096,1439,10786.0,119.0
6097,1439,12036.0,119.0
6098,1439,185.0,187.0
6099,1439,120.0,95.0
6100,1439,10706.0,187.0
6101,1439,140.0,184.0
6102,1439,81.0,150.0
6103,1439,627.0,125.0
6104,1439,173.0,204.0
6105,1439,651.0,188.0
6106,1439,3.0,194.0
6107,1439,559.0,185.0
6108,1439,495.0,188.0
6109,1439,563.0,188.0
6110,1439,1404.0,161.0
6111,1439,1154.0,161.0
6112,1439,102.0,103.0
6113,1439,59.0,161.0
6114,1439,89.0,187.0
6115,1439,267.0,206.0
6116,1439,279.0,108.0
6117,1439,3.0,178.0
6118,1439,319.0,89.0
6119,1438,32.0,127.0
6120,1438,1578.0,180.0
6121,1438,3341.0,184.0
6122,1438,781.0,106.0
6123,1438,177.0,112.0
6124,1438,3837.0,184.0
6125,1438,8146.0,678.0
6126,1438,14614.0,119.0
6127,1438,1241.0,100.0
6128,1438,37.0,221.0
6129,1438,1429.0,184.0
6130,1438,787.0,132.0
6131,1438,1392.0,181.0
6132,1438,7373.0,375.0
6133,1438,774.0,132.0
6134,1438,1963.0,129.0
6135,1438,701.0,131.0
6136,1438,772.0,132.0
6137,1438,739.0,122.0
6138,1438,708.0,130.0
6139,1438,777.0,132.0
6140,1438,675.0,205.0
6141,1438,1054.0,154.0
6142,1438,680.0,122.0
6143,1438,780.0,132.0
6144,1438,786.0,132.0
6145,1438,763.0,132.0
6146,1438,200.0,129.0
6147,1438,244.0,127.0
6148,1438,2.0,123.0
6149,1438,108.0,191.0
6150,1438,818.0,217.0
6151,1438,1053.0,177.0
6152,1438,1071.0,154.0
6153,1438,1062.0,154.0
6154,1438,1078.0,154.0
6155,1438,167.0,126.0
6156,1438,666.0,249.0
6157,1437,7276.0,126.0
6158,1437,393.0,230.0
6159,1437,5996.0,594.0
6160,1437,2.0,131.0
6161,1437,289.0,115.0
6162,1437,913.0,180.0
6163,1437,39165.0,238.0
6164,1437,0.0,194.0
6165,1437,1.0,178.0
6166,1437,317.0,213.0
6167,1437,637.0,182.0
6168,1437,15439.0,119.0
6169,1437,780.0,181.0
6170,1437,999.0,177.0
6171,1437,170.0,177.0
6172,1437,302.0,125.0
6173,1437,1695.0,197.0
6174,1437,87.0,122.0
6175,1437,60081.0,199.0
6176,1437,6304.0,120.0
6177,1436,35936.0,140.0
6178,1436,306.0,205.0
6179,1436,369.0,123.0
6180,1436,1945.0,178.0
6181,1436,12.0,127.0
6182,1436,2217.0,143.0
6183,1436,4835.0,106.0
6184,1436,30022.0,95.0
6185,1436,60079.0,199.0
6186,1436,2658.0,189.0
6187,1436,73.0,310.0
6188,1435,9646.0,143.0
6189,1435,15.0,137.0
6190,1435,46.0,137.0
6191,1435,16.0,338.0
6192,1435,45.0,131.0
6193,1435,1508.0,115.0
6194,1435,4114.0,122.0
6195,1435,1306.0,144.0
6196,1435,2534.0,237.0
6197,1435,4368.0,122.0
6198,1435,319.0,210.0
6199,1435,996.0,120.0
6200,1435,931.0,184.0
6201,1435,198.0,185.0
6202,1435,1018.0,120.0
6203,1435,994.0,120.0
6204,1435,1335.0,206.0
6205,1435,1670.0,179.0
6206,1435,1006.0,120.0
6207,1434,75.0,118.0
6208,1434,472.0,167.0
6209,1434,5571.0,107.0
6210,1434,88.0,125.0
6211,1434,65.0,184.0
6212,1434,2076.0,200.0
6213,1434,295.0,193.0
6214,1434,16.0,124.0
6215,1433,60271.0,132.0
6216,1433,309.0,120.0
6217,1433,0.0,130.0
6218,1433,296.0,128.0
6219,1433,319.0,130.0
6220,1433,788.0,181.0
6221,1433,473.0,127.0
6222,1433,274.0,131.0
6223,1433,211.0,197.0
6224,1433,838.0,181.0
6225,1433,4121.0,156.0
6226,1432,12840.0,184.0
6227,1432,12852.0,185.0
6228,1432,44578.0,238.0
6229,1432,646.0,193.0
6230,1432,409.0,711.0
6231,1432,36507.0,103.0
6232,1432,3853.0,126.0
6233,1432,819.0,175.0
6234,1432,483.0,193.0
6235,1432,34.0,134.0
6236,1432,12171.0,177.0
6237,1431,431.0,199.0
6238,1431,4.0,332.0
6239,1431,582.0,193.0
6240,1431,569.0,199.0
6241,1431,56.0,221.0
6242,1431,1.0,236.0
6243,1431,557.0,199.0
6244,1431,13.0,196.0
6245,1431,516.0,196.0
6246,1431,11.0,127.0
6247,1431,121.0,114.0
6248,1431,2009.0,387.0
6249,1430,58092.0,160.0
6250,1430,707.0,210.0
6251,1430,64.0,210.0
6252,1430,32.0,113.0
6253,1430,13509.0,125.0
6254,1430,19.0,173.0
6255,1430,27.0,113.0
6256,1430,67.0,155.0
6257,1430,60354.0,123.0
6258,1429,50.0,139.0
6259,1429,408.0,118.0
6260,1429,60408.0,126.0
6261,1429,60314.0,126.0
6262,1428,33128.0,191.0
6263,1426,1011.0,168.0
6264,1426,41449.0,153.0
6265,1426,9285.0,216.0
6266,1426,26.0,117.0
6267,1425,187.0,129.0
6268,1425,215.0,117.0
6269,1425,994.0,123.0
6270,1425,13082.0,119.0
6271,1425,1.0,123.0
6272,1424,20281.0,119.0
6273,1424,2072.0,220.0
6274,1424,1280.0,152.0
6275,1423,2309.0,219.0
6276,1422,18993.0,113.0
6277,1422,18507.0,101.0
6278,1422,349.0,176.0
6279,1421,12885.0,185.0
6280,1421,60704.0,131.0
6281,1421,9248.0,186.0
6282,1421,59.0,119.0
6283,1421,14.0,186.0
6284,1420,975.0,132.0
6285,1418,1156.0,138.0
6286,1418,27.0,201.0
6287,1417,1705.0,215.0
6288,1417,3679.0,233.0
6289,1417,707.0,141.0
6290,1416,2767.0,234.0
6291,1416,1340.0,105.0
6292,1415,1003.0,126.0
6293,1415,20628.0,552.0
6294,1414,61.0,164.0
6295,1414,276.0,134.0
6296,1413,436.0,124.0
6297,1413,1759.0,136.0
6298,1413,2974.0,190.0
6299,1412,16.0,126.0
6300,1412,4576.0,210.0
6301,1412,808.0,282.0
6302,1412,159.0,124.0
6303,1412,18.0,105.0
6304,1411,924.0,126.0
6305,1411,96.0,186.0
6306,1410,25.0,106.0
6307,1410,728.0,131.0
6308,1410,1335.0,192.0
6309,1410,19.0,137.0
6310,1409,750.0,132.0
6311,1409,0.0,126.0
6312,1409,81.0,104.0
6313,1408,28.0,139.0
6314,1407,1359.0,159.0
6315,1406,5310.0,187.0
6316,1406,106.0,182.0
6317,1405,1601.0,136.0
6318,1404,4.0,123.0
6319,1404,45.0,212.0
6320,1404,4095.0,223.0
6321,1404,61580.0,205.0
6322,1404,29.0,105.0
6323,1403,-125.0,205.0
6324,1403,82096.0,177.0
6325,1402,9.0,122.0
6326,1401,632.0,164.0
6327,1401,10342.0,242.0
6328,1401,29.0,158.0
6329,1400,202.0,200.0
6330,1400,2.0,209.0
6331,1399,263.0,134.0
6332,1399,253.0,134.0
6333,1399,19.0,175.0
6334,1398,59.0,125.0
6335,1398,16.0,193.0
6336,1398,554.0,102.0
6337,1397,51.0,120.0
6338,1397,85.0,129.0
6339,1396,157.0,121.0
6340,1396,584.0,122.0
6341,1395,1191.0,173.0
6342,1395,15.0,127.0
6343,1392,3484.0,177.0
6344,1390,402.0,203.0
6345,1390,4386.0,155.0
6346,1387,551.0,172.0
6347,1387,62213.0,157.0
6348,1387,662.0,122.0
6349,1386,2623.0,361.0
6350,1386,1857.0,164.0
6351,1386,3.0,128.0
6352,1385,2899.0,239.0
6353,1385,32146.0,189.0
6354,1384,5816.0,172.0
6355,1380,42.0,145.0
6356,1380,253.0,107.0
6357,1380,41.0,108.0
6358,1380,86.0,192.0
6359,1379,224.0,226.0
6360,1377,0.0,197.0
6361,1377,244.0,177.0
6362,1376,55572.0,150.0
6363,1375,19693.0,127.0
6364,1372,1116.0,151.0
6365,1369,52.0,156.0
6366,1369,291.0,126.0
6367,1367,7427.0,144.0
6368,1366,6737.0,240.0
6369,1364,35.0,199.0
6370,1362,154.0,80.0
6371,1360,239.0,181.0
6372,1360,6.0,171.0
6373,1358,746.0,131.0
6374,1356,21770.0,117.0
6375,1355,32468.0,185.0
6376,1355,3106.0,162.0
6377,1354,16.0,139.0
6378,1354,49.0,139.0
6379,1354,13.0,104.0
6380,1354,72.0,139.0
6381,1354,2073.0,139.0
6382,1354,16.0,139.0
6383,1354,316.0,139.0
6384,1352,1681.0,144.0
6385,1352,1220.0,158.0
6386,1350,4.0,131.0
6387,1350,268.0,189.0
6388,1348,2578.0,195.0
6389,1346,111.0,99.0
6390,1346,64202.0,145.0
6391,1344,4032.0,141.0
6392,1342,1041.0,327.0
6393,1342,157.0,116.0
6394,1341,31467.0,190.0
6395,1340,36.0,200.0
6396,1340,25.0,186.0
6397,1338,104.0,187.0
6398,1338,1.0,187.0
6399,1337,472.0,194.0
6400,1337,22.0,194.0
6401,1337,92.0,131.0
6402,1337,256.0,134.0
6403,1337,290.0,134.0
6404,1336,33.0,154.0
6405,1336,563.0,164.0
6406,1336,470.0,164.0
6407,1335,196.0,188.0
6408,1335,300.0,188.0
6409,1334,18602.0,216.0
6410,1333,38.0,200.0
6411,1332,506.0,120.0
6412,1331,1075.0,227.0
6413,1329,303.0,128.0
6414,1328,93.0,122.0
6415,1327,115.0,110.0
6416,1326,150.0,185.0
6417,1326,74.0,131.0
6418,1323,65319.0,133.0
6419,1321,17798.0,159.0
6420,1321,28.0,120.0
6421,1321,1.0,114.0
6422,1320,70.0,132.0
6423,1320,143.0,134.0
6424,1318,28432.0,171.0
6425,1316,3.0,223.0
6426,1316,16127.0,123.0
6427,1316,31.0,136.0
6428,1314,1006.0,195.0
6429,1314,777.0,186.0
6430,1314,170.0,186.0
6431,1311,56.0,320.0
6432,1310,94.0,191.0
6433,1310,1432.0,216.0
6434,1309,1417.0,219.0
6435,1307,248.0,216.0
6436,1307,15.0,109.0
6437,1307,157.0,120.0
6438,1304,20.0,245.0
6439,1304,26.0,208.0
6440,1303,328.0,198.0
6441,1302,2.0,203.0
6442,1301,7.0,209.0
6443,1301,592.0,152.0
6444,1301,2143.0,129.0
6445,1298,230.0,170.0
6446,1296,37.0,154.0
6447,1296,85.0,182.0
6448,1295,2692.0,153.0
6449,1294,141.0,180.0
6450,1293,104.0,139.0
6451,1293,206.0,125.0
6452,1290,210.0,215.0
6453,1289,209.0,216.0
6454,1288,40.0,134.0
6455,1287,222.0,311.0
6456,1286,134.0,171.0
6457,1286,254.0,139.0
6458,1285,15.0,176.0
6459,1285,5.0,180.0
6460,1284,185.0,183.0
6461,1283,7.0,192.0
6462,1282,329.0,121.0
6463,1281,148.0,177.0
6464,1281,11.0,189.0
6465,1281,394.0,87.0
6466,1281,7.0,189.0
6467,1280,14788.0,198.0
6468,1280,6.0,245.0
6469,1280,24.0,180.0
6470,1279,38.0,118.0
6471,1278,12023.0,227.0
6472,1277,864.0,137.0
6473,1276,77858.0,174.0
6474,1275,16997.0,177.0
6475,1274,166.0,119.0
6476,1273,10040.0,136.0
6477,1270,59.0,180.0
6478,1269,145.0,119.0
6479,1269,226.0,170.0
6480,1268,2344.0,128.0
6481,1268,51.0,177.0
6482,1268,353.0,163.0
6483,1266,6910.0,142.0
6484,1264,2.0,128.0
6485,1264,181.0,119.0
6486,1257,115.0,119.0
6487,1256,10168.0,220.0
6488,1255,2220.0,211.0
6489,1255,725.0,234.0
6490,1254,100.0,168.0
6491,1254,8015.0,141.0
6492,1254,637.0,168.0
6493,1253,159.0,176.0
6494,1251,60054.0,259.0
6495,1251,527.0,139.0
6496,1250,85132.0,183.0
6497,1249,175.0,154.0
6498,1249,59.0,140.0
6499,1248,806.0,132.0
6500,1248,2698.0,119.0
6501,1247,186.0,168.0
6502,1246,44801.0,143.0
6503,1245,0.0,121.0
6504,1245,76.0,131.0
6505,1245,6622.0,259.0
6506,1243,21.0,118.0
6507,1242,24.0,159.0
6508,1239,729.0,149.0
6509,1236,4.0,191.0
6510,1235,7.0,198.0
6511,1234,121.0,187.0
6512,1234,31.0,187.0
6513,1232,3.0,132.0
6514,1229,8741.0,145.0
6515,1228,132.0,176.0
6516,1228,1891.0,108.0
6517,1226,3.0,120.0
6518,1225,319.0,231.0
6519,1225,18.0,187.0
6520,1225,51.0,187.0
6521,1224,2740.0,177.0
6522,1224,6528.0,129.0
6523,1223,85.0,127.0
6524,1221,11609.0,181.0
6525,1221,4540.0,196.0
6526,1221,28.0,137.0
6527,1220,661.0,306.0
6528,1219,131.0,196.0
6529,1218,7843.0,158.0
6530,1217,23.0,196.0
6531,1217,23.0,196.0
6532,1217,102.0,127.0
6533,1217,94.0,138.0
6534,1216,40.0,187.0
6535,1211,271.0,120.0
6536,1211,16933.0,204.0
6537,1209,225.0,120.0
6538,1209,469.0,134.0
6539,1208,846.0,152.0
6540,1208,105.0,197.0
6541,1207,362.0,205.0
6542,1207,414.0,195.0
6543,1206,2983.0,136.0
6544,1206,1795.0,184.0
6545,1205,76960.0,177.0
6546,1205,35367.0,193.0
6547,1204,99.0,128.0
6548,1204,118.0,128.0
6549,1202,112.0,214.0
6550,1202,14443.0,148.0
6551,1202,7.0,136.0
6552,1201,220.0,185.0
6553,1200,101.0,151.0
6554,1200,146.0,151.0
6555,1200,105.0,151.0
6556,1200,3363.0,190.0
6557,1200,1814.0,145.0
6558,1200,0.0,166.0
6559,1200,638.0,111.0
6560,1200,64.0,121.0
6561,1199,20.0,190.0
6562,1199,28.0,123.0
6563,1199,383.0,155.0
6564,1196,289.0,181.0
6565,1196,1224.0,105.0
6566,1195,0.0,116.0
6567,1194,79765.0,168.0
6568,1192,263.0,199.0
6569,1191,144.0,118.0
6570,1190,517.0,138.0
6571,1189,11651.0,210.0
6572,1189,1729.0,147.0
6573,1188,1173.0,322.0
6574,1188,234.0,167.0
6575,1188,245.0,115.0
6576,1187,186.0,155.0
6577,1187,153.0,118.0
6578,1187,62.0,153.0
6579,1187,83.0,116.0
6580,1186,4159.0,119.0
6581,1186,151.0,125.0
6582,1183,117.0,121.0
6583,1182,160.0,206.0
6584,1182,133.0,171.0
6585,1180,121.0,210.0
6586,1180,110.0,214.0
6587,1179,213.0,141.0
6588,1179,2595.0,114.0
6589,1178,42.0,174.0
6590,1177,21.0,225.0
6591,1176,2358.0,196.0
6592,1176,226.0,128.0
6593,1175,33435.0,184.0
6594,1171,571.0,181.0
6595,1171,553.0,138.0
6596,1171,177.0,173.0
6597,1170,445.0,136.0
6598,1169,18.0,208.0
6599,1163,34287.0,400.0
6600,1163,397.0,196.0
6601,1162,51946.0,189.0
6602,1162,61.0,183.0
6603,1162,94.0,129.0
6604,1161,487.0,127.0
6605,1160,50.0,181.0
6606,1159,6925.0,227.0
6607,1158,705.0,147.0
6608,1157,103.0,100.0
6609,1156,83.0,116.0
6610,1156,6542.0,149.0
6611,1156,5028.0,149.0
6612,1156,1002.0,149.0
6613,1156,1.0,203.0
6614,1155,1093.0,128.0
6615,1154,575.0,122.0
6616,1154,453.0,122.0
6617,1152,7094.0,297.0
6618,1152,45.0,126.0
6619,1152,5.0,230.0
6620,1152,341.0,227.0
6621,1152,192.0,113.0
6622,1152,19.0,191.0
6623,1152,581.0,122.0
6624,1152,565.0,117.0
6625,1152,122.0,108.0
6626,1152,2420.0,196.0
6627,1152,120.0,201.0
6628,1152,5.0,184.0
6629,1152,24.0,133.0
6630,1152,371.0,122.0
6631,1152,135.0,115.0
6632,1152,0.0,130.0
6633,1152,1.0,122.0
6634,1152,6626.0,297.0
6635,1152,4.0,184.0
6636,1152,153.0,117.0
6637,1152,11.0,97.0
6638,1152,2.0,182.0
6639,1151,1.0,476.0
6640,1148,37.0,134.0
6641,1146,7.0,195.0
6642,1144,828.0,139.0
6643,1144,1293.0,118.0
6644,1144,66.0,185.0
6645,1143,102.0,101.0
6646,1143,77902.0,177.0
6647,1140,13.0,162.0
6648,1140,19.0,131.0
6649,1140,213.0,156.0
6650,1139,1226.0,167.0
6651,1139,2796.0,167.0
6652,1138,110.0,151.0
6653,1138,5244.0,212.0
6654,1138,84.0,147.0
6655,1138,1833.0,128.0
6656,1137,103.0,123.0
6657,1137,60.0,124.0
6658,1134,26129.0,118.0
6659,1133,424.0,238.0
6660,1132,27.0,208.0
6661,1130,182.0,170.0
6662,1130,259.0,114.0
6663,1130,104.0,122.0
6664,1129,10.0,196.0
6665,1127,31.0,218.0
6666,1125,3697.0,116.0
6667,1125,388.0,131.0
6668,1125,127.0,131.0
6669,1125,1358.0,194.0
6670,1122,816.0,144.0
6671,1122,679.0,194.0
6672,1121,64.0,98.0
6673,1121,728.0,152.0
6674,1120,170.0,153.0
6675,1120,1126.0,304.0
6676,1119,73.0,186.0
6677,1119,172.0,187.0
6678,1118,1610.0,234.0
6679,1118,2062.0,181.0
6680,1118,62.0,203.0
6681,1118,1810.0,130.0
6682,1118,35425.0,174.0
6683,1116,19.0,245.0
6684,1114,826.0,218.0
6685,1112,104.0,183.0
6686,1112,26.0,158.0
6687,1111,30.0,145.0
6688,1110,22167.0,258.0
6689,1108,1037.0,145.0
6690,1107,725.0,160.0
6691,1107,27.0,154.0
6692,1106,1836.0,321.0
6693,1105,121.0,121.0
6694,1104,32.0,222.0
6695,1102,137050.0,165.0
6696,1102,195290.0,165.0
6697,1102,183.0,196.0
6698,1102,2113.0,178.0
6699,1101,27.0,143.0
6700,1101,19.0,158.0
6701,1101,731.0,133.0
6702,1100,889.0,218.0
6703,1098,1175.0,218.0
6704,1098,54.0,193.0
6705,1096,14957.0,169.0
6706,1092,2123.0,231.0
6707,1091,6958.0,183.0
6708,1091,27.0,192.0
6709,1090,6.0,197.0
6710,1090,7.0,139.0
6711,1090,451.0,182.0
6712,1090,307.0,197.0
6713,1089,4577.0,221.0
6714,1089,520.0,123.0
6715,1087,185590.0,175.0
6716,1085,642.0,323.0
6717,1085,1898.0,256.0
6718,1084,648.0,114.0
6719,1084,18.0,119.0
6720,1083,3740.0,97.0
6721,1083,27043.0,409.0
6722,1081,66.0,190.0
6723,1080,188.0,130.0
6724,1078,10.0,195.0
6725,1077,220.0,204.0
6726,1069,60.0,187.0
6727,1069,23447.0,159.0
6728,1068,2071.0,159.0
6729,1068,877.0,308.0
6730,1068,533.0,255.0
6731,1067,370.0,150.0
6732,1066,79619.0,176.0
6733,1066,2331.0,165.0
6734,1065,56151.0,137.0
6735,1064,286.0,124.0
6736,1064,20.0,124.0
6737,1063,142.0,119.0
6738,1062,656.0,214.0
6739,1060,26160.0,409.0
6740,1060,376.0,342.0
6741,1060,11.0,117.0
6742,1060,73.0,260.0
6743,1060,139.0,142.0
6744,1058,736.0,184.0
6745,1058,87.0,190.0
6746,1058,43.0,579.0
6747,1058,16719.0,92.0
6748,1057,24078.0,409.0
6749,1057,14947.0,92.0
6750,1057,4767.0,143.0
6751,1056,47.0,189.0
6752,1056,243.0,120.0
6753,1056,24.0,121.0
6754,1056,40.0,119.0
6755,1056,139.0,210.0
6756,1056,5940.0,143.0
6757,1055,2145.0,194.0
6758,1055,5629.0,182.0
6759,1054,10143.0,579.0
6760,1054,10138.0,579.0
6761,1054,1266.0,136.0
6762,1053,108.0,236.0
6763,1050,215.0,122.0
6764,1050,8.0,115.0
6765,1049,89202.0,259.0
6766,1049,704.0,150.0
6767,1049,4459.0,104.0
6768,1048,41.0,209.0
6769,1048,52.0,117.0
6770,1048,151.0,98.0
6771,1048,38.0,190.0
6772,1048,373.0,181.0
6773,1048,572.0,190.0
6774,1048,108.0,190.0
6775,1048,801.0,190.0
6776,1048,3021.0,190.0
6777,1048,417.0,181.0
6778,1048,261.0,190.0
6779,1048,119.0,190.0
6780,1046,1137.0,166.0
6781,1045,260.0,121.0
6782,1043,295.0,117.0
6783,1043,1127.0,117.0
6784,1042,772.0,121.0
6785,1042,87.0,224.0
6786,1040,21928.0,409.0
6787,1038,57.0,122.0
6788,1037,80789.0,176.0
6789,1036,319.0,120.0
6790,1035,2288.0,189.0
6791,1035,22927.0,409.0
6792,1035,73.0,118.0
6793,1034,3083.0,144.0
6794,1033,3448.0,104.0
6795,1032,28.0,117.0
6796,1032,254.0,187.0
6797,1032,29397.0,182.0
6798,1031,25334.0,247.0
6799,1030,1897.0,108.0
6800,1029,445.0,139.0
6801,1029,222.0,115.0
6802,1029,234.0,115.0
6803,1028,81117.0,126.0
6804,1023,220.0,204.0
6805,1023,3789.0,218.0
6806,1023,21862.0,409.0
6807,1022,1724.0,286.0
6808,1021,490.0,131.0
6809,1020,349.0,190.0
6810,1019,1200.0,199.0
6811,1018,188.0,169.0
6812,1018,36.0,117.0
6813,1017,22.0,118.0
6814,1016,7.0,118.0
6815,1016,19.0,118.0
6816,1016,500.0,234.0
6817,1015,13208.0,133.0
6818,1015,295.0,122.0
6819,1013,16.0,193.0
6820,1011,233.0,116.0
6821,1011,106.0,194.0
6822,1010,88.0,202.0
6823,1010,284.0,200.0
6824,1009,9.0,118.0
6825,1009,7.0,118.0
6826,1009,649.0,194.0
6827,1009,2972.0,177.0
6828,1009,21.0,110.0
6829,1008,9360.0,204.0
6830,1008,273.0,145.0
6831,1008,24547.0,156.0
6832,1006,1226.0,111.0
6833,1005,12.0,145.0
6834,1004,14620.0,122.0
6835,1003,74.0,207.0
6836,1002,17759.0,128.0
6837,1002,8.0,187.0
6838,1001,447.0,118.0
6839,1001,57.0,181.0
6840,1000,15.0,154.0
6841,1000,32.0,154.0
6842,1000,28.0,189.0
6843,999,4271.0,197.0
6844,999,6578.0,197.0
6845,999,4341.0,197.0
6846,998,104.0,122.0
6847,998,20.0,122.0
6848,998,9.0,183.0
6849,997,336.0,177.0
6850,996,1457.0,152.0
6851,992,2527.0,147.0
6852,990,3961.0,139.0
6853,990,3490.0,136.0
6854,989,593.0,123.0
6855,989,87.0,129.0
6856,987,154.0,141.0
6857,987,4796.0,119.0
6858,986,87464.0,148.0
6859,986,21.0,186.0
6860,986,692.0,152.0
6861,985,1012.0,148.0
6862,985,2410.0,136.0
6863,984,577.0,323.0
6864,984,402.0,142.0
6865,984,229.0,260.0
6866,984,201.0,190.0
6867,984,560.0,201.0
6868,983,15.0,182.0
6869,982,34.0,190.0
6870,981,60.0,190.0
6871,981,702.0,125.0
6872,981,313.0,168.0
6873,980,104.0,184.0
6874,979,167.0,161.0
6875,979,626.0,179.0
6876,978,63.0,118.0
6877,978,240.0,123.0
6878,977,7.0,126.0
6879,976,9885.0,122.0
6880,976,179.0,185.0
6881,975,17825.0,135.0
6882,975,3165.0,342.0
6883,974,988.0,201.0
6884,973,73876.0,351.0
6885,971,73320.0,184.0
6886,970,15.0,122.0
6887,968,1667.0,177.0
6888,968,138.0,115.0
6889,967,24464.0,134.0
6890,967,45.0,190.0
6891,967,91.0,185.0
6892,966,59221.0,184.0
6893,964,529.0,109.0
6894,964,1791.0,122.0
6895,963,87.0,181.0
6896,963,269.0,125.0
6897,963,658.0,123.0
6898,961,83.0,117.0
6899,961,74.0,112.0
6900,961,985.0,138.0
6901,960,393.0,129.0
6902,960,11622.0,289.0
6903,960,288.0,84.0
6904,960,67.0,112.0
6905,960,957.0,135.0
6906,960,2958.0,197.0
6907,960,544.0,121.0
6908,960,3.0,189.0
6909,959,187.0,146.0
6910,959,55.0,194.0
6911,958,274.0,181.0
6912,958,312.0,184.0
6913,958,49.0,196.0
6914,956,18.0,198.0
6915,956,49.0,114.0
6916,955,12671.0,134.0
6917,954,159.0,181.0
6918,954,403.0,334.0
6919,950,1779.0,140.0
6920,950,18562.0,215.0
6921,950,28710.0,215.0
6922,950,332.0,140.0
6923,948,59.0,450.0
6924,948,231.0,135.0
6925,947,4040.0,159.0
6926,946,238.0,149.0
6927,946,49.0,203.0
6928,946,1856.0,203.0
6929,945,2899.0,185.0
6930,944,121.0,184.0
6931,944,333.0,188.0
6932,943,49.0,203.0
6933,943,109.0,125.0
6934,941,713.0,137.0
6935,941,11.0,119.0
6936,941,3.0,119.0
6937,940,62.0,227.0
6938,939,55749.0,141.0
6939,939,32049.0,126.0
6940,939,471.0,160.0
6941,937,154.0,196.0
6942,937,91.0,138.0
6943,936,290.0,120.0
6944,936,7.0,152.0
6945,936,197.0,122.0
6946,934,4.0,224.0
6947,934,1254.0,124.0
6948,933,146.0,160.0
6949,932,18.0,245.0
6950,932,4.0,121.0
6951,932,111318.0,165.0
6952,932,49.0,187.0
6953,931,3117.0,125.0
6954,931,149.0,174.0
6955,929,1816.0,143.0
6956,928,70.0,144.0
6957,927,651.0,131.0
6958,926,1442.0,127.0
6959,925,296.0,147.0
6960,925,426.0,140.0
6961,924,58.0,193.0
6962,924,74.0,199.0
6963,923,64.0,118.0
6964,922,102.0,204.0
6965,922,175.0,117.0
6966,922,1744.0,167.0
6967,921,35.0,346.0
6968,921,733.0,114.0
6969,921,19.0,213.0
6970,921,12.0,193.0
6971,921,19.0,193.0
6972,920,396.0,184.0
6973,919,88.0,117.0
6974,919,795.0,111.0
6975,916,867.0,237.0
6976,916,190.0,184.0
6977,915,609.0,202.0
6978,915,1357.0,353.0
6979,914,237.0,190.0
6980,914,45.0,168.0
6981,914,23399.0,144.0
6982,913,321.0,162.0
6983,913,116.0,125.0
6984,913,369.0,117.0
6985,912,86.0,329.0
6986,912,87.0,118.0
6987,910,217.0,139.0
6988,910,45.0,222.0
6989,910,3317.0,127.0
6990,909,84153.0,176.0
6991,909,366.0,185.0
6992,908,71.0,212.0
6993,907,228.0,170.0
6994,907,275.0,192.0
6995,907,286.0,122.0
6996,907,184.0,138.0
6997,907,461.0,143.0
6998,905,36.0,245.0
6999,905,47.0,245.0
7000,904,3.0,112.0
7001,904,1429.0,298.0
7002,904,450.0,165.0
7003,901,601.0,158.0
7004,901,1566.0,228.0
7005,900,1.0,118.0
7006,900,3.0,147.0
7007,900,468.0,190.0
7008,900,111.0,122.0
7009,900,1.0,117.0
7010,899,1.0,112.0
7011,899,79787.0,176.0
7012,899,402.0,199.0
7013,899,75.0,210.0
7014,897,121.0,123.0
7015,897,11541.0,185.0
7016,896,35.0,199.0
7017,896,1083.0,161.0
7018,895,87.0,177.0
7019,895,4748.0,155.0
7020,894,1989.0,220.0
7021,894,219.0,188.0
7022,893,870.0,136.0
7023,891,9.0,181.0
7024,891,31164.0,126.0
7025,890,11743.0,187.0
7026,890,5240.0,104.0
7027,890,29.0,127.0
7028,890,289.0,127.0
7029,889,8.0,122.0
7030,889,910.0,218.0
7031,888,349.0,152.0
7032,888,317.0,209.0
7033,888,177.0,116.0
7034,888,176.0,122.0
7035,888,8414.0,117.0
7036,888,68.0,186.0
7037,887,15853.0,167.0
7038,886,69.0,276.0
7039,886,39.0,276.0
7040,885,124.0,195.0
7041,885,629.0,114.0
7042,884,5.0,137.0
7043,884,787.0,124.0
7044,884,2.0,126.0
7045,883,48.0,186.0
7046,883,158.0,198.0
7047,883,537.0,198.0
7048,883,22.0,121.0
7049,882,136066.0,450.0
7050,882,31.0,187.0
7051,882,26.0,190.0
7052,881,215.0,125.0
7053,880,13.0,204.0
7054,878,79126.0,173.0
7055,878,63022.0,142.0
7056,878,32630.0,217.0
7057,877,77.0,123.0
7058,877,2039.0,220.0
7059,876,147.0,201.0
7060,876,12.0,200.0
7061,875,35.0,122.0
7062,874,313.0,178.0
7063,874,610.0,143.0
7064,872,567.0,147.0
7065,872,40.0,184.0
7066,871,5.0,118.0
7067,870,324.0,245.0
7068,869,615.0,170.0
7069,869,251.0,160.0
7070,869,84107.0,171.0
7071,869,94.0,226.0
7072,869,16000.0,197.0
7073,869,80.0,189.0
7074,868,162.0,126.0
7075,868,21.0,183.0
7076,868,110.0,165.0
7077,868,3461.0,122.0
7078,867,10.0,189.0
7079,867,9645.0,181.0
7080,867,66.0,172.0
7081,867,1485.0,180.0
7082,866,5437.0,149.0
7083,866,156.0,139.0
7084,865,68.0,245.0
7085,865,77.0,245.0
7086,865,610.0,210.0
7087,865,6564.0,142.0
7088,864,553.0,185.0
7089,864,6732.0,140.0
7090,864,22.0,189.0
7091,864,3.0,194.0
7092,864,31.0,99.0
7093,864,632.0,130.0
7094,864,93.0,122.0
7095,864,20.0,190.0
7096,864,145.0,456.0
7097,864,15.0,121.0
7098,864,4.0,182.0
7099,864,6.0,104.0
7100,864,35.0,100.0
7101,864,28.0,126.0
7102,864,28.0,126.0
7103,864,46.0,128.0
7104,864,61572.0,100.0
7105,864,27.0,124.0
7106,864,29.0,106.0
7107,864,0.0,136.0
7108,864,40381.0,171.0
7109,864,2.0,184.0
7110,863,32.0,117.0
7111,863,44.0,127.0
7112,863,2006.0,220.0
7113,863,22466.0,247.0
7114,863,35.0,192.0
7115,863,15.0,202.0
7116,862,30.0,140.0
7117,861,19.0,155.0
7118,861,42.0,127.0
7119,861,509.0,134.0
7120,861,7183.0,216.0
7121,860,84.0,197.0
7122,860,14.0,112.0
7123,859,6239.0,119.0
7124,859,812.0,168.0
7125,859,392.0,140.0
7126,858,882.0,175.0
7127,858,31173.0,177.0
7128,857,178.0,153.0
7129,857,1218.0,183.0
7130,857,8.0,119.0
7131,857,83.0,217.0
7132,856,35.0,203.0
7133,856,97.0,137.0
7134,856,359.0,168.0
7135,856,470.0,226.0
7136,856,42.0,106.0
7137,855,151.0,220.0
7138,855,377.0,153.0
7139,854,788.0,189.0
7140,854,76.0,108.0
7141,854,119.0,188.0
7142,853,134.0,245.0
7143,853,8296.0,116.0
7144,853,144.0,245.0
7145,852,2395.0,127.0
7146,852,5944.0,126.0
7147,852,154.0,210.0
7148,851,26.0,245.0
7149,851,345.0,123.0
7150,849,682.0,170.0
7151,849,407.0,143.0
7152,849,42.0,112.0
7153,849,80.0,198.0
7154,849,154.0,191.0
7155,847,83.0,117.0
7156,846,7.0,205.0
7157,844,669.0,116.0
7158,843,20.0,121.0
7159,843,59174.0,179.0
7160,843,1922.0,211.0
7161,842,760.0,192.0
7162,841,305.0,185.0
7163,840,11.0,186.0
7164,840,391.0,190.0
7165,839,415.0,150.0
7166,838,327.0,150.0
7167,838,451.0,150.0
7168,837,5763.0,142.0
7169,837,31.0,126.0
7170,837,34270.0,188.0
7171,837,1357.0,233.0
7172,836,27.0,205.0
7173,836,1379.0,112.0
7174,835,64361.0,156.0
7175,835,12.0,117.0
7176,833,977.0,101.0
7177,833,1576.0,209.0
7178,832,120.0,170.0
7179,832,470.0,181.0
7180,831,6515.0,202.0
7181,831,132.0,182.0
7182,830,13.0,185.0
7183,829,369.0,197.0
7184,829,837.0,170.0
7185,828,1620.0,452.0
7186,828,101.0,189.0
7187,828,115.0,209.0
7188,828,1923.0,193.0
7189,828,7.0,187.0
7190,827,20.0,117.0
7191,826,156.0,120.0
7192,824,112.0,154.0
7193,823,54.0,123.0
7194,823,215.0,123.0
7195,823,1944.0,139.0
7196,823,171.0,139.0
7197,823,658.0,125.0
7198,823,1621.0,122.0
7199,823,10770.0,123.0
7200,820,717.0,132.0
7201,819,324.0,182.0
7202,818,742.0,137.0
7203,818,1163.0,130.0
7204,817,64.0,128.0
7205,817,2166.0,218.0
7206,815,26.0,217.0
7207,815,91217.0,136.0
7208,813,1047.0,221.0
7209,813,1452.0,121.0
7210,812,196.0,211.0
7211,812,19.0,124.0
7212,812,60.0,103.0
7213,812,5.0,189.0
7214,811,134.0,144.0
7215,811,64.0,195.0
7216,811,41.0,244.0
7217,811,17958.0,132.0
7218,810,118.0,144.0
7219,809,297.0,121.0
7220,809,14.0,133.0
7221,809,121.0,144.0
7222,809,140.0,144.0
7223,808,116.0,144.0
7224,807,140.0,144.0
7225,807,43.0,128.0
7226,807,133.0,144.0
7227,806,121.0,144.0
7228,806,134.0,144.0
7229,806,134.0,144.0
7230,806,128.0,144.0
7231,805,135.0,144.0
7232,804,1.0,133.0
7233,803,39.0,187.0
7234,803,81.0,121.0
7235,803,152.0,144.0
7236,803,138.0,144.0
7237,803,51.0,103.0
7238,802,133.0,144.0
7239,802,13.0,167.0
7240,802,118.0,144.0
7241,802,55.0,185.0
7242,802,7685.0,124.0
7243,801,145.0,144.0
7244,801,133.0,144.0
7245,801,4694.0,167.0
7246,800,115.0,119.0
7247,800,504.0,125.0
7248,800,43.0,175.0
7249,800,6.0,195.0
7250,798,93.0,139.0
7251,798,51.0,177.0
7252,798,528.0,342.0
7253,798,1823.0,152.0
7254,798,11.0,90.0
7255,797,222.0,122.0
7256,797,199.0,121.0
7257,797,719.0,188.0
7258,797,476.0,122.0
7259,797,278.0,127.0
7260,797,126.0,144.0
7261,797,144.0,144.0
7262,797,670.0,114.0
7263,797,104.0,121.0
7264,797,959.0,122.0
7265,797,411.0,125.0
7266,797,13.0,121.0
7267,795,3518.0,178.0
7268,795,795.0,131.0
7269,795,2964.0,187.0
7270,794,721.0,188.0
7271,793,3359.0,220.0
7272,793,823.0,202.0
7273,793,32999.0,572.0
7274,792,306.0,124.0
7275,792,3.0,173.0
7276,792,411.0,101.0
7277,792,671.0,194.0
7278,792,230.0,176.0
7279,791,369.0,165.0
7280,790,14.0,138.0
7281,789,14.0,90.0
7282,789,124.0,272.0
7283,788,30.0,187.0
7284,788,7.0,182.0
7285,788,120.0,337.0
7286,788,123.0,115.0
7287,786,3182.0,114.0
7288,786,49.0,126.0
7289,784,608.0,137.0
7290,783,55.0,192.0
7291,783,129.0,163.0
7292,782,1007.0,183.0
7293,781,76.0,121.0
7294,781,102.0,178.0
7295,781,664.0,132.0
7296,781,164.0,226.0
7297,780,320.0,196.0
7298,780,289.0,196.0
7299,780,340.0,116.0
7300,779,68.0,196.0
7301,778,38667.0,203.0
7302,778,83.0,147.0
7303,778,94.0,226.0
7304,777,197.0,180.0
7305,777,17.0,139.0
7306,776,33.0,192.0
7307,775,4.0,186.0
7308,774,475.0,137.0
7309,774,589.0,200.0
7310,774,2675.0,161.0
7311,773,62.0,125.0
7312,773,96.0,202.0
7313,773,22752.0,563.0
7314,772,9124.0,200.0
7315,772,58829.0,207.0
7316,772,68.0,139.0
7317,772,3189.0,125.0
7318,771,58.0,125.0
7319,771,7.0,108.0
7320,770,1055.0,178.0
7321,770,7699.0,234.0
7322,769,3027.0,125.0
7323,769,10617.0,147.0
7324,768,8011.0,144.0
7325,768,110.0,334.0
7326,768,157.0,105.0
7327,768,1561.0,161.0
7328,766,1246.0,119.0
7329,766,2008.0,165.0
7330,766,1115.0,125.0
7331,765,110.0,113.0
7332,765,561.0,122.0
7333,764,945.0,121.0
7334,764,94.0,127.0
7335,764,99.0,127.0
7336,763,2379.0,152.0
7337,762,9408.0,254.0
7338,759,116.0,123.0
7339,759,85.0,202.0
7340,759,442.0,123.0
7341,758,210.0,150.0
7342,758,101.0,455.0
7343,758,1051.0,142.0
7344,757,108.0,191.0
7345,757,719.0,206.0
7346,757,8.0,206.0
7347,755,384.0,165.0
7348,755,1266.0,234.0
7349,755,57.0,165.0
7350,754,30923.0,177.0
7351,754,3406.0,114.0
7352,754,761.0,197.0
7353,751,52.0,131.0
7354,751,80825.0,181.0
7355,751,115228.0,289.0
7356,750,141.0,227.0
7357,749,223.0,197.0
7358,749,16.0,197.0
7359,749,44.0,180.0
7360,748,51.0,133.0
7361,748,23.0,133.0
7362,748,56.0,227.0
7363,748,93243.0,177.0
7364,748,21774.0,171.0
7365,747,91.0,246.0
7366,746,8.0,179.0
7367,746,431.0,330.0
7368,745,1017.0,146.0
7369,745,9610.0,179.0
7370,745,295.0,184.0
7371,744,13.0,146.0
7372,743,443.0,275.0
7373,742,1249.0,187.0
7374,742,97.0,111.0
7375,741,1171.0,114.0
7376,741,167.0,184.0
7377,741,1528.0,187.0
7378,741,61.0,335.0
7379,741,1067.0,121.0
7380,741,122.0,121.0
7381,741,801.0,103.0
7382,740,0.0,179.0
7383,740,4829.0,135.0
7384,740,1408.0,126.0
7385,740,129.0,113.0
7386,740,184.0,435.0
7387,740,1242.0,196.0
7388,739,1648.0,143.0
7389,738,171.0,233.0
7390,737,192.0,107.0
7391,737,2628.0,180.0
7392,736,6099.0,198.0
7393,736,200.0,161.0
7394,735,180.0,163.0
7395,735,330.0,196.0
7396,735,1153.0,125.0
7397,735,399.0,184.0
7398,735,234.0,202.0
7399,734,62.0,117.0
7400,733,143.0,261.0
7401,733,1750.0,148.0
7402,733,850.0,128.0
7403,732,71.0,115.0
7404,731,105.0,246.0
7405,731,39.0,138.0
7406,731,46.0,184.0
7407,730,180.0,184.0
7408,730,234.0,201.0
7409,729,1297.0,177.0
7410,729,11.0,158.0
7411,729,29.0,184.0
7412,729,24245.0,134.0
7413,729,14601.0,127.0
7414,729,185.0,185.0
7415,729,8529.0,213.0
7416,729,83262.0,170.0
7417,728,633.0,177.0
7418,727,37.0,128.0
7419,726,122.0,185.0
7420,726,100.0,246.0
7421,725,4963.0,112.0
7422,725,84256.0,173.0
7423,725,293.0,202.0
7424,724,74882.0,153.0
7425,724,20.0,118.0
7426,723,345.0,114.0
7427,723,840.0,133.0
7428,723,691.0,185.0
7429,723,1942.0,115.0
7430,723,281.0,204.0
7431,723,258.0,123.0
7432,722,14.0,125.0
7433,722,876.0,157.0
7434,722,3950.0,122.0
7435,722,7934.0,186.0
7436,722,20926.0,149.0
7437,722,84.0,151.0
7438,722,119866.0,289.0
7439,722,292.0,220.0
7440,722,365.0,143.0
7441,722,1116.0,220.0
7442,722,0.0,112.0
7443,722,3297.0,180.0
7444,722,10287.0,189.0
7445,722,940.0,237.0
7446,722,443.0,185.0
7447,722,72502.0,122.0
7448,722,187.0,111.0
7449,721,529.0,583.0
7450,721,185.0,195.0
7451,721,772.0,99.0
7452,721,1007.0,173.0
7453,721,1153.0,122.0
7454,721,702.0,127.0
7455,721,385.0,228.0
7456,721,997.0,185.0
7457,721,2029.0,127.0
7458,721,118.0,254.0
7459,721,400.0,106.0
7460,721,179.0,183.0
7461,721,42.0,190.0
7462,721,73480.0,259.0
7463,721,377.0,291.0
7464,721,25164.0,124.0
7465,721,1394.0,139.0
7466,721,1508.0,106.0
7467,721,676.0,184.0
7468,721,14.0,112.0
7469,721,35671.0,572.0
7470,721,1033.0,231.0
7471,721,918.0,231.0
7472,721,105.0,185.0
7473,721,0.0,162.0
7474,721,3742.0,99.0
7475,721,170.0,181.0
7476,721,2275.0,139.0
7477,721,2597.0,120.0
7478,721,524.0,94.0
7479,721,109.0,182.0
7480,721,585.0,161.0
7481,721,75.0,111.0
7482,721,10253.0,185.0
7483,720,9008.0,147.0
7484,720,269.0,247.0
7485,720,0.0,221.0
7486,720,0.0,151.0
7487,720,426.0,198.0
7488,720,220.0,122.0
7489,720,416.0,115.0
7490,720,282.0,191.0
7491,720,78.0,122.0
7492,720,179.0,208.0
7493,720,23.0,181.0
7494,720,1.0,150.0
7495,720,120.0,150.0
7496,720,47.0,161.0
7497,720,201.0,206.0
7498,720,31.0,128.0
7499,720,32.0,133.0
7500,720,0.0,132.0
7501,720,256.0,140.0
7502,720,57.0,161.0
7503,720,235.0,103.0
7504,720,8711.0,153.0
7505,720,259.0,140.0
7506,720,7.0,120.0
7507,720,1.0,114.0
7508,720,10013.0,104.0
7509,720,10289.0,104.0
7510,720,13177.0,104.0
7511,720,590.0,186.0
7512,720,1085.0,121.0
7513,720,198.0,116.0
7514,720,999.0,179.0
7515,720,84.0,179.0
7516,720,185.0,204.0
7517,720,278.0,128.0
7518,720,7819.0,105.0
7519,720,364.0,156.0
7520,720,30.0,198.0
7521,720,496.0,186.0
7522,720,502.0,186.0
7523,720,124.0,203.0
7524,720,103.0,154.0
7525,720,18.0,155.0
7526,720,296.0,117.0
7527,720,78.0,105.0
7528,720,255.0,109.0
7529,720,149.0,173.0
7530,720,142.0,129.0
7531,720,2.0,129.0
7532,720,1648.0,124.0
7533,720,3376.0,289.0
7534,720,665.0,206.0
7535,720,33783.0,136.0
7536,720,174.0,189.0
7537,720,3808.0,182.0
7538,720,1412.0,196.0
7539,720,49287.0,259.0
7540,720,72685.0,300.0
7541,720,1119.0,130.0
7542,720,426.0,119.0
7543,720,1.0,113.0
7544,720,8300.0,123.0
7545,720,2317.0,128.0
7546,720,2281.0,128.0
7547,720,29433.0,102.0
7548,720,0.0,132.0
7549,720,7.0,140.0
7550,720,27034.0,185.0
7551,720,2515.0,139.0
7552,720,246.0,139.0
7553,720,213.0,139.0
7554,720,126.0,182.0
7555,720,7639.0,259.0
7556,720,183.0,172.0
7557,720,152.0,90.0
7558,720,236.0,114.0
7559,720,1199.0,139.0
7560,720,948.0,110.0
7561,720,0.0,128.0
7562,720,161.0,126.0
7563,720,460.0,124.0
7564,720,17.0,132.0
7565,720,660.0,260.0
7566,720,268.0,129.0
7567,720,1741.0,263.0
7568,720,933.0,210.0
7569,720,357.0,124.0
7570,720,21327.0,161.0
7571,720,515.0,108.0
7572,720,487.0,198.0
7573,720,66.0,236.0
7574,720,236.0,233.0
7575,720,1584.0,109.0
7576,720,3679.0,125.0
7577,720,3652.0,151.0
7578,720,661.0,208.0
7579,720,7.0,139.0
7580,720,8.0,139.0
7581,720,511.0,192.0
7582,720,0.0,125.0
7583,720,0.0,122.0
7584,720,51.0,213.0
7585,720,1.0,213.0
7586,720,6291.0,259.0
7587,720,88.0,261.0
7588,720,9.0,175.0
7589,720,206.0,121.0
7590,720,194.0,179.0
7591,720,0.0,117.0
7592,720,30.0,133.0
7593,720,0.0,113.0
7594,720,2330.0,216.0
7595,720,2262.0,211.0
7596,720,127.0,146.0
7597,720,326.0,294.0
7598,720,290.0,259.0
7599,720,227.0,137.0
7600,720,782.0,95.0
7601,720,170.0,179.0
7602,720,12.0,133.0
7603,720,699.0,179.0
7604,720,1.0,165.0
7605,720,1.0,274.0
7606,720,1616.0,109.0
7607,720,133.0,109.0
7608,720,3396.0,198.0
7609,720,132.0,109.0
7610,720,1262.0,109.0
7611,720,419.0,213.0
7612,720,4.0,159.0
7613,720,76.0,138.0
7614,720,86.0,115.0
7615,720,934.0,190.0
7616,720,15.0,116.0
7617,720,338.0,116.0
7618,720,831.0,124.0
7619,720,871.0,124.0
7620,720,1366.0,122.0
7621,720,6330.0,108.0
7622,720,971.0,123.0
7623,720,3.0,179.0
7624,720,1.0,179.0
7625,720,114.0,126.0
7626,720,3538.0,259.0
7627,720,7603.0,259.0
7628,720,57.0,192.0
7629,720,5322.0,245.0
7630,720,115.0,116.0
7631,720,1784.0,98.0
7632,720,580.0,125.0
7633,720,2218.0,121.0
7634,720,1578.0,109.0
7635,720,1634.0,109.0
7636,720,1642.0,109.0
7637,720,104.0,126.0
7638,720,143.0,249.0
7639,720,2756.0,210.0
7640,720,202.0,116.0
7641,720,786.0,109.0
7642,720,0.0,137.0
7643,720,1136.0,159.0
7644,720,0.0,200.0
7645,720,188.0,181.0
7646,720,30032.0,172.0
7647,720,255.0,154.0
7648,720,46.0,187.0
7649,720,7675.0,259.0
7650,720,63872.0,121.0
7651,720,839.0,121.0
7652,720,131.0,186.0
7653,720,286.0,89.0
7654,720,177.0,183.0
7655,720,387.0,194.0
7656,720,1739.0,183.0
7657,720,2511.0,230.0
7658,720,2045.0,138.0
7659,720,1467.0,113.0
7660,720,1580.0,111.0
7661,720,1370.0,112.0
7662,720,9.0,122.0
7663,720,362.0,211.0
7664,720,0.0,120.0
7665,720,0.0,177.0
7666,720,0.0,130.0
7667,720,1250.0,124.0
7668,720,1286.0,124.0
7669,720,255.0,129.0
7670,720,22.0,118.0
7671,720,754.0,118.0
7672,720,2173.0,230.0
7673,720,1404.0,172.0
7674,720,39.0,164.0
7675,720,87.0,119.0
7676,720,274.0,168.0
7677,720,899.0,113.0
7678,720,2565.0,119.0
7679,720,1052.0,180.0
7680,720,62.0,217.0
7681,720,26.0,230.0
7682,720,6.0,230.0
7683,720,2008.0,230.0
7684,720,2006.0,230.0
7685,720,9.0,133.0
7686,720,2213.0,115.0
7687,720,2281.0,191.0
7688,720,450.0,191.0
7689,720,2203.0,191.0
7690,720,435.0,191.0
7691,720,70.0,142.0
7692,720,1033.0,90.0
7693,720,1.0,158.0
7694,720,68.0,117.0
7695,720,114.0,158.0
7696,720,16.0,154.0
7697,720,14163.0,188.0
7698,720,11214.0,132.0
7699,720,306.0,120.0
7700,720,141.0,103.0
7701,720,101.0,192.0
7702,720,367.0,117.0
7703,720,4.0,127.0
7704,720,2515.0,140.0
7705,720,2446.0,140.0
7706,720,2433.0,140.0
7707,720,25.0,175.0
7708,720,9497.0,207.0
7709,720,2620.0,140.0
7710,720,0.0,115.0
7711,719,9692.0,161.0
7712,719,5396.0,161.0
7713,719,268.0,215.0
7714,719,28369.0,238.0
7715,719,50.0,187.0
7716,719,60.0,115.0
7717,719,382.0,194.0
7718,719,1283.0,199.0
7719,719,463.0,182.0
7720,719,19951.0,114.0
7721,719,0.0,129.0
7722,719,0.0,118.0
7723,719,330.0,184.0
7724,719,325.0,184.0
7725,719,0.0,146.0
7726,719,165.0,187.0
7727,719,375.0,207.0
7728,719,1921.0,178.0
7729,719,877.0,132.0
7730,719,189.0,134.0
7731,719,1015.0,187.0
7732,719,117.0,129.0
7733,719,1.0,129.0
7734,719,115.0,200.0
7735,719,0.0,141.0
7736,719,1.0,125.0
7737,719,1354.0,91.0
7738,719,0.0,142.0
7739,719,160.0,185.0
7740,719,0.0,134.0
7741,719,0.0,137.0
7742,719,21836.0,114.0
7743,718,0.0,134.0
7744,718,0.0,131.0
7745,718,65.0,114.0
7746,718,0.0,131.0
7747,718,0.0,133.0
7748,718,0.0,151.0
7749,718,1.0,143.0
7750,718,0.0,137.0
7751,718,0.0,142.0
7752,718,0.0,135.0
7753,718,0.0,143.0
7754,718,0.0,148.0
7755,718,121.0,148.0
7756,718,84.0,143.0
7757,718,0.0,135.0
7758,718,228.0,115.0
7759,718,0.0,149.0
7760,718,0.0,133.0
7761,718,1.0,134.0
7762,718,0.0,184.0
7763,718,1.0,240.0
7764,718,2207.0,205.0
7765,718,0.0,239.0
7766,718,83.0,125.0
7767,718,97.0,172.0
7768,718,1.0,130.0
7769,718,249.0,111.0
7770,718,0.0,132.0
7771,718,0.0,136.0
7772,718,2.0,241.0
7773,718,1.0,321.0
7774,718,1.0,135.0
7775,718,0.0,191.0
7776,718,5.0,157.0
7777,717,450.0,205.0
7778,717,31.0,199.0
7779,717,316.0,133.0
7780,717,1556.0,115.0
7781,717,16251.0,135.0
7782,717,1222.0,176.0
7783,717,3329.0,178.0
7784,717,457.0,182.0
7785,717,1168.0,314.0
7786,716,115776.0,310.0
7787,716,9703.0,178.0
7788,716,243.0,101.0
7789,716,600105.0,252.0
7790,716,273.0,123.0
7791,716,300.0,113.0
7792,716,21700.0,131.0
7793,716,76260.0,476.0
7794,716,689.0,183.0
7795,716,721.0,215.0
7796,715,253.0,128.0
7797,715,601.0,116.0
7798,715,4268.0,92.0
7799,715,0.0,139.0
7800,715,117.0,163.0
7801,714,1566.0,233.0
7802,714,220.0,196.0
7803,714,680.0,196.0
7804,714,296.0,158.0
7805,714,254.0,196.0
7806,713,1750.0,147.0
7807,713,1243.0,120.0
7808,713,557.0,184.0
7809,713,32.0,196.0
7810,712,14856.0,115.0
7811,712,38508.0,210.0
7812,712,125.0,226.0
7813,711,23546.0,231.0
7814,710,7.0,119.0
7815,710,7215.0,115.0
7816,710,55.0,123.0
7817,710,301.0,158.0
7818,709,623.0,215.0
7819,709,865.0,173.0
7820,709,88.0,123.0
7821,709,121999.0,137.0
7822,709,273.0,137.0
7823,709,69.0,123.0
7824,708,24265.0,216.0
7825,708,253.0,185.0
7826,708,863.0,203.0
7827,707,62.0,187.0
7828,706,118334.0,148.0
7829,706,1983.0,203.0
7830,706,51646.0,129.0
7831,705,13.0,139.0
7832,704,1276.0,120.0
7833,703,140.0,203.0
7834,703,2265.0,189.0
7835,703,123.0,127.0
7836,703,16370.0,213.0
7837,703,150.0,184.0
7838,702,526.0,122.0
7839,701,195.0,114.0
7840,701,5562.0,105.0
7841,701,7.0,541.0
7842,700,367.0,162.0
7843,700,25.0,131.0
7844,700,231.0,131.0
7845,700,8133.0,131.0
7846,700,81251.0,84.0
7847,700,96.0,161.0
7848,699,684.0,141.0
7849,699,6.0,139.0
7850,698,5002.0,213.0
7851,698,23890.0,233.0
7852,698,68653.0,189.0
7853,697,157.0,163.0
7854,697,18.0,116.0
7855,697,888.0,116.0
7856,697,743.0,139.0
7857,696,7092.0,206.0
7858,696,1496.0,213.0
7859,695,979.0,187.0
7860,695,993.0,208.0
7861,695,58149.0,131.0
7862,694,1954.0,94.0
7863,693,149.0,167.0
7864,693,900.0,182.0
7865,693,174.0,211.0
7866,691,126485.0,621.0
7867,690,1.0,392.0
7868,690,2.0,371.0
7869,690,2.0,412.0
7870,690,2.0,391.0
7871,690,3.0,401.0
7872,690,2.0,405.0
7873,690,44.0,183.0
7874,690,1332.0,201.0
7875,688,1160.0,130.0
7876,688,2160.0,120.0
7877,687,39.0,194.0
7878,687,320.0,120.0
7879,686,21366.0,103.0
7880,685,25.0,117.0
7881,685,2699.0,117.0
7882,683,250.0,169.0
7883,682,399.0,127.0
7884,681,10.0,182.0
7885,681,228.0,125.0
7886,679,2507.0,177.0
7887,678,187.0,122.0
7888,678,193.0,193.0
7889,678,70.0,104.0
7890,677,170.0,132.0
7891,677,51.0,192.0
7892,677,733.0,189.0
7893,677,2179.0,186.0
7894,676,55.0,139.0
7895,676,70.0,139.0
7896,676,1366.0,292.0
7897,676,9.0,178.0
7898,676,388.0,192.0
7899,675,1087.0,127.0
7900,675,553.0,233.0
7901,674,4.0,136.0
7902,674,242.0,191.0
7903,674,316.0,192.0
7904,674,665.0,192.0
7905,674,82.0,192.0
7906,674,460.0,118.0
7907,674,806.0,138.0
7908,673,2.0,108.0
7909,673,37.0,227.0
7910,672,106.0,201.0
7911,671,595.0,206.0
7912,671,3357.0,145.0
7913,670,126.0,123.0
7914,670,206.0,116.0
7915,670,150.0,121.0
7916,670,1185.0,184.0
7917,670,87.0,134.0
7918,670,775.0,142.0
7919,669,1293.0,92.0
7920,669,1305.0,90.0
7921,669,21.0,142.0
7922,669,370.0,124.0
7923,668,2691.0,204.0
7924,668,310.0,123.0
7925,668,29.0,120.0
7926,667,451.0,211.0
7927,667,442.0,211.0
7928,667,22035.0,227.0
7929,667,375.0,123.0
7930,665,398.0,101.0
7931,665,1461.0,210.0
7932,665,3555.0,145.0
7933,664,131.0,169.0
7934,664,12.0,169.0
7935,664,349.0,148.0
7936,664,190.0,189.0
7937,664,134.0,169.0
7938,664,132.0,169.0
7939,664,132.0,169.0
7940,664,128.0,169.0
7941,663,585.0,136.0
7942,662,697.0,187.0
7943,662,412.0,119.0
7944,661,365.0,306.0
7945,661,1644.0,127.0
7946,660,908.0,195.0
7947,660,1768.0,176.0
7948,660,5618.0,176.0
7949,660,7590.0,176.0
7950,660,59.0,203.0
7951,660,1.0,108.0
7952,660,1.0,108.0
7953,660,1.0,108.0
7954,660,150.0,176.0
7955,660,144.0,175.0
7956,659,84.0,152.0
7957,658,530.0,212.0
7958,658,563.0,195.0
7959,658,544.0,195.0
7960,658,669.0,212.0
7961,658,1169.0,203.0
7962,657,466.0,147.0
7963,657,16.0,213.0
7964,657,169.0,190.0
7965,656,2133.0,112.0
7966,655,2063.0,162.0
7967,654,2210.0,216.0
7968,654,3282.0,219.0
7969,652,445.0,206.0
7970,652,423.0,206.0
7971,652,288.0,206.0
7972,652,251.0,206.0
7973,651,1293.0,225.0
7974,650,68.0,193.0
7975,649,433.0,230.0
7976,649,266.0,181.0
7977,648,12.0,125.0
7978,648,39.0,240.0
7979,647,314.0,112.0
7980,644,66.0,187.0
7981,644,666.0,136.0
7982,644,17.0,185.0
7983,643,10.0,201.0
7984,643,85888.0,210.0
7985,642,3260.0,223.0
7986,642,75.0,117.0
7987,642,2096.0,223.0
7988,641,1068.0,155.0
7989,641,2453.0,211.0
7990,640,320.0,180.0
7991,640,5.0,214.0
7992,639,2150.0,145.0
7993,638,220.0,119.0
7994,638,166.0,119.0
7995,638,2749.0,186.0
7996,638,1196.0,112.0
7997,635,744.0,131.0
7998,635,4.0,203.0
7999,634,272.0,121.0
8000,634,148.0,163.0
8001,634,867.0,121.0
8002,634,162.0,136.0
8003,634,9256.0,226.0
8004,633,2297.0,221.0
8005,633,84.0,213.0
8006,633,14.0,181.0
8007,633,227.0,152.0
8008,633,1050.0,122.0
8009,632,732.0,116.0
8010,632,94.0,124.0
8011,632,197.0,124.0
8012,632,13.0,139.0
8013,632,5312.0,210.0
8014,632,119.0,124.0
8015,631,553.0,150.0
8016,631,172.0,140.0
8017,631,101.0,118.0
8018,630,67.0,214.0
8019,630,1689.0,139.0
8020,630,14938.0,118.0
8021,628,14.0,186.0
8022,628,1168.0,138.0
8023,628,192.0,138.0
8024,627,3638.0,190.0
8025,627,37.0,127.0
8026,627,1375.0,121.0
8027,627,69587.0,122.0
8028,626,268.0,235.0
8029,626,2099.0,147.0
8030,625,695.0,203.0
8031,625,474.0,153.0
8032,625,46.0,122.0
8033,624,11629.0,212.0
8034,624,15.0,204.0
8035,623,349.0,191.0
8036,623,102.0,205.0
8037,623,42.0,146.0
8038,623,30920.0,205.0
8039,622,40.0,139.0
8040,622,875.0,139.0
8041,622,336.0,139.0
8042,621,285.0,163.0
8043,621,4.0,175.0
8044,620,5556.0,181.0
8045,620,424.0,128.0
8046,620,69.0,192.0
8047,619,176.0,213.0
8048,619,297.0,138.0
8049,618,1930.0,217.0
8050,618,18.0,122.0
8051,618,535.0,217.0
8052,617,4839.0,194.0
8053,617,4383.0,194.0
8054,617,708.0,194.0
8055,617,11140.0,186.0
8056,617,97.0,194.0
8057,617,3280.0,194.0
8058,616,340.0,202.0
8059,616,202.0,222.0
8060,615,6797.0,122.0
8061,615,2022.0,160.0
8062,614,306.0,103.0
8063,614,56.0,132.0
8064,614,17.0,193.0
8065,613,3423.0,241.0
8066,613,3783.0,241.0
8067,613,635.0,219.0
8068,612,1435.0,128.0
8069,612,4144.0,207.0
8070,612,120.0,203.0
8071,610,629.0,186.0
8072,610,4066.0,136.0
8073,609,3729.0,103.0
8074,609,9.0,221.0
8075,608,96.0,200.0
8076,608,1142.0,123.0
8077,608,18.0,193.0
8078,608,18.0,200.0
8079,607,115.0,161.0
8080,607,39.0,203.0
8081,607,159.0,161.0
8082,607,138.0,222.0
8083,606,1381.0,139.0
8084,605,758.0,199.0
8085,605,78.0,123.0
8086,604,705.0,169.0
8087,604,24.0,185.0
8088,604,12203.0,421.0
8089,604,22.0,191.0
8090,603,453.0,139.0
8091,603,26800.0,119.0
8092,602,1159.0,193.0
8093,602,248.0,119.0
8094,600,5695.0,129.0
8095,600,23813.0,235.0
8096,600,26.0,143.0
8097,600,805.0,118.0
8098,600,446.0,151.0
8099,600,38.0,143.0
8100,600,4542.0,222.0
8101,600,10.0,116.0
8102,600,41.0,113.0
8103,599,634.0,125.0
8104,599,139.0,195.0
8105,599,54.0,138.0
8106,599,123.0,222.0
8107,598,6944.0,177.0
8108,597,100.0,168.0
8109,597,8.0,174.0
8110,596,256.0,129.0
8111,595,68818.0,224.0
8112,595,2941.0,144.0
8113,595,35.0,138.0
8114,595,1.0,137.0
8115,594,257.0,122.0
8116,594,44.0,181.0
8117,593,43.0,197.0
8118,593,772.0,175.0
8119,592,24.0,143.0
8120,592,6896.0,194.0
8121,592,297.0,187.0
8122,591,1025.0,125.0
8123,590,41.0,194.0
8124,590,5.0,183.0
8125,590,93.0,186.0
8126,590,1708.0,642.0
8127,589,33.0,203.0
8128,589,59.0,178.0
8129,589,190.0,203.0
8130,589,860.0,203.0
8131,589,153.0,203.0
8132,588,711.0,184.0
8133,588,84.0,116.0
8134,588,563.0,206.0
8135,587,1538.0,201.0
8136,587,45.0,190.0
8137,587,97.0,195.0
8138,586,259.0,116.0
8139,586,2307.0,172.0
8140,585,0.0,134.0
8141,585,1246.0,180.0
8142,585,35425.0,202.0
8143,585,5024.0,189.0
8144,584,4.0,230.0
8145,584,53.0,230.0
8146,584,13.0,230.0
8147,584,544.0,230.0
8148,584,66.0,392.0
8149,584,155.0,230.0
8150,584,1507.0,144.0
8151,583,90.0,198.0
8152,583,4761.0,102.0
8153,583,447.0,103.0
8154,583,402.0,193.0
8155,582,23.0,170.0
8156,582,18671.0,486.0
8157,582,4110.0,138.0
8158,582,22.0,245.0
8159,582,99.0,222.0
8160,582,24.0,190.0
8161,582,584.0,155.0
8162,581,1307.0,125.0
8163,581,83.0,188.0
8164,581,26.0,144.0
8165,581,556.0,208.0
8166,581,0.0,192.0
8167,580,12748.0,129.0
8168,580,412.0,139.0
8169,580,64.0,171.0
8170,579,1073.0,114.0
8171,579,2978.0,131.0
8172,579,3304.0,123.0
8173,578,457.0,266.0
8174,578,6.0,113.0
8175,577,1155.0,133.0
8176,577,29454.0,223.0
8177,577,458.0,120.0
8178,577,793.0,117.0
8179,577,1685.0,123.0
8180,577,1695.0,123.0
8181,577,2741.0,219.0
8182,576,117.0,168.0
8183,576,1.0,136.0
8184,576,399.0,184.0
8185,576,615.0,114.0
8186,576,118.0,114.0
8187,576,7.0,157.0
8188,576,4.0,123.0
8189,576,7.0,136.0
8190,576,8.0,129.0
8191,576,87.0,121.0
8192,576,166.0,127.0
8193,576,95.0,117.0
8194,576,209.0,195.0
8195,576,97.0,121.0
8196,576,3796.0,127.0
8197,576,269.0,125.0
8198,576,8.0,132.0
8199,576,26.0,232.0
8200,576,981.0,188.0
8201,576,231.0,129.0
8202,576,723.0,190.0
8203,576,397.0,114.0
8204,576,458.0,114.0
8205,576,647.0,122.0
8206,576,640.0,122.0
8207,576,8.0,153.0
8208,576,1346.0,182.0
8209,576,35.0,320.0
8210,576,7.0,241.0
8211,576,118.0,135.0
8212,576,7.0,129.0
8213,576,2.0,124.0
8214,576,633.0,137.0
8215,576,95.0,122.0
8216,576,8.0,132.0
8217,576,1.0,137.0
8218,576,8.0,224.0
8219,576,1.0,137.0
8220,576,1436.0,137.0
8221,576,749.0,164.0
8222,576,4128.0,159.0
8223,576,180.0,141.0
8224,576,229.0,201.0
8225,576,63.0,158.0
8226,576,10.0,127.0
8227,576,415.0,201.0
8228,576,11.0,224.0
8229,576,6.0,203.0
8230,576,1556.0,860.0
8231,576,1.0,154.0
8232,576,5.0,234.0
8233,576,307.0,142.0
8234,576,32.0,159.0
8235,575,82.0,176.0
8236,575,883.0,123.0
8237,575,7.0,137.0
8238,575,149.0,121.0
8239,575,3592.0,125.0
8240,575,6.0,112.0
8241,575,1.0,115.0
8242,575,9.0,193.0
8243,574,6.0,128.0
8244,574,44520.0,117.0
8245,574,9.0,186.0
8246,574,12.0,112.0
8247,574,289.0,119.0
8248,574,106.0,201.0
8249,573,5741.0,130.0
8250,572,104.0,200.0
8251,572,675.0,200.0
8252,572,152.0,200.0
8253,572,8.0,200.0
8254,572,300.0,200.0
8255,572,224.0,139.0
8256,571,33.0,175.0
8257,571,324.0,97.0
8258,571,31.0,108.0
8259,570,9.0,114.0
8260,570,214.0,121.0
8261,570,172.0,200.0
8262,569,31.0,139.0
8263,569,240.0,139.0
8264,569,6664.0,119.0
8265,569,61.0,126.0
8266,569,89.0,123.0
8267,569,169.0,117.0
8268,569,122.0,126.0
8269,568,632.0,119.0
8270,568,31.0,208.0
8271,568,88.0,126.0
8272,568,449.0,139.0
8273,568,96.0,97.0
8274,568,487.0,183.0
8275,567,9626.0,224.0
8276,567,153.0,179.0
8277,567,385.0,122.0
8278,567,193.0,176.0
8279,566,17227.0,169.0
8280,566,2630.0,139.0
8281,565,66.0,198.0
8282,565,15.0,219.0
8283,565,476.0,203.0
8284,565,152753.0,113.0
8285,565,4555.0,138.0
8286,565,45081.0,259.0
8287,565,18.0,198.0
8288,565,59.0,139.0
8289,565,168.0,123.0
8290,565,245.0,157.0
8291,565,2794.0,147.0
8292,564,74.0,139.0
8293,564,984.0,138.0
8294,564,68.0,190.0
8295,564,142.0,131.0
8296,564,15.0,139.0
8297,564,25.0,139.0
8298,564,1487.0,139.0
8299,564,9710.0,138.0
8300,563,99.0,122.0
8301,563,3139.0,169.0
8302,563,167.0,117.0
8303,563,2588.0,156.0
8304,562,112.0,210.0
8305,562,1069.0,168.0
8306,562,39.0,143.0
8307,562,785.0,486.0
8308,562,128.0,137.0
8309,561,105.0,120.0
8310,561,1011.0,185.0
8311,561,26994.0,221.0
8312,560,231.0,202.0
8313,560,44044.0,131.0
8314,560,10.0,126.0
8315,560,21022.0,123.0
8316,559,280.0,161.0
8317,559,300.0,202.0
8318,558,6.0,117.0
8319,558,11283.0,139.0
8320,558,7397.0,226.0
8321,558,219.0,139.0
8322,558,42.0,133.0
8323,558,352.0,90.0
8324,558,27.0,139.0
8325,558,25282.0,224.0
8326,557,7.0,204.0
8327,557,8.0,139.0
8328,556,4.0,118.0
8329,556,30115.0,159.0
8330,556,180.0,120.0
8331,556,122.0,115.0
8332,556,28821.0,224.0
8333,556,50.0,139.0
8334,556,117.0,139.0
8335,555,66.0,138.0
8336,555,941.0,194.0
8337,555,314.0,306.0
8338,555,41.0,139.0
8339,555,60.0,194.0
8340,554,62.0,194.0
8341,554,83939.0,245.0
8342,554,174.0,194.0
8343,554,1174.0,181.0
8344,554,1158.0,208.0
8345,554,205.0,194.0
8346,554,500.0,121.0
8347,554,56409.0,308.0
8348,553,2172.0,125.0
8349,553,47610.0,259.0
8350,553,39.0,199.0
8351,553,186.0,203.0
8352,553,325.0,107.0
8353,552,30.0,127.0
8354,552,1946.0,186.0
8355,552,20170.0,152.0
8356,552,701.0,133.0
8357,552,59514.0,122.0
8358,551,1171.0,115.0
8359,551,4547.0,150.0
8360,551,627.0,131.0
8361,551,125.0,131.0
8362,551,74.0,131.0
8363,551,29946.0,228.0
8364,551,1183.0,163.0
8365,551,91.0,116.0
8366,551,53.0,121.0
8367,551,96.0,116.0
8368,550,54.0,192.0
8369,550,63.0,122.0
8370,549,41105.0,139.0
8371,549,10.0,204.0
8372,548,1454.0,142.0
8373,548,1022.0,120.0
8374,548,4691.0,108.0
8375,548,92.0,148.0
8376,548,127.0,189.0
8377,548,67.0,392.0
8378,547,606.0,154.0
8379,547,986.0,178.0
8380,547,445.0,143.0
8381,547,1379.0,124.0
8382,547,20.0,201.0
8383,546,251.0,126.0
8384,545,1335.0,181.0
8385,545,37.0,193.0
8386,545,112.0,118.0
8387,545,216.0,131.0
8388,544,1570.0,144.0
8389,544,1182.0,121.0
8390,543,40.0,114.0
8391,543,6827.0,145.0
8392,543,29.0,201.0
8393,543,984.0,120.0
8394,543,8755.0,136.0
8395,543,93.0,195.0
8396,542,32015.0,131.0
8397,542,6.0,191.0
8398,542,104.0,123.0
8399,541,589.0,134.0
8400,541,24431.0,157.0
8401,540,813.0,201.0
8402,540,53.0,118.0
8403,540,120.0,150.0
8404,540,3086.0,188.0
8405,540,155.0,149.0
8406,539,261.0,193.0
8407,539,9.0,193.0
8408,539,508.0,131.0
8409,538,855.0,152.0
8410,538,368.0,123.0
8411,537,1592.0,135.0
8412,537,367.0,127.0
8413,537,280.0,137.0
8414,537,1418.0,137.0
8415,537,10524.0,200.0
8416,537,187.0,189.0
8417,536,953.0,226.0
8418,535,145.0,116.0
8419,534,470.0,243.0
8420,534,3232.0,1140.0
8421,534,335.0,123.0
8422,533,4943.0,96.0
8423,533,3861.0,140.0
8424,532,7529.0,139.0
8425,531,809.0,163.0
8426,531,262.0,177.0
8427,531,20513.0,141.0
8428,531,1173.0,83.0
8429,531,1158.0,83.0
8430,531,62.0,147.0
8431,531,875.0,147.0
8432,531,20.0,115.0
8433,530,1389.0,579.0
8434,530,1388.0,579.0
8435,529,1045.0,253.0
8436,529,24576.0,153.0
8437,529,74.0,155.0
8438,529,3091.0,245.0
8439,529,2315.0,142.0
8440,528,32.0,118.0
8441,528,130.0,204.0
8442,528,128.0,192.0
8443,527,55.0,147.0
8444,527,27.0,137.0
8445,527,27.0,184.0
8446,526,180.0,245.0
8447,526,167.0,245.0
8448,526,171.0,122.0
8449,525,89.0,120.0
8450,525,1058.0,195.0
8451,525,67.0,161.0
8452,524,843.0,182.0
8453,524,114.0,159.0
8454,523,36.0,158.0
8455,523,32.0,139.0
8456,523,61.0,126.0
8457,523,59.0,182.0
8458,523,115.0,126.0
8459,523,22316.0,158.0
8460,522,102.0,176.0
8461,522,329.0,115.0
8462,521,28356.0,228.0
8463,521,19263.0,155.0
8464,520,46.0,208.0
8465,520,32.0,199.0
8466,520,1.0,126.0
8467,519,139.0,178.0
8468,519,3834.0,261.0
8469,518,34.0,118.0
8470,518,4934.0,168.0
8471,518,652.0,119.0
8472,518,25202.0,224.0
8473,518,2221.0,224.0
8474,517,2052.0,144.0
8475,517,107.0,173.0
8476,517,506.0,224.0
8477,517,522.0,224.0
8478,517,11031.0,104.0
8479,517,367.0,224.0
8480,516,1214.0,104.0
8481,516,1741.0,176.0
8482,516,18435.0,120.0
8483,515,83316.0,127.0
8484,515,111.0,120.0
8485,515,175.0,121.0
8486,515,16614.0,273.0
8487,515,58.0,161.0
8488,514,438.0,273.0
8489,513,195.0,144.0
8490,513,1683.0,198.0
8491,513,27147.0,238.0
8492,512,84.0,149.0
8493,512,8.0,118.0
8494,512,24696.0,155.0
8495,511,367.0,143.0
8496,511,7932.0,273.0
8497,510,10.0,201.0
8498,510,6944.0,113.0
8499,510,25.0,126.0
8500,510,6.0,166.0
8501,510,770.0,244.0
8502,510,418.0,273.0
8503,509,68314.0,322.0
8504,509,443.0,123.0
8505,509,748.0,210.0
8506,508,2.0,132.0
8507,508,20552.0,160.0
8508,507,10431.0,152.0
8509,507,148.0,114.0
8510,507,122.0,209.0
8511,507,45.0,118.0
8512,506,135.0,154.0
8513,506,309.0,174.0
8514,506,3385.0,210.0
8515,506,1592.0,366.0
8516,505,1446.0,119.0
8517,504,2566.0,135.0
8518,504,1834.0,123.0
8519,503,282.0,168.0
8520,503,93512.0,271.0
8521,503,730.0,150.0
8522,503,989.0,202.0
8523,502,244.0,117.0
8524,502,3.0,213.0
8525,502,203.0,211.0
8526,502,50.0,121.0
8527,502,363.0,130.0
8528,501,945.0,202.0
8529,501,13.0,177.0
8530,501,1209.0,174.0
8531,501,1997.0,184.0
8532,501,1630.0,114.0
8533,500,789.0,126.0
8534,500,448.0,191.0
8535,500,216.0,109.0
8536,500,10.0,193.0
8537,500,227.0,200.0
8538,500,22.0,212.0
8539,500,442.0,163.0
8540,500,55760.0,211.0
8541,500,56.0,145.0
8542,500,634.0,120.0
8543,500,623.0,202.0
8544,500,1786.0,212.0
8545,499,75.0,205.0
8546,499,501.0,177.0
8547,498,1174.0,109.0
8548,498,1934.0,109.0
8549,498,526.0,195.0
8550,498,1138.0,120.0
8551,498,1864.0,109.0
8552,498,1925.0,140.0
8553,498,1388.0,109.0
8554,497,293.0,307.0
8555,497,58.0,119.0
8556,496,570.0,109.0
8557,496,945.0,109.0
8558,496,711.0,109.0
8559,496,2217.0,109.0
8560,496,52.0,140.0
8561,496,690.0,109.0
8562,496,971.0,121.0
8563,496,55.0,132.0
8564,496,548.0,109.0
8565,496,838.0,137.0
8566,496,1695.0,273.0
8567,495,15662.0,123.0
8568,495,931.0,137.0
8569,495,96.0,116.0
8570,495,24408.0,158.0
8571,495,2170.0,125.0
8572,495,670.0,116.0
8573,494,8.0,191.0
8574,493,2139.0,122.0
8575,493,272.0,105.0
8576,493,129.0,206.0
8577,493,595.0,126.0
8578,493,36759.0,236.0
8579,493,24964.0,128.0
8580,493,678.0,160.0
8581,493,3135.0,178.0
8582,492,14.0,227.0
8583,492,511.0,203.0
8584,492,249.0,122.0
8585,491,150490.0,118.0
8586,490,183.0,144.0
8587,490,3736.0,169.0
8588,490,514.0,181.0
8589,489,126.0,144.0
8590,489,706.0,126.0
8591,488,60182.0,115.0
8592,488,285.0,195.0
8593,488,5714.0,211.0
8594,487,8353.0,147.0
8595,487,873.0,123.0
8596,487,10.0,193.0
8597,487,839.0,150.0
8598,487,14786.0,185.0
8599,487,2663.0,183.0
8600,487,1097.0,139.0
8601,486,72569.0,621.0
8602,486,24284.0,158.0
8603,486,19.0,245.0
8604,485,69.0,198.0
8605,485,109622.0,147.0
8606,485,327.0,688.0
8607,485,109862.0,147.0
8608,484,109430.0,147.0
8609,484,211.0,110.0
8610,484,9256.0,149.0
8611,484,6.0,182.0
8612,483,449.0,203.0
8613,483,27.0,213.0
8614,483,454.0,119.0
8615,483,28.0,213.0
8616,483,1586.0,156.0
8617,482,254.0,117.0
8618,482,56.0,131.0
8619,482,2.0,117.0
8620,482,9918.0,154.0
8621,482,2036.0,154.0
8622,482,130.0,125.0
8623,482,106.0,108.0
8624,482,215.0,125.0
8625,482,302.0,93.0
8626,482,177.0,108.0
8627,482,107.0,117.0
8628,482,7.0,128.0
8629,482,25.0,181.0
8630,482,2642.0,165.0
8631,482,0.0,120.0
8632,482,753.0,126.0
8633,482,121.0,113.0
8634,482,1184.0,339.0
8635,482,3459.0,102.0
8636,481,1556.0,192.0
8637,481,59.0,212.0
8638,481,18.0,126.0
8639,481,107.0,186.0
8640,481,59.0,103.0
8641,481,795.0,192.0
8642,481,1166.0,219.0
8643,481,116.0,93.0
8644,481,164.0,125.0
8645,481,348.0,193.0
8646,481,910.0,174.0
8647,481,478.0,228.0
8648,481,499.0,163.0
8649,481,200.0,208.0
8650,481,153.0,126.0
8651,481,548.0,109.0
8652,481,27906.0,106.0
8653,481,187.0,129.0
8654,481,150.0,124.0
8655,481,667.0,127.0
8656,481,1021.0,195.0
8657,481,8.0,122.0
8658,481,676.0,154.0
8659,481,60375.0,111.0
8660,481,109.0,197.0
8661,481,15351.0,180.0
8662,481,15860.0,224.0
8663,481,126.0,94.0
8664,481,280.0,126.0
8665,481,553.0,189.0
8666,481,79836.0,114.0
8667,481,118.0,151.0
8668,480,5709.0,198.0
8669,480,205.0,113.0
8670,480,74.0,131.0
8671,480,50.0,113.0
8672,480,348.0,115.0
8673,480,172.0,109.0
8674,480,1093.0,188.0
8675,480,138.0,116.0
8676,480,142.0,107.0
8677,480,140.0,127.0
8678,480,164.0,108.0
8679,480,118.0,111.0
8680,480,155.0,110.0
8681,480,148.0,98.0
8682,480,122.0,112.0
8683,480,116.0,98.0
8684,480,227.0,109.0
8685,480,1135.0,203.0
8686,480,14.0,96.0
8687,480,11268.0,103.0
8688,480,1392.0,99.0
8689,480,128.0,113.0
8690,480,106.0,125.0
8691,480,139.0,126.0
8692,480,118.0,109.0
8693,480,54.0,125.0
8694,480,128.0,98.0
8695,480,130.0,122.0
8696,480,721.0,122.0
8697,480,182.0,126.0
8698,480,134.0,94.0
8699,480,129.0,109.0
8700,480,127.0,108.0
8701,480,150.0,88.0
8702,480,157.0,116.0
8703,480,162.0,108.0
8704,480,151.0,103.0
8705,480,127.0,122.0
8706,480,109.0,108.0
8707,480,131.0,107.0
8708,480,157.0,125.0
8709,480,126.0,104.0
8710,480,3566.0,142.0
8711,480,143.0,99.0
8712,480,230.0,111.0
8713,480,111.0,98.0
8714,480,3.0,120.0
8715,480,134.0,120.0
8716,480,131.0,112.0
8717,480,205.0,108.0
8718,480,194.0,110.0
8719,480,145.0,99.0
8720,480,107.0,112.0
8721,480,232.0,98.0
8722,480,121.0,125.0
8723,480,3150.0,104.0
8724,480,113.0,121.0
8725,480,134.0,108.0
8726,480,115.0,108.0
8727,480,133.0,112.0
8728,480,224.0,116.0
8729,480,202.0,111.0
8730,480,214.0,99.0
8731,480,157.0,111.0
8732,480,125.0,125.0
8733,480,145.0,125.0
8734,480,126.0,125.0
8735,480,134.0,125.0
8736,480,132.0,125.0
8737,480,768.0,176.0
8738,480,3.0,120.0
8739,480,2.0,120.0
8740,480,1.0,114.0
8741,480,58.0,133.0
8742,480,162.0,116.0
8743,480,4916.0,142.0
8744,480,6192.0,142.0
8745,480,149.0,126.0
8746,480,213.0,115.0
8747,480,194.0,107.0
8748,480,159.0,111.0
8749,480,146.0,108.0
8750,480,91.0,126.0
8751,480,105.0,125.0
8752,480,111.0,153.0
8753,480,124.0,115.0
8754,480,93.0,116.0
8755,480,5386.0,122.0
8756,480,211.0,108.0
8757,480,453.0,114.0
8758,480,154.0,114.0
8759,480,109.0,115.0
8760,480,175.0,99.0
8761,480,262.0,109.0
8762,480,119.0,117.0
8763,480,179.0,118.0
8764,480,3628.0,150.0
8765,480,6.0,120.0
8766,480,16.0,138.0
8767,480,0.0,117.0
8768,480,134.0,116.0
8769,480,159.0,93.0
8770,480,170.0,107.0
8771,480,213.0,108.0
8772,480,149.0,108.0
8773,480,175.0,126.0
8774,480,123.0,124.0
8775,480,118.0,116.0
8776,480,113.0,107.0
8777,480,312.0,223.0
8778,480,352.0,114.0
8779,480,4167.0,136.0
8780,480,155.0,113.0
8781,480,113.0,112.0
8782,480,91.0,112.0
8783,480,136.0,113.0
8784,480,171.0,113.0
8785,480,75.0,136.0
8786,480,173.0,114.0
8787,480,199.0,115.0
8788,480,555.0,102.0
8789,480,652.0,117.0
8790,480,331.0,117.0
8791,480,3182.0,186.0
8792,480,235.0,108.0
8793,480,219.0,93.0
8794,480,197.0,94.0
8795,480,659.0,166.0
8796,480,114.0,119.0
8797,480,133.0,103.0
8798,480,168.0,109.0
8799,480,112.0,111.0
8800,480,125.0,112.0
8801,480,98.0,124.0
8802,480,8.0,104.0
8803,480,63.0,130.0
8804,480,231.0,114.0
8805,480,44.0,233.0
8806,480,695.0,151.0
8807,480,134.0,98.0
8808,480,215.0,108.0
8809,480,152.0,100.0
8810,480,198.0,98.0
8811,480,124.0,93.0
8812,480,52.0,117.0
8813,480,75.0,134.0
8814,480,274.0,113.0
8815,480,143.0,154.0
8816,480,49.0,115.0
8817,480,167.0,112.0
8818,480,522.0,227.0
8819,480,125.0,125.0
8820,480,108.0,126.0
8821,480,137.0,108.0
8822,480,116.0,103.0
8823,480,166.0,125.0
8824,480,133.0,115.0
8825,480,107.0,108.0
8826,480,97.0,93.0
8827,480,115.0,93.0
8828,480,400.0,138.0
8829,480,417.0,101.0
8830,480,561.0,115.0
8831,480,6.0,122.0
8832,480,9.0,108.0
8833,480,4.0,117.0
8834,480,218.0,109.0
8835,480,239.0,125.0
8836,480,251.0,107.0
8837,480,232.0,94.0
8838,480,526.0,126.0
8839,480,6.0,112.0
8840,480,149.0,112.0
8841,480,167.0,93.0
8842,480,12.0,104.0
8843,480,8088.0,145.0
8844,480,195.0,94.0
8845,480,195.0,107.0
8846,480,168.0,99.0
8847,480,100.0,109.0
8848,480,75.0,108.0
8849,480,21823.0,120.0
8850,480,503.0,190.0
8851,480,131.0,128.0
8852,480,172.0,118.0
8853,480,9013.0,211.0
8854,480,2357.0,211.0
8855,480,168.0,126.0
8856,480,159.0,117.0
8857,480,139.0,110.0
8858,480,189.0,98.0
8859,480,145.0,113.0
8860,480,42.0,114.0
8861,480,258.0,118.0
8862,480,149.0,127.0
8863,480,131.0,104.0
8864,480,140.0,101.0
8865,480,297.0,115.0
8866,480,183.0,98.0
8867,480,112.0,110.0
8868,480,2579.0,178.0
8869,480,341.0,107.0
8870,480,5970.0,190.0
8871,480,60.0,118.0
8872,480,47.0,115.0
8873,480,56.0,131.0
8874,480,136.0,109.0
8875,480,81.0,106.0
8876,480,54.0,133.0
8877,480,793.0,186.0
8878,480,378.0,108.0
8879,480,137.0,107.0
8880,480,91.0,110.0
8881,480,157.0,122.0
8882,480,98.0,125.0
8883,480,1188.0,189.0
8884,480,189.0,189.0
8885,480,158.0,175.0
8886,480,507.0,128.0
8887,480,151.0,188.0
8888,480,1060.0,239.0
8889,480,0.0,117.0
8890,480,156.0,126.0
8891,480,237.0,129.0
8892,480,2191.0,123.0
8893,480,5404.0,195.0
8894,480,61.0,104.0
8895,480,69.0,123.0
8896,480,138.0,98.0
8897,480,156.0,111.0
8898,480,155.0,108.0
8899,480,129.0,117.0
8900,480,127.0,98.0
8901,480,132.0,108.0
8902,480,119.0,115.0
8903,480,125.0,108.0
8904,480,4010.0,148.0
8905,480,100.0,115.0
8906,480,124.0,110.0
8907,480,191.0,127.0
8908,480,89.0,112.0
8909,480,141.0,108.0
8910,480,146.0,125.0
8911,480,262.0,144.0
8912,480,783.0,904.0
8913,480,139.0,102.0
8914,480,396.0,113.0
8915,480,210.0,98.0
8916,480,192.0,104.0
8917,480,117.0,126.0
8918,480,121.0,125.0
8919,480,115.0,110.0
8920,480,332.0,100.0
8921,480,135.0,98.0
8922,480,120.0,107.0
8923,480,79.0,203.0
8924,480,278.0,108.0
8925,480,176.0,108.0
8926,480,286.0,108.0
8927,480,159.0,104.0
8928,480,1814.0,195.0
8929,480,121.0,108.0
8930,480,107.0,126.0
8931,480,132.0,110.0
8932,480,110.0,126.0
8933,480,147.0,126.0
8934,480,121.0,115.0
8935,480,158.0,111.0
8936,480,246.0,127.0
8937,480,148.0,127.0
8938,480,219.0,125.0
8939,480,171.0,111.0
8940,480,186.0,98.0
8941,480,132.0,105.0
8942,480,55.0,132.0
8943,480,3419.0,336.0
8944,480,2478.0,336.0
8945,480,47.0,181.0
8946,480,0.0,127.0
8947,480,102.0,126.0
8948,480,153.0,94.0
8949,480,165.0,110.0
8950,480,121.0,111.0
8951,480,798.0,136.0
8952,480,141.0,125.0
8953,480,166.0,110.0
8954,480,163.0,124.0
8955,480,129.0,210.0
8956,480,106.0,108.0
8957,480,187.0,125.0
8958,480,275.0,125.0
8959,480,205.0,126.0
8960,480,123.0,93.0
8961,480,125.0,125.0
8962,480,171.0,107.0
8963,480,94.0,94.0
8964,480,1.0,114.0
8965,480,225.0,115.0
8966,480,177.0,116.0
8967,480,40843.0,108.0
8968,480,152.0,104.0
8969,480,57.0,193.0
8970,480,130.0,93.0
8971,480,1255.0,166.0
8972,480,210.0,103.0
8973,480,134.0,107.0
8974,480,210.0,98.0
8975,480,169.0,106.0
8976,480,105.0,125.0
8977,480,359.0,146.0
8978,480,10944.0,105.0
8979,480,150.0,188.0
8980,480,1957.0,102.0
8981,480,130.0,196.0
8982,480,193.0,188.0
8983,480,53.0,198.0
8984,480,118.0,125.0
8985,480,123.0,109.0
8986,480,130.0,115.0
8987,480,138.0,181.0
8988,480,80.0,203.0
8989,480,0.0,119.0
8990,480,475.0,197.0
8991,480,167.0,166.0
8992,480,172.0,104.0
8993,480,122.0,116.0
8994,480,152.0,108.0
8995,480,175.0,116.0
8996,480,109.0,115.0
8997,480,0.0,124.0
8998,480,129.0,93.0
8999,480,119.0,119.0
9000,480,328.0,123.0
9001,480,164.0,125.0
9002,480,101.0,94.0
9003,480,147.0,125.0
9004,480,118.0,110.0
9005,480,107.0,117.0
9006,480,206.0,116.0
9007,480,126.0,108.0
9008,480,101.0,107.0
9009,480,139.0,112.0
9010,480,108.0,126.0
9011,480,163.0,125.0
9012,480,165.0,126.0
9013,480,115.0,126.0
9014,480,188.0,115.0
9015,480,170.0,108.0
9016,480,1895.0,108.0
9017,480,2835.0,178.0
9018,480,134.0,196.0
9019,480,3328.0,169.0
9020,480,327.0,255.0
9021,480,417.0,122.0
9022,480,247.0,96.0
9023,480,433.0,119.0
9024,480,107.0,115.0
9025,480,90.0,116.0
9026,480,288.0,134.0
9027,480,852.0,115.0
9028,480,159.0,123.0
9029,480,132.0,246.0
9030,480,121.0,88.0
9031,480,121.0,102.0
9032,480,133.0,126.0
9033,480,0.0,120.0
9034,480,120.0,115.0
9035,480,143.0,113.0
9036,480,212.0,108.0
9037,480,102.0,98.0
9038,480,110.0,104.0
9039,480,140.0,108.0
9040,480,121.0,110.0
9041,480,132.0,125.0
9042,480,700.0,103.0
9043,480,686.0,103.0
9044,480,221.0,111.0
9045,480,232.0,117.0
9046,480,215.0,116.0
9047,480,215.0,94.0
9048,480,219.0,112.0
9049,480,129.0,112.0
9050,480,163.0,98.0
9051,480,141.0,98.0
9052,480,142.0,117.0
9053,480,7623.0,104.0
9054,480,20769.0,107.0
9055,480,454.0,127.0
9056,480,273.0,108.0
9057,480,115.0,108.0
9058,480,165.0,179.0
9059,480,75.0,181.0
9060,480,61.0,198.0
9061,480,77.0,198.0
9062,480,20805.0,120.0
9063,480,104.0,116.0
9064,480,129.0,117.0
9065,480,105.0,112.0
9066,480,144.0,117.0
9067,480,89.0,98.0
9068,480,338.0,113.0
9069,480,124.0,125.0
9070,480,1889.0,163.0
9071,480,110.0,176.0
9072,480,71.0,176.0
9073,480,159.0,98.0
9074,480,61.0,115.0
9075,480,221.0,233.0
9076,480,118.0,125.0
9077,480,163.0,313.0
9078,480,1096.0,138.0
9079,480,90.0,183.0
9080,480,166.0,108.0
9081,480,187.0,98.0
9082,480,188.0,119.0
9083,480,112.0,116.0
9084,480,120.0,93.0
9085,480,114.0,108.0
9086,480,138.0,94.0
9087,480,114.0,125.0
9088,480,134.0,99.0
9089,480,96.0,179.0
9090,480,307.0,121.0
9091,480,146.0,93.0
9092,480,169.0,99.0
9093,480,106.0,104.0
9094,480,174.0,108.0
9095,480,163.0,108.0
9096,480,67.0,115.0
9097,480,0.0,140.0
9098,480,2.0,123.0
9099,480,165.0,107.0
9100,480,169.0,109.0
9101,480,117.0,116.0
9102,480,129.0,93.0
9103,480,190.0,111.0
9104,480,1.0,122.0
9105,480,241.0,116.0
9106,480,330.0,114.0
9107,480,1090.0,105.0
9108,480,1087.0,105.0
9109,480,1077.0,105.0
9110,480,1095.0,105.0
9111,480,1071.0,203.0
9112,480,1073.0,105.0
9113,480,36837.0,160.0
9114,480,1097.0,105.0
9115,480,1086.0,105.0
9116,480,158.0,98.0
9117,480,117.0,126.0
9118,480,139.0,108.0
9119,480,85.0,125.0
9120,480,146.0,125.0
9121,480,153.0,111.0
9122,480,167.0,96.0
9123,480,134.0,94.0
9124,480,243.0,107.0
9125,480,175.0,125.0
9126,480,185.0,113.0
9127,480,140.0,95.0
9128,480,119.0,106.0
9129,480,1075.0,105.0
9130,480,139.0,109.0
9131,480,105.0,110.0
9132,480,11712.0,110.0
9133,480,581.0,195.0
9134,480,66.0,128.0
9135,480,212.0,174.0
9136,480,279.0,130.0
9137,480,191.0,124.0
9138,479,2347.0,185.0
9139,479,414.0,203.0
9140,479,34.0,119.0
9141,479,10.0,114.0
9142,479,42.0,227.0
9143,479,126.0,175.0
9144,479,123.0,189.0
9145,479,347.0,180.0
9146,479,138.0,118.0
9147,479,141.0,118.0
9148,479,136.0,110.0
9149,479,955.0,98.0
9150,479,105.0,117.0
9151,479,641.0,310.0
9152,479,4039.0,310.0
9153,479,216.0,181.0
9154,479,4562.0,191.0
9155,479,190.0,178.0
9156,479,4743.0,191.0
9157,479,180.0,234.0
9158,479,398.0,224.0
9159,479,1370.0,224.0
9160,479,402.0,126.0
9161,479,170.0,117.0
9162,479,11.0,100.0
9163,479,1026.0,161.0
9164,479,142.0,206.0
9165,479,27.0,138.0
9166,479,9.0,115.0
9167,479,2291.0,120.0
9168,479,5.0,100.0
9169,479,20.0,100.0
9170,479,806.0,162.0
9171,479,2.0,100.0
9172,478,9.0,160.0
9173,478,225.0,208.0
9174,478,581.0,106.0
9175,478,92.0,191.0
9176,478,1953.0,143.0
9177,478,4643.0,191.0
9178,478,61.0,191.0
9179,478,5276.0,191.0
9180,478,4614.0,191.0
9181,478,63325.0,104.0
9182,478,326.0,120.0
9183,478,166.0,183.0
9184,477,7752.0,116.0
9185,477,6761.0,196.0
9186,477,120.0,111.0
9187,477,204.0,129.0
9188,477,2785.0,184.0
9189,477,651.0,138.0
9190,476,696.0,150.0
9191,476,6223.0,150.0
9192,476,150.0,173.0
9193,476,375.0,150.0
9194,476,79.0,131.0
9195,475,496.0,108.0
9196,475,46.0,193.0
9197,475,21.0,139.0
9198,475,207.0,101.0
9199,475,80.0,188.0
9200,475,387.0,163.0
9201,474,66.0,100.0
9202,474,32.0,118.0
9203,474,58.0,184.0
9204,474,809.0,184.0
9205,474,362.0,182.0
9206,473,333.0,138.0
9207,473,23.0,126.0
9208,472,4.0,183.0
9209,472,126.0,183.0
9210,472,3851.0,150.0
9211,472,4.0,183.0
9212,472,4.0,183.0
9213,472,3613.0,195.0
9214,472,5.0,183.0
9215,471,450.0,137.0
9216,471,160.0,83.0
9217,471,1.0,146.0
9218,470,493.0,183.0
9219,470,141.0,140.0
9220,470,820.0,118.0
9221,470,69.0,194.0
9222,469,1849.0,118.0
9223,469,86.0,130.0
9224,469,635.0,131.0
9225,469,1259.0,238.0
9226,469,826.0,118.0
9227,468,6896.0,292.0
9228,468,3498.0,183.0
9229,468,187430.0,621.0
9230,467,3841.0,131.0
9231,467,26.0,183.0
9232,467,6455.0,167.0
9233,467,351.0,187.0
9234,467,239134.0,102.0
9235,467,312.0,117.0
9236,467,59176.0,184.0
9237,466,225.0,196.0
9238,465,1220.0,122.0
9239,465,30997.0,566.0
9240,464,150496.0,118.0
9241,464,1834.0,183.0
9242,464,39.0,184.0
9243,463,239.0,137.0
9244,463,6821.0,311.0
9245,463,281.0,130.0
9246,463,1236.0,183.0
9247,462,5.0,181.0
9248,462,900.0,218.0
9249,462,9304.0,220.0
9250,462,138212.0,126.0
9251,461,21.0,200.0
9252,461,5205.0,197.0
9253,461,4.0,248.0
9254,461,469.0,137.0
9255,461,6.0,135.0
9256,460,75.0,168.0
9257,460,317.0,115.0
9258,460,1275.0,303.0
9259,460,245.0,190.0
9260,459,117.0,199.0
9261,459,514.0,120.0
9262,459,5528.0,335.0
9263,459,17262.0,163.0
9264,458,75.0,181.0
9265,458,3409.0,313.0
9266,458,941.0,162.0
9267,458,160.0,131.0
9268,457,10.0,204.0
9269,457,3538.0,1140.0
9270,457,218.0,121.0
9271,456,2316.0,122.0
9272,456,3907.0,224.0
9273,455,27.0,180.0
9274,455,4204.0,118.0
9275,454,37.0,199.0
9276,454,336.0,165.0
9277,454,21.0,207.0
9278,454,121.0,207.0
9279,454,61315.0,135.0
9280,454,2425.0,89.0
9281,454,548.0,145.0
9282,454,45.0,222.0
9283,453,121.0,123.0
9284,453,71483.0,237.0
9285,453,19123.0,144.0
9286,453,253.0,125.0
9287,453,336.0,114.0
9288,452,14520.0,299.0
9289,452,547.0,227.0
9290,451,26.0,117.0
9291,451,306.0,185.0
9292,451,1023.0,162.0
9293,451,151.0,169.0
9294,451,659.0,133.0
9295,451,1910.0,143.0
9296,450,434.0,226.0
9297,450,632.0,185.0
9298,450,6787.0,101.0
9299,450,58.0,166.0
9300,450,1476.0,106.0
9301,450,396.0,212.0
9302,450,534.0,226.0
9303,449,46.0,187.0
9304,449,57.0,190.0
9305,449,8.0,195.0
9306,449,123.0,141.0
9307,449,299.0,205.0
9308,449,50.0,102.0
9309,448,5825.0,116.0
9310,448,113.0,192.0
9311,448,425.0,125.0
9312,447,26751.0,162.0
9313,447,32027.0,177.0
9314,446,26.0,185.0
9315,446,120.0,176.0
9316,446,394.0,189.0
9317,445,421.0,135.0
9318,444,122.0,137.0
9319,444,1.0,119.0
9320,444,3437.0,125.0
9321,442,413.0,138.0
9322,442,22.0,130.0
9323,441,12.0,192.0
9324,441,30.0,122.0
9325,441,1763.0,125.0
9326,441,10119.0,148.0
9327,441,356.0,125.0
9328,441,2934.0,125.0
9329,441,2.0,211.0
9330,440,580.0,120.0
9331,440,11.0,139.0
9332,440,375.0,203.0
9333,440,69.0,99.0
9334,439,295.0,210.0
9335,439,3628.0,123.0
9336,439,87.0,122.0
9337,439,1392.0,200.0
9338,439,284.0,184.0
9339,439,582.0,121.0
9340,439,32246.0,177.0
9341,438,36.0,192.0
9342,438,97.0,130.0
9343,437,28.0,126.0
9344,437,32.0,190.0
9345,437,1838.0,98.0
9346,436,1795.0,192.0
9347,436,938.0,184.0
9348,436,235139.0,154.0
9349,436,565.0,216.0
9350,436,1066.0,128.0
9351,436,190.0,175.0
9352,435,8.0,195.0
9353,435,222.0,202.0
9354,435,550.0,131.0
9355,434,20.0,122.0
9356,434,257.0,121.0
9357,434,586.0,323.0
9358,434,10.0,119.0
9359,433,1409.0,168.0
9360,433,933.0,162.0
9361,433,652.0,170.0
9362,433,1184.0,145.0
9363,433,1045.0,142.0
9364,432,10787.0,245.0
9365,432,9.0,127.0
9366,432,2151.0,201.0
9367,432,1748.0,179.0
9368,432,32489.0,177.0
9369,432,124.0,163.0
9370,432,6086.0,163.0
9371,432,383.0,169.0
9372,432,1227.0,117.0
9373,432,38.0,320.0
9374,431,1723.0,193.0
9375,431,13279.0,102.0
9376,430,24.0,112.0
9377,430,917.0,172.0
9378,429,133.0,191.0
9379,429,1171.0,122.0
9380,429,93.0,210.0
9381,428,544.0,185.0
9382,428,1286.0,143.0
9383,428,906.0,119.0
9384,427,370.0,212.0
9385,427,141.0,208.0
9386,427,1979.0,242.0
9387,427,57.0,140.0
9388,426,85.0,158.0
9389,425,47.0,131.0
9390,425,216.0,117.0
9391,425,171.0,158.0
9392,424,5.0,195.0
9393,424,6.0,147.0
9394,424,206.0,128.0
9395,424,5.0,195.0
9396,424,50.0,208.0
9397,423,353.0,126.0
9398,422,13.0,200.0
9399,422,318.0,142.0
9400,422,1066.0,209.0
9401,422,211.0,165.0
9402,422,80.0,123.0
9403,422,618.0,126.0
9404,421,843.0,114.0
9405,421,63.0,201.0
9406,421,1879.0,114.0
9407,421,30.0,357.0
9408,421,295.0,123.0
9409,421,1741.0,114.0
9410,421,753.0,114.0
9411,420,703.0,184.0
9412,420,19846.0,193.0
9413,420,127.0,126.0
9414,419,65.0,140.0
9415,419,11300.0,181.0
9416,418,289.0,192.0
9417,418,382.0,116.0
9418,418,587.0,205.0
9419,418,4152.0,123.0
9420,418,190.0,357.0
9421,418,372.0,205.0
9422,418,31235.0,177.0
9423,417,837.0,115.0
9424,417,33.0,192.0
9425,417,428.0,246.0
9426,417,44157.0,122.0
9427,417,365.0,143.0
9428,416,12.0,177.0
9429,416,27.0,192.0
9430,416,162.0,98.0
9431,415,83552.0,200.0
9432,415,4313.0,130.0
9433,415,51.0,120.0
9434,414,159.0,124.0
9435,414,1757.0,170.0
9436,414,33157.0,177.0
9437,414,31960.0,177.0
9438,413,7843.0,107.0
9439,413,462.0,126.0
9440,412,5.0,111.0
9441,412,27.0,190.0
9442,412,260.0,222.0
9443,411,2200.0,123.0
9444,411,22.0,139.0
9445,411,773.0,94.0
9446,411,270.0,182.0
9447,411,3578.0,120.0
9448,411,229.0,123.0
9449,410,29763.0,472.0
9450,410,371.0,116.0
9451,409,3.0,128.0
9452,409,2.0,212.0
9453,408,47.0,123.0
9454,408,492.0,123.0
9455,408,49.0,139.0
9456,408,212286.0,137.0
9457,408,2423.0,122.0
9458,408,25.0,115.0
9459,407,402.0,123.0
9460,407,265.0,185.0
9461,407,59.0,158.0
9462,406,955.0,200.0
9463,406,5572.0,189.0
9464,406,67.0,189.0
9465,406,1033.0,138.0
9466,406,17.0,123.0
9467,405,12.0,204.0
9468,405,612.0,198.0
9469,404,999.0,189.0
9470,404,1061.0,245.0
9471,404,1415.0,198.0
9472,404,2189.0,275.0
9473,403,201.0,226.0
9474,403,94.0,155.0
9475,403,597.0,174.0
9476,403,1969.0,139.0
9477,403,590.0,122.0
9478,403,559.0,195.0
9479,403,10222.0,245.0
9480,403,301312.0,195.0
9481,402,87.0,156.0
9482,402,49.0,199.0
9483,402,931.0,195.0
9484,401,6799.0,167.0
9485,401,145.0,123.0
9486,401,77.0,123.0
9487,401,284.0,167.0
9488,400,229.0,109.0
9489,400,762.0,195.0
9490,400,499.0,195.0
9491,400,547.0,195.0
9492,400,192.0,120.0
9493,400,34.0,146.0
9494,400,14.0,134.0
9495,400,206.0,134.0
9496,399,65.0,115.0
9497,399,939.0,192.0
9498,399,54.0,192.0
9499,399,393.0,192.0
9500,399,452.0,192.0
9501,397,705.0,157.0
9502,397,173.0,161.0
9503,397,1693.0,116.0
9504,397,143.0,125.0
9505,397,15.0,195.0
9506,397,21.0,127.0
9507,397,2595.0,179.0
9508,396,145.0,117.0
9509,396,70.0,117.0
9510,396,72.0,137.0
9511,395,629.0,148.0
9512,395,149.0,137.0
9513,395,513.0,195.0
9514,395,23.0,137.0
9515,395,3623.0,148.0
9516,394,279.0,189.0
9517,394,31551.0,177.0
9518,393,74.0,245.0
9519,393,105.0,122.0
9520,393,18245.0,178.0
9521,393,23.0,130.0
9522,392,311.0,195.0
9523,392,290.0,195.0
9524,392,268.0,195.0
9525,392,303.0,195.0
9526,392,368.0,195.0
9527,392,683.0,195.0
9528,392,742.0,195.0
9529,392,41587.0,201.0
9530,392,1265.0,125.0
9531,392,407.0,149.0
9532,391,43.0,187.0
9533,391,352.0,195.0
9534,391,120.0,209.0
9535,391,430.0,195.0
9536,391,7493.0,153.0
9537,391,890.0,122.0
9538,391,130.0,183.0
9539,391,316.0,183.0
9540,391,1293.0,126.0
9541,391,3113.0,147.0
9542,391,81.0,189.0
9543,391,757.0,195.0
9544,391,450.0,195.0
9545,391,418.0,195.0
9546,391,275.0,195.0
9547,391,388.0,195.0
9548,391,704.0,195.0
9549,390,198.0,123.0
9550,390,30700.0,177.0
9551,390,388.0,120.0
9552,390,179.0,291.0
9553,390,372.0,166.0
9554,390,0.0,100.0
9555,390,4.0,236.0
9556,390,0.0,100.0
9557,390,214.0,123.0
9558,390,147.0,169.0
9559,390,25.0,123.0
9560,390,25.0,123.0
9561,390,323.0,123.0
9562,390,3279.0,147.0
9563,390,1780.0,145.0
9564,389,20.0,126.0
9565,389,1944.0,128.0
9566,389,12.0,102.0
9567,388,60955.0,129.0
9568,388,130.0,141.0
9569,387,985.0,226.0
9570,387,605.0,208.0
9571,386,430.0,98.0
9572,386,246.0,114.0
9573,386,108.0,181.0
9574,386,3563.0,206.0
9575,386,1039.0,206.0
9576,386,220.0,123.0
9577,386,176.0,179.0
9578,385,478.0,195.0
9579,385,503.0,195.0
9580,385,222.0,127.0
9581,385,1220.0,181.0
9582,385,1.0,124.0
9583,385,60.0,191.0
9584,385,2255.0,204.0
9585,384,25.0,135.0
9586,384,49.0,192.0
9587,384,210.0,192.0
9588,384,130.0,139.0
9589,384,198.0,192.0
9590,384,3115.0,149.0
9591,384,2595.0,126.0
9592,384,1696.0,324.0
9593,384,114.0,139.0
9594,384,1839.0,324.0
9595,384,206.0,192.0
9596,383,136.0,179.0
9597,383,183420.0,421.0
9598,383,1056.0,126.0
9599,383,119.0,203.0
9600,383,330.0,107.0
9601,383,210.0,179.0
9602,383,4930.0,113.0
9603,383,338.0,107.0
9604,383,14.0,100.0
9605,383,175.0,181.0
9606,383,342.0,110.0
9607,383,295.0,111.0
9608,383,5766.0,204.0
9609,383,772.0,181.0
9610,382,494.0,140.0
9611,382,297.0,108.0
9612,382,45.0,101.0
9613,382,342.0,109.0
9614,382,303.0,107.0
9615,382,11.0,119.0
9616,382,339.0,108.0
9617,382,329.0,112.0
9618,382,2.0,130.0
9619,382,1150.0,120.0
9620,382,134.0,181.0
9621,382,9362.0,173.0
9622,381,329.0,109.0
9623,381,341.0,112.0
9624,381,408.0,107.0
9625,381,360.0,111.0
9626,381,28.0,103.0
9627,381,319.0,110.0
9628,381,306.0,105.0
9629,381,315.0,110.0
9630,381,361.0,105.0
9631,381,13.0,100.0
9632,381,318.0,108.0
9633,381,10.0,131.0
9634,381,354.0,111.0
9635,381,404.0,145.0
9636,381,782.0,126.0
9637,381,11.0,131.0
9638,381,134.0,179.0
9639,381,109.0,132.0
9640,381,88.0,183.0
9641,381,32.0,123.0
9642,381,18.0,120.0
9643,381,23.0,109.0
9644,381,609.0,221.0
9645,381,151.0,181.0
9646,381,14.0,115.0
9647,381,10.0,130.0
9648,381,4829.0,117.0
9649,381,15.0,114.0
9650,381,248.0,120.0
9651,381,11.0,129.0
9652,381,507.0,123.0
9653,381,276.0,121.0
9654,381,63.0,134.0
9655,380,4509.0,200.0
9656,380,5.0,197.0
9657,380,745.0,144.0
9658,380,17930.0,204.0
9659,380,11506.0,204.0
9660,380,656.0,189.0
9661,380,57.0,188.0
9662,379,83.0,195.0
9663,379,210.0,160.0
9664,379,1312.0,109.0
9665,378,30.0,133.0
9666,378,3052.0,200.0
9667,378,412.0,191.0
9668,378,73.0,208.0
9669,378,228.0,221.0
9670,378,31.0,194.0
9671,377,1257.0,192.0
9672,377,1618.0,154.0
9673,377,1385.0,135.0
9674,377,147.0,131.0
9675,376,333.0,202.0
9676,376,409.0,203.0
9677,376,94.0,132.0
9678,376,896.0,157.0
9679,376,295.0,137.0
9680,376,1650.0,224.0
9681,376,248.0,137.0
9682,376,116.0,103.0
9683,376,151397.0,128.0
9684,375,1023.0,225.0
9685,375,9.0,117.0
9686,375,295.0,186.0
9687,375,1013.0,121.0
9688,375,110.0,121.0
9689,375,70.0,194.0
9690,375,1611.0,219.0
9691,375,2094.0,186.0
9692,374,742.0,218.0
9693,374,149.0,134.0
9694,374,77236.0,60.0
9695,374,104.0,144.0
9696,374,63.0,144.0
9697,374,404.0,94.0
9698,374,998.0,195.0
9699,374,131556.0,131.0
9700,373,2742.0,255.0
9701,373,172.0,121.0
9702,373,529.0,121.0
9703,373,81.0,121.0
9704,373,958.0,170.0
9705,373,49.0,178.0
9706,373,77.0,187.0
9707,372,208.0,196.0
9708,372,417.0,124.0
9709,372,235.0,196.0
9710,372,140.0,116.0
9711,372,355.0,118.0
9712,372,5.0,130.0
9713,372,463.0,336.0
9714,372,667.0,116.0
9715,371,22.0,139.0
9716,371,658.0,104.0
9717,370,813.0,152.0
9718,370,3960.0,101.0
9719,370,162.0,203.0
9720,370,89.0,240.0
9721,369,104.0,235.0
9722,369,161.0,181.0
9723,369,33.0,139.0
9724,369,4.0,146.0
9725,369,1464.0,154.0
9726,369,2351.0,139.0
9727,368,16.0,180.0
9728,368,260.0,203.0
9729,368,668.0,204.0
9730,368,2079.0,139.0
9731,368,32.0,180.0
9732,368,11.0,112.0
9733,368,50.0,180.0
9734,368,520.0,180.0
9735,367,663.0,166.0
9736,366,2013.0,223.0
9737,366,1557.0,205.0
9738,366,52631.0,178.0
9739,366,699.0,102.0
9740,366,1181.0,122.0
9741,366,3819.0,75.0
9742,366,2614.0,100.0
9743,366,61.0,167.0
9744,366,872.0,120.0
9745,366,314.0,139.0
9746,366,439.0,199.0
9747,365,261.0,195.0
9748,365,18.0,180.0
9749,365,14.0,180.0
9750,365,956.0,158.0
9751,365,202.0,182.0
9752,365,1.0,113.0
9753,365,2212.0,127.0
9754,364,56.0,121.0
9755,364,2720.0,119.0
9756,364,44.0,207.0
9757,364,50.0,210.0
9758,364,51.0,166.0
9759,364,47.0,209.0
9760,364,32740.0,177.0
9761,364,234.0,180.0
9762,363,28.0,166.0
9763,363,2.0,114.0
9764,363,101.0,225.0
9765,363,211.0,234.0
9766,363,102.0,181.0
9767,363,10.0,111.0
9768,363,14813.0,125.0
9769,363,378.0,178.0
9770,363,231.0,127.0
9771,363,355.0,202.0
9772,362,3.0,141.0
9773,362,402.0,181.0
9774,362,1719.0,191.0
9775,362,4.0,119.0
9776,362,24.0,197.0
9777,362,65.0,93.0
9778,362,10160.0,108.0
9779,362,6.0,209.0
9780,362,163.0,180.0
9781,362,88655.0,252.0
9782,362,293.0,282.0
9783,362,437.0,202.0
9784,362,35.0,119.0
9785,362,1060.0,688.0
9786,361,13.0,180.0
9787,361,12.0,180.0
9788,361,859.0,130.0
9789,361,125.0,185.0
9790,361,130.0,185.0
9791,361,0.0,234.0
9792,361,14.0,180.0
9793,361,7.0,180.0
9794,361,7.0,180.0
9795,361,7.0,180.0
9796,361,15.0,180.0
9797,361,7.0,180.0
9798,361,7.0,180.0
9799,361,7.0,180.0
9800,361,7.0,180.0
9801,361,7.0,180.0
9802,361,7.0,180.0
9803,361,7.0,180.0
9804,361,20.0,180.0
9805,361,7.0,180.0
9806,361,13.0,180.0
9807,361,7.0,180.0
9808,361,888.0,134.0
9809,361,46.0,211.0
9810,361,185.0,182.0
9811,361,12.0,180.0
9812,361,116.0,183.0
9813,361,1.0,110.0
9814,361,91.0,139.0
9815,361,7.0,180.0
9816,361,1.0,124.0
9817,361,74.0,99.0
9818,361,113.0,190.0
9819,361,1622.0,292.0
9820,361,0.0,120.0
9821,361,65.0,180.0
9822,361,258.0,145.0
9823,361,2.0,110.0
9824,361,14.0,180.0
9825,361,61.0,180.0
9826,361,571.0,70.0
9827,361,266.0,165.0
9828,361,3.0,207.0
9829,361,10843.0,178.0
9830,361,5.0,210.0
9831,361,2257.0,135.0
9832,361,16.0,180.0
9833,361,272.0,221.0
9834,361,6.0,180.0
9835,361,14.0,180.0
9836,361,12.0,180.0
9837,361,12.0,180.0
9838,361,191.0,180.0
9839,361,13.0,180.0
9840,361,13.0,180.0
9841,361,1.0,180.0
9842,360,0.0,115.0
9843,360,95.0,185.0
9844,360,862.0,171.0
9845,360,1.0,147.0
9846,360,1406.0,136.0
9847,360,256.0,221.0
9848,360,192.0,186.0
9849,360,347.0,166.0
9850,360,276.0,404.0
9851,360,33.0,121.0
9852,360,239.0,222.0
9853,360,243.0,219.0
9854,360,294.0,177.0
9855,360,279.0,216.0
9856,360,19.0,134.0
9857,360,110.0,190.0
9858,360,533.0,330.0
9859,360,598.0,137.0
9860,360,912.0,204.0
9861,360,25.0,114.0
9862,360,2.0,121.0
9863,360,108.0,104.0
9864,360,448.0,198.0
9865,360,191.0,176.0
9866,360,0.0,128.0
9867,360,0.0,128.0
9868,360,92.0,136.0
9869,360,417.0,329.0
9870,360,413.0,329.0
9871,360,64.0,329.0
9872,360,188.0,315.0
9873,360,99.0,189.0
9874,360,56.0,116.0
9875,360,2150.0,179.0
9876,360,836.0,184.0
9877,360,356.0,145.0
9878,360,1.0,145.0
9879,360,773.0,142.0
9880,360,11087.0,143.0
9881,360,175.0,226.0
9882,360,42.0,112.0
9883,360,5534.0,146.0
9884,360,3880.0,137.0
9885,360,245.0,146.0
9886,360,32713.0,111.0
9887,360,144.0,186.0
9888,360,589.0,137.0
9889,360,108.0,195.0
9890,360,1151.0,329.0
9891,360,240.0,136.0
9892,360,1.0,121.0
9893,360,101.0,197.0
9894,360,122.0,196.0
9895,360,183.0,189.0
9896,360,0.0,112.0
9897,360,203.0,185.0
9898,360,17.0,125.0
9899,360,25.0,127.0
9900,360,2.0,115.0
9901,360,152.0,179.0
9902,360,519.0,136.0
9903,360,473.0,136.0
9904,360,9.0,188.0
9905,360,159.0,228.0
9906,360,28.0,205.0
9907,360,23.0,196.0
9908,360,0.0,124.0
9909,360,17.0,211.0
9910,360,34.0,208.0
9911,360,7829.0,182.0
9912,360,160.0,136.0
9913,360,159.0,136.0
9914,360,159.0,136.0
9915,360,40.0,120.0
9916,360,163.0,182.0
9917,360,5.0,161.0
9918,360,1.0,119.0
9919,360,1.0,118.0
9920,360,3575.0,186.0
9921,360,29.0,129.0
9922,360,69.0,136.0
9923,360,122.0,216.0
9924,360,74.0,149.0
9925,360,1.0,175.0
9926,360,154.0,183.0
9927,360,505.0,289.0
9928,360,29705.0,205.0
9929,360,0.0,133.0
9930,360,66.0,192.0
9931,360,0.0,147.0
9932,360,101.0,147.0
9933,360,141.0,184.0
9934,360,3137.0,173.0
9935,360,113.0,181.0
9936,360,1441.0,133.0
9937,360,103.0,101.0
9938,360,91.0,101.0
9939,360,0.0,112.0
9940,360,230.0,189.0
9941,360,96.0,100.0
9942,360,203.0,158.0
9943,360,54.0,199.0
9944,360,0.0,196.0
9945,360,158.0,196.0
9946,360,72.0,100.0
9947,360,60.0,94.0
9948,360,97.0,91.0
9949,360,27626.0,94.0
9950,360,41.0,131.0
9951,360,91.0,180.0
9952,360,429.0,309.0
9953,360,105.0,104.0
9954,360,51.0,239.0
9955,360,70.0,190.0
9956,360,42.0,136.0
9957,360,129.0,124.0
9958,360,195.0,114.0
9959,360,139.0,185.0
9960,360,66.0,114.0
9961,360,3897.0,142.0
9962,360,208.0,195.0
9963,360,88.0,124.0
9964,360,363.0,192.0
9965,360,181.0,114.0
9966,360,115.0,94.0
9967,360,157.0,136.0
9968,360,359.0,136.0
9969,360,412.0,136.0
9970,360,378.0,136.0
9971,360,128.0,136.0
9972,360,164.0,136.0
9973,360,8.0,189.0
9974,360,1.0,101.0
9975,360,6.0,111.0
9976,360,222.0,261.0
9977,360,0.0,117.0
9978,360,84.0,178.0
9979,360,1.0,136.0
9980,360,410.0,136.0
9981,360,156.0,136.0
9982,360,90.0,136.0
9983,360,51.0,219.0
9984,360,2240.0,192.0
9985,360,516.0,197.0
9986,360,125.0,185.0
9987,360,0.0,124.0
9988,360,3.0,124.0
9989,360,4.0,103.0
9990,360,1.0,114.0
9991,360,93.0,185.0
9992,360,67.0,114.0
9993,360,1132.0,122.0
9994,360,62.0,92.0
9995,360,107.0,91.0
9996,360,81.0,94.0
9997,360,71.0,92.0
9998,360,0.0,117.0
9999,360,0.0,117.0
10000,360,0.0,119.0
10001,360,0.0,117.0
10002,360,118.0,116.0
10003,360,192.0,181.0
10004,360,522.0,197.0
10005,360,5.0,221.0
10006,360,431.0,221.0
10007,360,236.0,254.0
10008,360,97.0,185.0
10009,360,0.0,159.0
10010,360,167.0,143.0
10011,360,0.0,114.0
10012,360,48.0,138.0
10013,360,41.0,137.0
10014,360,3.0,98.0
10015,360,67.0,132.0
10016,360,245.0,138.0
10017,360,109.0,131.0
10018,360,134.0,137.0
10019,360,228.0,338.0
10020,360,113.0,183.0
10021,360,162.0,185.0
10022,360,196.0,189.0
10023,360,848.0,144.0
10024,360,5369.0,144.0
10025,360,2.0,158.0
10026,360,138.0,139.0
10027,360,0.0,146.0
10028,360,113.0,187.0
10029,360,2.0,178.0
10030,360,544.0,332.0
10031,360,1.0,116.0
10032,360,0.0,119.0
10033,360,828.0,192.0
10034,360,4752.0,119.0
10035,360,0.0,141.0
10036,360,0.0,119.0
10037,360,1.0,115.0
10038,360,2.0,113.0
10039,360,0.0,145.0
10040,360,1.0,155.0
10041,360,0.0,136.0
10042,360,191.0,71.0
10043,360,194.0,181.0
10044,360,728.0,167.0
10045,360,193.0,181.0
10046,360,377.0,136.0
10047,360,776.0,318.0
10048,360,159.0,177.0
10049,360,0.0,138.0
10050,360,0.0,140.0
10051,360,0.0,127.0
10052,360,0.0,101.0
10053,360,458.0,165.0
10054,360,4628.0,178.0
10055,360,1313.0,150.0
10056,360,1115.0,184.0
10057,360,67.0,329.0
10058,360,29774.0,118.0
10059,360,9.0,194.0
10060,360,21.0,132.0
10061,360,9429.0,179.0
10062,360,2063.0,179.0
10063,360,63.0,128.0
10064,359,1904.0,179.0
10065,359,44.0,329.0
10066,359,43.0,329.0
10067,359,68.0,204.0
10068,359,0.0,131.0
10069,359,146.0,186.0
10070,359,61.0,200.0
10071,359,1593.0,191.0
10072,359,178.0,119.0
10073,359,1609.0,191.0
10074,359,134.0,131.0
10075,359,212.0,202.0
10076,359,429.0,113.0
10077,359,254.0,194.0
10078,359,2.0,118.0
10079,359,0.0,144.0
10080,359,118.0,185.0
10081,359,177.0,182.0
10082,359,82.0,159.0
10083,359,181.0,337.0
10084,359,84.0,152.0
10085,359,40.0,329.0
10086,359,2.0,118.0
10087,359,1773.0,179.0
10088,359,130.0,185.0
10089,359,261.0,227.0
10090,359,47.0,329.0
10091,359,193.0,125.0
10092,359,40.0,183.0
10093,359,246.0,234.0
10094,359,148.0,185.0
10095,359,366.0,100.0
10096,359,65.0,182.0
10097,359,583.0,318.0
10098,359,305.0,221.0
10099,359,48.0,329.0
10100,359,52.0,329.0
10101,359,47.0,329.0
10102,359,45.0,329.0
10103,359,0.0,109.0
10104,359,363.0,200.0
10105,358,242.0,128.0
10106,358,35.0,357.0
10107,358,30.0,357.0
10108,358,0.0,135.0
10109,358,2182.0,118.0
10110,358,78843.0,111.0
10111,358,9282.0,213.0
10112,358,412.0,121.0
10113,357,1893.0,205.0
10114,357,1426.0,125.0
10115,357,139.0,124.0
10116,357,300224.0,136.0
10117,357,169.0,174.0
10118,357,0.0,120.0
10119,357,0.0,122.0
10120,357,141.0,185.0
10121,356,17.0,183.0
10122,356,241.0,167.0
10123,356,809.0,215.0
10124,356,2473.0,169.0
10125,356,113.0,162.0
10126,356,68.0,118.0
10127,356,165.0,326.0
10128,356,54.0,189.0
10129,355,40.0,182.0
10130,354,189.0,222.0
10131,354,2256.0,182.0
10132,354,129.0,131.0
10133,354,947.0,124.0
10134,354,4.0,124.0
10135,354,103.0,204.0
10136,354,34.0,124.0
10137,354,4278.0,129.0
10138,354,1065.0,129.0
10139,354,107.0,183.0
10140,353,487.0,112.0
10141,353,136483.0,154.0
10142,353,150.0,112.0
10143,352,198.0,116.0
10144,352,375.0,174.0
10145,352,146.0,193.0
10146,352,745.0,181.0
10147,351,40.0,189.0
10148,351,105.0,190.0
10149,351,68.0,131.0
10150,351,83.0,186.0
10151,351,3242.0,128.0
10152,350,361.0,213.0
10153,350,631.0,113.0
10154,350,1787.0,145.0
10155,350,173.0,119.0
10156,349,3502.0,199.0
10157,349,30.0,139.0
10158,349,141.0,161.0
10159,349,72.0,181.0
10160,348,42.0,88.0
10161,348,924.0,100.0
10162,348,161.0,197.0
10163,348,654.0,225.0
10164,348,96.0,124.0
10165,348,49.0,124.0
10166,348,185.0,193.0
10167,347,14974.0,153.0
10168,347,19.0,158.0
10169,347,104.0,189.0
10170,347,382.0,128.0
10171,347,72433.0,121.0
10172,346,272.0,168.0
10173,346,4173.0,118.0
10174,346,116.0,117.0
10175,346,3652.0,188.0
10176,346,115.0,193.0
10177,346,638.0,175.0
10178,346,10.0,139.0
10179,346,137.0,117.0
10180,345,234016.0,106.0
10181,345,391.0,107.0
10182,345,0.0,115.0
10183,345,1900.0,188.0
10184,344,160.0,156.0
10185,344,333.0,188.0
10186,344,22463.0,181.0
10187,344,7.0,114.0
10188,344,9701.0,207.0
10189,343,74.0,135.0
10190,343,168.0,179.0
10191,343,79.0,135.0
10192,343,15.0,135.0
10193,343,93.0,162.0
10194,343,19.0,135.0
10195,343,617.0,111.0
10196,342,21.0,208.0
10197,342,184.0,117.0
10198,342,579.0,123.0
10199,342,826.0,165.0
10200,342,1215.0,185.0
10201,342,1624.0,114.0
10202,341,1079.0,138.0
10203,341,106.0,124.0
10204,341,2584.0,136.0
10205,341,510.0,183.0
10206,340,1143.0,476.0
10207,340,3651.0,476.0
10208,340,590.0,219.0
10209,340,2037.0,102.0
10210,340,175.0,183.0
10211,340,6344.0,161.0
10212,340,198.0,185.0
10213,340,906.0,242.0
10214,339,232.0,235.0
10215,339,3864.0,476.0
10216,339,6151.0,476.0
10217,339,1799.0,197.0
10218,339,3348.0,108.0
10219,339,46.0,119.0
10220,339,2204.0,122.0
10221,339,1455.0,133.0
10222,339,614.0,150.0
10223,338,18.0,122.0
10224,338,1663.0,131.0
10225,338,106.0,178.0
10226,338,14.0,126.0
10227,338,1639.0,221.0
10228,337,12.0,185.0
10229,337,78617.0,154.0
10230,337,570.0,185.0
10231,336,37.0,158.0
10232,336,27.0,241.0
10233,336,25510.0,154.0
10234,336,2309.0,151.0
10235,336,41553.0,154.0
10236,336,333.0,134.0
10237,336,413.0,117.0
10238,336,14.0,197.0
10239,336,291.0,711.0
10240,336,3353.0,199.0
10241,335,2974.0,125.0
10242,335,44.0,126.0
10243,334,366.0,196.0
10244,334,43.0,154.0
10245,334,351.0,111.0
10246,334,830.0,253.0
10247,334,1296.0,195.0
10248,334,3710.0,121.0
10249,334,25.0,180.0
10250,334,22.0,139.0
10251,333,82.0,119.0
10252,333,256.0,107.0
10253,333,413.0,114.0
10254,333,543.0,192.0
10255,333,3460.0,135.0
10256,333,23286.0,117.0
10257,332,99.0,133.0
10258,332,34.0,199.0
10259,332,271.0,179.0
10260,332,223.0,122.0
10261,332,10.0,113.0
10262,331,516.0,114.0
10263,331,1614.0,192.0
10264,330,351.0,108.0
10265,330,7574.0,250.0
10266,330,296.0,195.0
10267,330,15.0,108.0
10268,330,1.0,108.0
10269,330,1.0,108.0
10270,330,17.0,108.0
10271,330,123.0,201.0
10272,330,315.0,108.0
10273,330,403.0,114.0
10274,330,36.0,189.0
10275,330,8.0,108.0
10276,329,641.0,306.0
10277,329,63.0,139.0
10278,329,5381.0,184.0
10279,329,24.0,186.0
10280,329,128.0,120.0
10281,329,82.0,275.0
10282,329,802.0,181.0
10283,328,244.0,120.0
10284,328,611.0,111.0
10285,328,89.0,134.0
10286,328,162.0,127.0
10287,328,829.0,191.0
10288,328,20.0,190.0
10289,328,340.0,323.0
10290,328,131.0,183.0
10291,328,1347.0,159.0
10292,327,23.0,141.0
10293,327,5238.0,241.0
10294,327,576.0,127.0
10295,326,550.0,197.0
10296,326,325.0,161.0
10297,326,237.0,198.0
10298,326,782.0,180.0
10299,326,1029.0,1032.0
10300,326,10.0,118.0
10301,326,110.0,135.0
10302,325,150.0,147.0
10303,324,19.0,112.0
10304,324,61394.0,92.0
10305,324,98859.0,174.0
10306,324,5524.0,169.0
10307,324,63.0,154.0
10308,324,1036.0,206.0
10309,324,4.0,126.0
10310,323,69022.0,125.0
10311,323,90.0,138.0
10312,323,3776.0,220.0
10313,323,48.0,208.0
10314,323,202.0,192.0
10315,323,678.0,218.0
10316,323,128.0,112.0
10317,323,52.0,186.0
10318,323,266893.0,195.0
10319,322,1502.0,94.0
10320,322,35.0,144.0
10321,322,12.0,169.0
10322,322,950.0,195.0
10323,321,334.0,200.0
10324,321,610.0,185.0
10325,321,1170.0,120.0
10326,321,50.0,115.0
10327,321,1330.0,201.0
10328,320,519.0,126.0
10329,320,40.0,190.0
10330,320,107.0,476.0
10331,320,27.0,127.0
10332,319,2633.0,214.0
10333,319,196.0,182.0
10334,319,3170.0,191.0
10335,319,204.0,177.0
10336,318,58.0,226.0
10337,318,324.0,145.0
10338,317,59781.0,179.0
10339,317,730.0,136.0
10340,317,1426.0,201.0
10341,317,181.0,139.0
10342,317,300339.0,82.0
10343,317,216.0,136.0
10344,317,10693.0,203.0
10345,317,90.0,179.0
10346,316,3233.0,136.0
10347,316,816.0,207.0
10348,316,162.0,113.0
10349,316,1673.0,115.0
10350,316,2775.0,123.0
10351,316,19.0,187.0
10352,316,84.0,183.0
10353,316,119.0,176.0
10354,315,78088.0,468.0
10355,315,958.0,195.0
10356,315,4014.0,118.0
10357,315,646.0,203.0
10358,315,80.0,438.0
10359,315,205.0,129.0
10360,315,15.0,191.0
10361,314,293.0,120.0
10362,314,8613.0,163.0
10363,314,330.0,145.0
10364,314,1195.0,133.0
10365,314,29524.0,143.0
10366,314,26.0,137.0
10367,313,586.0,176.0
10368,313,20.0,133.0
10369,313,224.0,128.0
10370,313,322.0,169.0
10371,313,8354.0,163.0
10372,313,1909.0,139.0
10373,313,10238.0,181.0
10374,313,284420.0,268.0
10375,313,7372.0,163.0
10376,313,56.0,132.0
10377,312,97.0,120.0
10378,312,10853.0,342.0
10379,312,92.0,193.0
10380,312,2493.0,161.0
10381,312,1297.0,116.0
10382,312,1357.0,116.0
10383,312,1186.0,116.0
10384,312,21267.0,177.0
10385,312,225.0,116.0
10386,312,14051.0,206.0
10387,312,12533.0,223.0
10388,311,286.0,131.0
10389,311,281.0,131.0
10390,311,246.0,139.0
10391,311,59.0,102.0
10392,311,58.0,102.0
10393,311,58.0,102.0
10394,311,12336.0,114.0
10395,311,523.0,135.0
10396,311,43.0,146.0
10397,311,2162.0,139.0
10398,311,59.0,102.0
10399,311,138.0,139.0
10400,311,63676.0,223.0
10401,311,925.0,139.0
10402,311,6.0,139.0
10403,311,1740.0,181.0
10404,311,1766.0,181.0
10405,311,1780.0,181.0
10406,311,1868.0,181.0
10407,311,1224.0,194.0
10408,311,31.0,139.0
10409,311,488.0,139.0
10410,311,11577.0,139.0
10411,311,1120.0,139.0
10412,311,256.0,142.0
10413,311,67.0,119.0
10414,311,861.0,180.0
10415,311,882.0,180.0
10416,310,252737.0,191.0
10417,310,135.0,125.0
10418,310,85.0,117.0
10419,310,3441.0,109.0
10420,310,2632.0,125.0
10421,310,3811.0,189.0
10422,310,289.0,137.0
10423,310,170.0,159.0
10424,310,1730.0,195.0
10425,310,982.0,183.0
10426,310,1377.0,154.0
10427,310,200.0,182.0
10428,310,3818.0,172.0
10429,310,241151.0,117.0
10430,309,4462.0,217.0
10431,309,12.0,217.0
10432,309,89.0,117.0
10433,309,176.0,102.0
10434,309,77.0,121.0
10435,309,11175.0,200.0
10436,309,119.0,128.0
10437,309,769.0,223.0
10438,309,739.0,183.0
10439,309,375.0,195.0
10440,309,924.0,130.0
10441,309,1384.0,178.0
10442,309,541.0,134.0
10443,309,67.0,123.0
10444,309,106.0,87.0
10445,309,4932.0,121.0
10446,309,1363.0,178.0
10447,309,211.0,138.0
10448,309,640.0,217.0
10449,309,105.0,217.0
10450,309,383.0,187.0
10451,309,218.0,144.0
10452,309,784.0,217.0
10453,309,1644.0,217.0
10454,309,929.0,184.0
10455,309,21.0,217.0
10456,309,4555.0,234.0
10457,308,265.0,215.0
10458,308,354.0,215.0
10459,308,256.0,337.0
10460,308,39.0,186.0
10461,308,330.0,176.0
10462,308,1277.0,208.0
10463,308,95.0,124.0
10464,308,1302.0,181.0
10465,308,1168.0,120.0
10466,308,188.0,221.0
10467,308,9541.0,162.0
10468,308,46.0,188.0
10469,308,143.0,124.0
10470,308,2030.0,188.0
10471,308,182.0,87.0
10472,307,1920.0,213.0
10473,307,12212.0,184.0
10474,307,242.0,119.0
10475,307,227.0,193.0
10476,307,108.0,193.0
10477,307,98.0,193.0
10478,307,243.0,193.0
10479,307,139.0,177.0
10480,307,499.0,213.0
10481,307,4227.0,213.0
10482,307,390.0,216.0
10483,307,320.0,182.0
10484,307,186.0,212.0
10485,307,3218.0,166.0
10486,307,3218.0,184.0
10487,307,2390.0,166.0
10488,307,2390.0,184.0
10489,307,131.0,151.0
10490,307,754.0,213.0
10491,307,3724.0,139.0
10492,307,8515.0,259.0
10493,307,655.0,177.0
10494,306,53.0,132.0
10495,306,197.0,116.0
10496,306,61347.0,118.0
10497,306,210.0,308.0
10498,306,1.0,132.0
10499,306,292490.0,137.0
10500,306,517.0,116.0
10501,306,6151.0,129.0
10502,306,228.0,116.0
10503,305,5303.0,131.0
10504,305,4134.0,234.0
10505,305,13.0,178.0
10506,305,134.0,143.0
10507,305,307.0,122.0
10508,305,12.0,189.0
10509,305,3372.0,147.0
10510,305,292384.0,137.0
10511,305,129346.0,621.0
10512,305,829.0,241.0
10513,305,11029.0,386.0
10514,305,69.0,115.0
10515,305,1002.0,107.0
10516,305,61393.0,116.0
10517,304,290.0,227.0
10518,304,681.0,152.0
10519,304,163.0,121.0
10520,304,53921.0,468.0
10521,304,99.0,126.0
10522,304,83.0,107.0
10523,304,4454.0,316.0
10524,304,377.0,304.0
10525,304,35349.0,132.0
10526,304,387.0,187.0
10527,304,59839.0,118.0
10528,303,2274.0,147.0
10529,303,1107.0,205.0
10530,303,65387.0,218.0
10531,303,55267.0,97.0
10532,303,159.0,128.0
10533,303,68.0,154.0
10534,303,334.0,131.0
10535,303,42370.0,183.0
10536,303,414.0,187.0
10537,303,109.0,306.0
10538,303,3792.0,124.0
10539,302,347.0,192.0
10540,302,137.0,113.0
10541,302,396.0,121.0
10542,302,39.0,158.0
10543,302,20.0,144.0
10544,302,277.0,168.0
10545,302,2.0,194.0
10546,301,67.0,129.0
10547,301,1861.0,145.0
10548,301,59732.0,125.0
10549,301,3274.0,121.0
10550,301,1627.0,387.0
10551,301,5336.0,82.0
10552,301,179.0,128.0
10553,301,30717.0,208.0
10554,301,76942.0,213.0
10555,300,152708.0,104.0
10556,300,1003.0,212.0
10557,300,49508.0,154.0
10558,300,186.0,176.0
10559,300,4199.0,140.0
10560,300,514.0,127.0
10561,300,1336.0,116.0
10562,300,64.0,121.0
10563,300,151.0,121.0
10564,300,439.0,107.0
10565,300,106.0,165.0
10566,300,25482.0,176.0
10567,300,68113.0,259.0
10568,300,12552.0,114.0
10569,300,193.0,107.0
10570,299,576.0,151.0
10571,299,1181.0,162.0
10572,299,646.0,116.0
10573,299,413.0,187.0
10574,299,346.0,187.0
10575,299,51.0,199.0
10576,299,156.0,124.0
10577,299,135.0,115.0
10578,299,15074.0,213.0
10579,299,83.0,189.0
10580,299,4972.0,134.0
10581,299,11296.0,165.0
10582,298,12205.0,178.0
10583,298,35498.0,134.0
10584,298,1459.0,125.0
10585,298,15567.0,327.0
10586,298,263.0,176.0
10587,298,308.0,176.0
10588,298,82803.0,121.0
10589,298,22832.0,187.0
10590,297,7145.0,103.0
10591,297,396.0,99.0
10592,297,1135.0,163.0
10593,297,99.0,97.0
10594,297,201.0,141.0
10595,297,141.0,141.0
10596,297,5850.0,133.0
10597,297,246.0,118.0
10598,297,46735.0,178.0
10599,296,68.0,128.0
10600,296,29.0,465.0
10601,296,11.0,167.0
10602,296,139.0,132.0
10603,296,1605.0,168.0
10604,296,2827.0,175.0
10605,296,99.0,180.0
10606,296,16.0,122.0
10607,296,107.0,210.0
10608,296,295.0,327.0
10609,296,164.0,228.0
10610,296,66.0,135.0
10611,295,20707.0,119.0
10612,295,2115.0,103.0
10613,295,2117.0,103.0
10614,295,432.0,185.0
10615,295,75329.0,176.0
10616,295,12689.0,201.0
10617,294,230.0,139.0
10618,294,1639.0,120.0
10619,294,15703.0,215.0
10620,294,108.0,219.0
10621,294,77.0,219.0
10622,294,168.0,272.0
10623,294,304.0,139.0
10624,294,29707.0,197.0
10625,294,196.0,131.0
10626,294,157.0,184.0
10627,294,32163.0,177.0
10628,294,1981.0,103.0
10629,294,32962.0,246.0
10630,294,26392.0,815.0
10631,294,2651.0,162.0
10632,294,2326.0,171.0
10633,294,39.0,185.0
10634,294,51.0,438.0
10635,293,2217.0,276.0
10636,293,1028.0,255.0
10637,293,21186.0,154.0
10638,293,3882.0,181.0
10639,293,1417.0,125.0
10640,293,2.0,189.0
10641,293,122102.0,192.0
10642,293,47.0,122.0
10643,292,119.0,120.0
10644,292,68.0,192.0
10645,292,3443.0,165.0
10646,292,12282.0,207.0
10647,292,3878.0,138.0
10648,292,3312.0,150.0
10649,292,28893.0,961.0
10650,292,3515.0,139.0
10651,292,29258.0,961.0
10652,292,12292.0,205.0
10653,292,1017.0,182.0
10654,292,44577.0,197.0
10655,292,623.0,230.0
10656,292,29040.0,961.0
10657,292,718.0,126.0
10658,292,15299.0,278.0
10659,292,5593.0,210.0
10660,292,28512.0,140.0
10661,292,1535.0,122.0
10662,292,192.0,119.0
10663,292,35998.0,354.0
10664,292,143.0,196.0
10665,292,16.0,120.0
10666,292,11709.0,123.0
10667,292,36358.0,124.0
10668,292,473.0,122.0
10669,292,826.0,230.0
10670,292,976.0,230.0
10671,292,756.0,230.0
10672,292,6521.0,125.0
10673,292,9440.0,230.0
10674,292,4764.0,230.0
10675,292,30749.0,124.0
10676,291,28994.0,961.0
10677,291,494.0,184.0
10678,291,1904.0,113.0
10679,291,2768.0,188.0
10680,291,2054.0,149.0
10681,291,12739.0,197.0
10682,291,21054.0,140.0
10683,291,17642.0,183.0
10684,291,138.0,81.0
10685,291,196.0,189.0
10686,291,168.0,203.0
10687,291,237.0,242.0
10688,291,2019.0,223.0
10689,291,36.0,197.0
10690,291,28364.0,961.0
10691,291,66443.0,170.0
10692,291,1878.0,103.0
10693,291,24131.0,215.0
10694,291,31223.0,177.0
10695,291,36.0,120.0
10696,291,22373.0,961.0
10697,291,24851.0,177.0
10698,291,23005.0,278.0
10699,291,2657.0,205.0
10700,291,15965.0,961.0
10701,290,168.0,131.0
10702,290,13130.0,476.0
10703,290,99.0,139.0
10704,290,9194.0,144.0
10705,290,2454.0,205.0
10706,290,4407.0,270.0
10707,290,21826.0,278.0
10708,290,29723.0,967.0
10709,290,174.0,181.0
10710,290,129.0,164.0
10711,290,339.0,254.0
10712,290,18180.0,148.0
10713,290,728.0,135.0
10714,290,5860.0,143.0
10715,290,10382.0,176.0
10716,290,126.0,198.0
10717,290,1.0,146.0
10718,290,19137.0,148.0
10719,290,16078.0,210.0
10720,290,159.0,226.0
10721,290,18387.0,642.0
10722,290,8198.0,182.0
10723,290,49.0,438.0
10724,290,1014.0,178.0
10725,290,230.0,116.0
10726,290,177.0,116.0
10727,290,7993.0,129.0
10728,290,142.0,157.0
10729,290,10392.0,181.0
10730,290,215.0,126.0
10731,290,4542.0,191.0
10732,290,23531.0,124.0
10733,290,136.0,185.0
10734,290,9582.0,181.0
10735,290,484.0,213.0
10736,290,2800.0,271.0
10737,290,11736.0,243.0
10738,290,177.0,180.0
10739,290,120021.0,135.0
10740,290,30105.0,137.0
10741,290,7843.0,125.0
10742,290,166.0,174.0
10743,290,11805.0,174.0
10744,290,16402.0,127.0
10745,290,5442.0,224.0
10746,289,2413.0,105.0
10747,289,232.0,101.0
10748,289,7746.0,120.0
10749,289,10.0,113.0
10750,289,407.0,102.0
10751,289,852.0,102.0
10752,289,8565.0,120.0
10753,289,8190.0,201.0
10754,289,138.0,107.0
10755,289,25780.0,225.0
10756,289,3085.0,109.0
10757,289,2774.0,195.0
10758,289,1600.0,187.0
10759,289,1678.0,187.0
10760,289,139.0,180.0
10761,289,43.0,123.0
10762,289,2529.0,146.0
10763,289,77.0,265.0
10764,289,249.0,195.0
10765,289,14153.0,102.0
10766,289,14234.0,102.0
10767,289,72.0,110.0
10768,289,1309.0,101.0
10769,289,426.0,198.0
10770,289,131.0,199.0
10771,289,31793.0,117.0
10772,289,4274.0,181.0
10773,289,382.0,97.0
10774,289,2975.0,150.0
10775,289,432.0,340.0
10776,289,718.0,198.0
10777,289,8.0,213.0
10778,289,5605.0,224.0
10779,289,580.0,104.0
10780,289,1169.0,100.0
10781,289,7502.0,201.0
10782,289,3682.0,180.0
10783,289,253.0,198.0
10784,289,7620.0,201.0
10785,289,7790.0,201.0
10786,289,453.0,207.0
10787,289,478.0,213.0
10788,289,4.0,134.0
10789,289,237.0,160.0
10790,289,1089.0,208.0
10791,289,153.0,190.0
10792,289,147.0,188.0
10793,289,111.0,189.0
10794,289,3278.0,178.0
10795,289,747.0,183.0
10796,289,70.0,198.0
10797,289,487.0,197.0
10798,289,119.0,179.0
10799,289,277.0,213.0
10800,289,11759.0,177.0
10801,289,666.0,127.0
10802,289,71204.0,196.0
10803,289,1649.0,129.0
10804,289,2882.0,182.0
10805,289,2397.0,203.0
10806,289,926.0,185.0
10807,289,438.0,126.0
10808,289,117.0,182.0
10809,289,389.0,223.0
10810,289,557.0,190.0
10811,289,6354.0,270.0
10812,289,1203.0,181.0
10813,289,8738.0,225.0
10814,289,488.0,177.0
10815,289,677.0,176.0
10816,289,4801.0,174.0
10817,289,6479.0,961.0
10818,289,1955.0,162.0
10819,289,0.0,103.0
10820,289,587.0,122.0
10821,289,0.0,93.0
10822,289,4095.0,140.0
10823,289,192.0,180.0
10824,289,43847.0,132.0
10825,289,19.0,113.0
10826,289,387.0,170.0
10827,289,4.0,176.0
10828,289,1054.0,211.0
10829,289,609.0,193.0
10830,289,1926.0,120.0
10831,289,1123.0,100.0
10832,289,1425.0,179.0
10833,289,214.0,184.0
10834,289,1419.0,122.0
10835,289,2521.0,182.0
10836,289,1648.0,280.0
10837,289,3966.0,117.0
10838,289,6313.0,117.0
10839,289,153.0,183.0
10840,289,517.0,166.0
10841,289,31.0,86.0
10842,289,220.0,190.0
10843,289,3878.0,188.0
10844,289,122.0,180.0
10845,289,2360.0,127.0
10846,289,287.0,216.0
10847,289,1581.0,190.0
10848,289,201.0,234.0
10849,289,2.0,115.0
10850,289,188.0,172.0
10851,289,703.0,214.0
10852,289,180.0,184.0
10853,289,348.0,225.0
10854,289,2.0,113.0
10855,289,14483.0,188.0
10856,289,6927.0,192.0
10857,289,83.0,127.0
10858,289,2519.0,127.0
10859,289,139.0,182.0
10860,289,149.0,185.0
10861,289,595.0,201.0
10862,289,4022.0,178.0
10863,289,239.0,140.0
10864,289,23182.0,176.0
10865,289,2274.0,175.0
10866,289,260.0,131.0
10867,289,2112.0,105.0
10868,289,2150.0,105.0
10869,289,2049.0,105.0
10870,289,203.0,268.0
10871,289,187503.0,113.0
10872,289,2090.0,105.0
10873,289,459.0,160.0
10874,289,239.0,180.0
10875,289,1894.0,105.0
10876,289,1060.0,111.0
10877,289,798.0,144.0
10878,289,114.0,97.0
10879,289,1084.0,219.0
10880,289,618.0,184.0
10881,289,562.0,184.0
10882,289,629.0,184.0
10883,289,575.0,184.0
10884,289,994.0,184.0
10885,289,82.0,160.0
10886,289,280.0,127.0
10887,289,31.0,244.0
10888,289,37.0,244.0
10889,289,10789.0,185.0
10890,289,10821.0,185.0
10891,289,1691.0,183.0
10892,289,21709.0,278.0
10893,289,2011.0,105.0
10894,289,164.0,185.0
10895,289,72072.0,148.0
10896,289,644.0,334.0
10897,289,305.0,153.0
10898,289,3644.0,153.0
10899,289,298.0,221.0
10900,289,337.0,104.0
10901,289,1128.0,200.0
10902,289,60112.0,110.0
10903,289,1.0,121.0
10904,289,1372.0,187.0
10905,289,2100.0,105.0
10906,289,2109.0,105.0
10907,289,1665.0,181.0
10908,289,505.0,115.0
10909,289,65.0,165.0
10910,289,669.0,175.0
10911,289,869.0,183.0
10912,289,241235.0,100.0
10913,289,2399.0,105.0
10914,289,1090.0,184.0
10915,289,791.0,115.0
10916,289,616.0,133.0
10917,289,1086.0,116.0
10918,289,82.0,184.0
10919,289,2445.0,105.0
10920,289,1299.0,126.0
10921,289,29.0,122.0
10922,289,1860.0,105.0
10923,289,77.0,409.0
10924,289,421.0,326.0
10925,289,1321.0,184.0
10926,289,1330.0,184.0
10927,289,975.0,184.0
10928,289,5161.0,131.0
10929,289,10629.0,136.0
10930,289,113.0,188.0
10931,289,461.0,131.0
10932,289,1027.0,166.0
10933,289,496.0,112.0
10934,289,1615.0,244.0
10935,289,0.0,131.0
10936,289,114.0,203.0
10937,289,18346.0,967.0
10938,289,37824.0,149.0
10939,289,13105.0,185.0
10940,289,830.0,201.0
10941,289,197.0,117.0
10942,289,316.0,181.0
10943,289,325.0,184.0
10944,289,266.0,182.0
10945,289,11287.0,154.0
10946,289,272.0,248.0
10947,289,351.0,120.0
10948,289,1073.0,191.0
10949,289,283.0,199.0
10950,289,163.0,109.0
10951,289,4100.0,557.0
10952,289,1652.0,642.0
10953,289,258.0,121.0
10954,289,241.0,188.0
10955,289,1677.0,201.0
10956,289,384.0,210.0
10957,289,3578.0,130.0
10958,289,368.0,181.0
10959,289,178.0,181.0
10960,289,13069.0,198.0
10961,289,1862.0,159.0
10962,289,166.0,158.0
10963,289,1410.0,126.0
10964,289,429.0,119.0
10965,289,80.0,112.0
10966,289,9976.0,127.0
10967,289,226.0,181.0
10968,289,6155.0,307.0
10969,289,0.0,138.0
10970,289,193.0,194.0
10971,289,1425.0,139.0
10972,289,7484.0,139.0
10973,289,2459.0,267.0
10974,289,169.0,189.0
10975,289,10.0,152.0
10976,289,0.0,124.0
10977,289,808.0,98.0
10978,289,5894.0,143.0
10979,289,220.0,213.0
10980,289,6436.0,113.0
10981,289,4971.0,96.0
10982,289,772.0,206.0
10983,289,52503.0,259.0
10984,289,121.0,181.0
10985,289,122.0,180.0
10986,289,1735.0,173.0
10987,289,175.0,337.0
10988,289,292036.0,181.0
10989,289,292403.0,181.0
10990,289,67.0,132.0
10991,289,135.0,122.0
10992,289,12512.0,124.0
10993,289,319.0,218.0
10994,289,20073.0,162.0
10995,289,3050.0,219.0
10996,289,140.0,179.0
10997,289,128.0,186.0
10998,289,147.0,337.0
10999,289,105.0,185.0
11000,289,154.0,149.0
11001,289,5838.0,181.0
11002,289,99.0,229.0
11003,288,1.0,115.0
11004,288,190.0,178.0
11005,288,5.0,127.0
11006,288,404.0,211.0
11007,288,2.0,118.0
11008,288,0.0,129.0
11009,288,28493.0,112.0
11010,288,177.0,187.0
11011,288,1236.0,124.0
11012,288,9585.0,118.0
11013,288,5756.0,307.0
11014,288,5644.0,307.0
11015,288,5712.0,307.0
11016,288,5630.0,307.0
11017,288,5782.0,307.0
11018,288,5384.0,307.0
11019,288,5720.0,307.0
11020,288,6129.0,307.0
11021,288,5510.0,307.0
11022,288,5.0,130.0
11023,288,0.0,96.0
11024,288,7576.0,199.0
11025,288,1187.0,183.0
11026,288,38.0,133.0
11027,288,708.0,190.0
11028,288,18806.0,227.0
11029,288,30.0,141.0
11030,288,5814.0,307.0
11031,288,459.0,337.0
11032,288,0.0,96.0
11033,288,1922.0,123.0
11034,288,135.0,188.0
11035,288,2.0,120.0
11036,288,260.0,307.0
11037,288,176.0,135.0
11038,288,2419.0,135.0
11039,288,2781.0,135.0
11040,288,1797.0,118.0
11041,288,0.0,129.0
11042,288,150.0,112.0
11043,288,247.0,130.0
11044,288,59.0,130.0
11045,288,566.0,126.0
11046,288,314.0,189.0
11047,288,894.0,189.0
11048,288,366.0,189.0
11049,288,6441.0,134.0
11050,288,5.0,118.0
11051,288,5695.0,307.0
11052,288,5902.0,307.0
11053,288,5646.0,307.0
11054,288,5846.0,307.0
11055,288,5765.0,307.0
11056,288,5706.0,307.0
11057,288,28.0,148.0
11058,288,60.0,140.0
11059,288,1155.0,87.0
11060,288,8.0,116.0
11061,288,4.0,120.0
11062,288,6.0,115.0
11063,288,1708.0,130.0
11064,288,864.0,130.0
11065,288,3.0,121.0
11066,288,2.0,116.0
11067,288,209.0,138.0
11068,288,144.0,185.0
11069,288,335.0,188.0
11070,288,6303.0,114.0
11071,288,436.0,189.0
11072,288,211.0,145.0
11073,288,10.0,103.0
11074,288,429.0,189.0
11075,288,4.0,141.0
11076,288,227.0,251.0
11077,288,3.0,118.0
11078,288,2.0,121.0
11079,288,1.0,122.0
11080,288,128.0,123.0
11081,288,691.0,123.0
11082,288,109.0,184.0
11083,288,8.0,113.0
11084,288,9.0,113.0
11085,288,4179.0,117.0
11086,288,6.0,113.0
11087,288,2411.0,316.0
11088,288,15.0,135.0
11089,288,94.0,211.0
11090,288,1.0,114.0
11091,288,6.0,114.0
11092,288,271.0,114.0
11093,288,162.0,128.0
11094,288,165.0,134.0
11095,288,47.0,109.0
11096,288,1077.0,123.0
11097,288,730.0,193.0
11098,288,533.0,168.0
11099,288,1196.0,123.0
11100,288,293.0,153.0
11101,288,4.0,138.0
11102,288,32.0,140.0
11103,288,10.0,137.0
11104,288,4.0,118.0
11105,288,1157.0,114.0
11106,288,2562.0,134.0
11107,288,1205.0,118.0
11108,288,523.0,185.0
11109,288,28.0,185.0
11110,288,1100.0,196.0
11111,288,149.0,132.0
11112,288,93.0,134.0
11113,288,5.0,116.0
11114,288,62.0,166.0
11115,288,27.0,123.0
11116,288,775.0,123.0
11117,288,178.0,187.0
11118,288,4.0,118.0
11119,288,3.0,117.0
11120,288,972.0,130.0
11121,288,4.0,119.0
11122,288,1058.0,185.0
11123,288,19869.0,149.0
11124,288,3.0,114.0
11125,288,420.0,128.0
11126,288,4.0,115.0
11127,288,5.0,114.0
11128,288,3.0,115.0
11129,288,3.0,117.0
11130,288,2.0,116.0
11131,288,2.0,115.0
11132,288,2.0,118.0
11133,288,71045.0,143.0
11134,288,1696.0,177.0
11135,288,412.0,190.0
11136,288,3.0,121.0
11137,288,472.0,113.0
11138,288,504.0,92.0
11139,288,331.0,95.0
11140,288,709.0,124.0
11141,288,1488.0,119.0
11142,288,115.0,143.0
11143,288,7470.0,98.0
11144,288,907.0,189.0
11145,288,59.0,113.0
11146,288,457.0,115.0
11147,288,482.0,112.0
11148,288,3.0,119.0
11149,288,3.0,122.0
11150,288,180.0,144.0
11151,288,0.0,96.0
11152,288,402.0,258.0
11153,288,1084.0,183.0
11154,288,26.0,132.0
11155,288,60.0,120.0
11156,288,1037.0,132.0
11157,288,361.0,120.0
11158,288,61.0,93.0
11159,288,586.0,181.0
11160,288,827.0,124.0
11161,288,2120.0,235.0
11162,288,1710.0,235.0
11163,288,258.0,203.0
11164,288,566.0,142.0
11165,288,1022.0,119.0
11166,288,17.0,118.0
11167,288,1007.0,113.0
11168,288,1104.0,137.0
11169,288,166.0,209.0
11170,288,346.0,134.0
11171,288,2241.0,117.0
11172,288,2.0,121.0
11173,288,8.0,128.0
11174,288,7.0,128.0
11175,288,11.0,132.0
11176,288,0.0,135.0
11177,288,6.0,116.0
11178,288,5.0,119.0
11179,288,5088.0,156.0
11180,288,1538.0,138.0
11181,288,5.0,116.0
11182,288,6.0,114.0
11183,288,3.0,115.0
11184,288,172.0,147.0
11185,288,268.0,210.0
11186,288,37.0,115.0
11187,288,331.0,108.0
11188,288,7.0,128.0
11189,288,7.0,131.0
11190,288,6.0,132.0
11191,288,9.0,127.0
11192,288,7.0,125.0
11193,288,7.0,124.0
11194,288,5.0,125.0
11195,288,5.0,130.0
11196,288,25.0,178.0
11197,288,271.0,178.0
11198,288,9.0,125.0
11199,288,1113.0,127.0
11200,288,0.0,112.0
11201,288,952.0,211.0
11202,288,727.0,301.0
11203,288,3349.0,187.0
11204,288,4.0,113.0
11205,288,0.0,123.0
11206,288,126.0,187.0
11207,288,0.0,113.0
11208,288,1721.0,301.0
11209,288,238.0,118.0
11210,288,2.0,118.0
11211,288,3.0,118.0
11212,288,300320.0,116.0
11213,288,93.0,115.0
11214,288,21251.0,170.0
11215,288,203.0,119.0
11216,288,161.0,180.0
11217,288,151.0,213.0
11218,288,668.0,213.0
11219,288,4694.0,136.0
11220,288,756.0,170.0
11221,288,56.0,203.0
11222,288,120.0,203.0
11223,288,235.0,134.0
11224,288,8.0,134.0
11225,288,8.0,134.0
11226,288,24.0,138.0
11227,288,23.0,138.0
11228,288,18.0,149.0
11229,288,4.0,147.0
11230,288,102.0,147.0
11231,288,9.0,140.0
11232,288,120.0,140.0
11233,288,5.0,162.0
11234,288,93.0,162.0
11235,288,2166.0,120.0
11236,288,113.0,104.0
11237,288,137.0,163.0
11238,288,196.0,163.0
11239,288,178.0,180.0
11240,288,717.0,186.0
11241,288,191.0,178.0
11242,288,39.0,171.0
11243,288,231.0,171.0
11244,288,47.0,187.0
11245,288,225.0,187.0
11246,288,133.0,214.0
11247,288,321.0,114.0
11248,288,10614.0,136.0
11249,288,0.0,96.0
11250,288,2054.0,157.0
11251,288,465.0,125.0
11252,288,6038.0,583.0
11253,288,368.0,193.0
11254,288,1650.0,135.0
11255,288,1484.0,135.0
11256,288,552.0,199.0
11257,288,1152.0,134.0
11258,288,7949.0,160.0
11259,288,1035.0,134.0
11260,288,2453.0,134.0
11261,288,1403.0,135.0
11262,288,785.0,330.0
11263,288,757.0,330.0
11264,288,115.0,131.0
11265,288,143.0,194.0
11266,288,492.0,98.0
11267,288,35.0,117.0
11268,288,508.0,283.0
11269,288,16.0,113.0
11270,288,215.0,168.0
11271,288,15122.0,148.0
11272,288,15119.0,148.0
11273,288,265.0,121.0
11274,288,7.0,121.0
11275,288,9.0,121.0
11276,288,3.0,191.0
11277,288,269.0,226.0
11278,288,296.0,97.0
11279,288,0.0,115.0
11280,288,0.0,115.0
11281,288,41.0,112.0
11282,288,140.0,166.0
11283,288,0.0,127.0
11284,288,697.0,246.0
11285,288,1514.0,192.0
11286,288,696.0,204.0
11287,288,6012.0,204.0
11288,288,5933.0,204.0
11289,288,125.0,98.0
11290,288,9080.0,104.0
11291,288,668.0,132.0
11292,288,1.0,121.0
11293,288,1.0,119.0
11294,288,35.0,168.0
11295,288,81.0,168.0
11296,288,1462.0,135.0
11297,288,0.0,110.0
11298,288,142.0,192.0
11299,288,273.0,234.0
11300,288,19.0,208.0
11301,288,5708.0,204.0
11302,288,49.0,123.0
11303,288,145.0,115.0
11304,288,1174.0,203.0
11305,288,760.0,261.0
11306,288,654.0,210.0
11307,288,1370.0,111.0
11308,288,1578.0,175.0
11309,288,249.0,174.0
11310,288,154.0,192.0
11311,288,623.0,210.0
11312,288,684.0,120.0
11313,288,160.0,191.0
11314,288,2751.0,177.0
11315,288,24559.0,139.0
11316,288,408.0,184.0
11317,288,0.0,129.0
11318,288,5684.0,204.0
11319,288,5908.0,204.0
11320,288,6028.0,204.0
11321,288,5811.0,204.0
11322,288,5924.0,204.0
11323,288,6015.0,204.0
11324,288,5787.0,204.0
11325,288,6041.0,204.0
11326,288,6104.0,204.0
11327,288,5865.0,204.0
11328,288,5806.0,204.0
11329,288,5834.0,204.0
11330,288,5826.0,204.0
11331,288,5877.0,204.0
11332,288,1935.0,186.0
11333,288,34.0,208.0
11334,288,2750.0,134.0
11335,288,1.0,120.0
11336,288,81.0,122.0
11337,288,124.0,95.0
11338,288,308.0,121.0
11339,288,2070.0,111.0
11340,288,10417.0,190.0
11341,288,216.0,190.0
11342,288,10420.0,177.0
11343,288,2335.0,182.0
11344,288,2400.0,180.0
11345,288,0.0,112.0
11346,288,213.0,194.0
11347,288,103244.0,118.0
11348,288,609.0,267.0
11349,288,2572.0,156.0
11350,288,3014.0,118.0
11351,288,0.0,110.0
11352,288,73.0,113.0
11353,288,44.0,133.0
11354,288,133.0,116.0
11355,288,578.0,209.0
11356,288,14703.0,112.0
11357,288,0.0,113.0
11358,288,154.0,188.0
11359,288,59293.0,134.0
11360,288,42766.0,134.0
11361,288,1808.0,127.0
11362,288,10.0,181.0
11363,288,772.0,181.0
11364,288,327.0,215.0
11365,288,12757.0,134.0
11366,288,233.0,209.0
11367,288,200.0,209.0
11368,288,706.0,141.0
11369,288,138.0,199.0
11370,288,2.0,128.0
11371,288,3356.0,110.0
11372,288,610.0,133.0
11373,288,0.0,124.0
11374,288,1171.0,194.0
11375,288,1043.0,117.0
11376,288,1226.0,119.0
11377,288,1153.0,195.0
11378,288,5.0,153.0
11379,288,9.0,112.0
11380,288,935.0,431.0
11381,288,444.0,187.0
11382,288,189.0,204.0
11383,288,497.0,93.0
11384,288,228.0,217.0
11385,288,298.0,191.0
11386,288,4642.0,206.0
11387,288,4126.0,206.0
11388,288,6.0,119.0
11389,288,10.0,121.0
11390,288,21031.0,106.0
11391,288,3808.0,206.0
11392,288,172.0,144.0
11393,288,3.0,120.0
11394,288,92.0,137.0
11395,288,251.0,200.0
11396,288,1854.0,147.0
11397,288,4360.0,192.0
11398,288,1034.0,189.0
11399,288,212.0,234.0
11400,288,33.0,121.0
11401,288,2714.0,192.0
11402,288,1.0,129.0
11403,288,1833.0,138.0
11404,288,918.0,138.0
11405,288,1495.0,138.0
11406,288,0.0,122.0
11407,288,1304.0,120.0
11408,288,280.0,185.0
11409,288,13.0,119.0
11410,288,1702.0,203.0
11411,288,2689.0,196.0
11412,288,1286.0,126.0
11413,288,3174.0,126.0
11414,288,403.0,135.0
11415,288,541.0,196.0
11416,288,159.0,197.0
11417,288,74.0,122.0
11418,288,1.0,120.0
11419,288,1.0,119.0
11420,288,127.0,137.0
11421,288,2.0,118.0
11422,288,568.0,117.0
11423,288,1947.0,356.0
11424,288,0.0,107.0
11425,288,1109.0,200.0
11426,288,14240.0,184.0
11427,288,3.0,117.0
11428,288,110.0,180.0
11429,288,1.0,123.0
11430,288,874.0,195.0
11431,288,217.0,182.0
11432,288,559.0,174.0
11433,288,93.0,197.0
11434,288,6723.0,206.0
11435,288,2890.0,109.0
11436,288,6.0,120.0
11437,288,472.0,183.0
11438,288,145.0,190.0
11439,288,1156.0,187.0
11440,288,995.0,139.0
11441,288,212.0,150.0
11442,288,3074.0,167.0
11443,288,4545.0,167.0
11444,288,3.0,110.0
11445,288,331.0,121.0
11446,288,389.0,121.0
11447,288,362.0,127.0
11448,288,3.0,153.0
11449,288,1900.0,106.0
11450,288,2857.0,116.0
11451,288,309.0,301.0
11452,288,2.0,123.0
11453,288,0.0,112.0
11454,288,0.0,112.0
11455,288,3154.0,126.0
11456,288,1530.0,187.0
11457,288,220.0,126.0
11458,288,224.0,109.0
11459,288,40.0,110.0
11460,288,0.0,113.0
11461,288,1.0,143.0
11462,288,4912.0,167.0
11463,288,3307.0,167.0
11464,288,3530.0,167.0
11465,288,4606.0,167.0
11466,288,3018.0,167.0
11467,288,0.0,100.0
11468,288,9560.0,117.0
11469,288,1.0,123.0
11470,288,1.0,122.0
11471,288,1.0,123.0
11472,288,1.0,126.0
11473,288,1.0,121.0
11474,288,1075.0,112.0
11475,288,10018.0,189.0
11476,288,13.0,194.0
11477,288,683.0,194.0
11478,288,6932.0,185.0
11479,288,13453.0,190.0
11480,288,295.0,224.0
11481,288,10037.0,141.0
11482,288,151.0,182.0
11483,288,160.0,186.0
11484,288,565.0,117.0
11485,288,372.0,120.0
11486,288,0.0,127.0
11487,288,391.0,192.0
11488,288,6351.0,184.0
11489,288,2982.0,167.0
11490,288,3020.0,167.0
11491,288,882.0,133.0
11492,288,225.0,215.0
11493,288,11931.0,131.0
11494,288,834.0,132.0
11495,288,141.0,148.0
11496,288,4.0,114.0
11497,288,191.0,188.0
11498,288,5.0,119.0
11499,288,21105.0,123.0
11500,288,11076.0,123.0
11501,288,970.0,123.0
11502,288,147.0,198.0
11503,288,2160.0,177.0
11504,288,365.0,149.0
11505,288,1630.0,160.0
11506,288,1466.0,160.0
11507,288,1049.0,160.0
11508,288,93.0,116.0
11509,288,304.0,159.0
11510,288,81.0,203.0
11511,288,1183.0,169.0
11512,288,5.0,134.0
11513,288,49.0,140.0
11514,288,4.0,130.0
11515,288,3901.0,465.0
11516,288,4.0,125.0
11517,288,5.0,119.0
11518,288,65.0,112.0
11519,288,203.0,176.0
11520,288,9.0,133.0
11521,288,1088.0,121.0
11522,288,348.0,114.0
11523,288,802.0,190.0
11524,288,523.0,124.0
11525,288,5027.0,128.0
11526,288,5.0,114.0
11527,288,17.0,103.0
11528,288,16.0,106.0
11529,288,398.0,119.0
11530,288,920.0,117.0
11531,288,337.0,114.0
11532,288,106.0,125.0
11533,288,563.0,148.0
11534,288,470.0,110.0
11535,288,20.0,109.0
11536,288,2.0,172.0
11537,288,1377.0,120.0
11538,288,1238.0,120.0
11539,288,85.0,192.0
11540,288,12.0,104.0
11541,288,16.0,91.0
11542,288,13.0,109.0
11543,288,14.0,113.0
11544,288,121.0,187.0
11545,288,91.0,203.0
11546,288,0.0,102.0
11547,288,126.0,186.0
11548,288,551.0,93.0
11549,288,2144.0,121.0
11550,288,291.0,117.0
11551,288,0.0,156.0
11552,288,2.0,117.0
11553,288,35.0,119.0
11554,288,325.0,119.0
11555,288,71.0,130.0
11556,288,4263.0,158.0
11557,288,12.0,110.0
11558,288,686.0,163.0
11559,288,980.0,189.0
11560,288,1403.0,193.0
11561,288,214.0,224.0
11562,288,8.0,119.0
11563,288,3.0,112.0
11564,288,131.0,268.0
11565,288,118.0,221.0
11566,288,204.0,228.0
11567,288,9.0,109.0
11568,288,876.0,178.0
11569,288,14684.0,140.0
11570,288,2336.0,117.0
11571,288,2142.0,117.0
11572,288,16244.0,138.0
11573,288,16223.0,138.0
11574,288,34.0,124.0
11575,288,889.0,180.0
11576,288,797.0,178.0
11577,288,138.0,183.0
11578,288,746.0,181.0
11579,288,135.0,187.0
11580,288,863.0,192.0
11581,288,11976.0,176.0
11582,288,137.0,186.0
11583,288,0.0,111.0
11584,288,407.0,213.0
11585,288,32404.0,203.0
11586,288,272.0,204.0
11587,288,737.0,188.0
11588,288,12.0,139.0
11589,288,24.0,113.0
11590,288,202.0,182.0
11591,288,25.0,136.0
11592,288,254.0,141.0
11593,288,75.0,212.0
11594,288,253.0,180.0
11595,288,124.0,185.0
11596,288,11941.0,200.0
11597,288,260.0,120.0
11598,288,101.0,114.0
11599,288,10204.0,196.0
11600,288,241.0,117.0
11601,288,84098.0,170.0
11602,288,0.0,128.0
11603,288,97.0,206.0
11604,288,196.0,119.0
11605,288,1395.0,235.0
11606,288,372.0,126.0
11607,288,124.0,184.0
11608,288,13.0,111.0
11609,288,139.0,297.0
11610,288,488.0,166.0
11611,288,709.0,186.0
11612,288,2577.0,141.0
11613,288,53.0,185.0
11614,288,905.0,105.0
11615,288,37.0,110.0
11616,288,365.0,110.0
11617,288,2034.0,311.0
11618,288,1959.0,311.0
11619,288,371.0,123.0
11620,288,129.0,158.0
11621,288,38.0,167.0
11622,288,2587.0,199.0
11623,288,5049.0,117.0
11624,288,144.0,190.0
11625,288,3926.0,983.0
11626,288,6392.0,305.0
11627,288,5711.0,122.0
11628,288,1792.0,181.0
11629,288,145.0,171.0
11630,288,0.0,113.0
11631,288,97.0,129.0
11632,288,78.0,119.0
11633,288,196.0,128.0
11634,288,140.0,137.0
11635,288,25.0,129.0
11636,288,1453.0,118.0
11637,288,2.0,118.0
11638,288,1497.0,207.0
11639,288,127.0,124.0
11640,288,126.0,258.0
11641,288,356.0,175.0
11642,288,326.0,195.0
11643,288,2302.0,121.0
11644,288,216.0,120.0
11645,288,140.0,183.0
11646,288,244.0,327.0
11647,288,46.0,204.0
11648,288,1801.0,138.0
11649,288,1405.0,138.0
11650,288,25.0,155.0
11651,288,0.0,134.0
11652,288,1261.0,147.0
11653,288,86.0,206.0
11654,288,887.0,189.0
11655,288,2.0,118.0
11656,288,1179.0,131.0
11657,288,352.0,128.0
11658,288,5357.0,138.0
11659,288,1642.0,161.0
11660,288,514.0,167.0
11661,288,843.0,134.0
11662,288,161.0,235.0
11663,288,16579.0,445.0
11664,288,0.0,139.0
11665,288,788.0,130.0
11666,288,111.0,213.0
11667,288,126.0,213.0
11668,288,4490.0,128.0
11669,288,170.0,227.0
11670,288,84.0,112.0
11671,288,105.0,224.0
11672,288,148.0,271.0
11673,288,127.0,270.0
11674,288,370.0,101.0
11675,288,1507.0,466.0
11676,288,115.0,183.0
11677,288,60.0,127.0
11678,288,205.0,127.0
11679,288,24226.0,183.0
11680,288,1.0,111.0
11681,288,4.0,146.0
11682,288,697.0,144.0
11683,288,161.0,191.0
11684,288,76.0,191.0
11685,288,371.0,191.0
11686,288,291.0,191.0
11687,288,159.0,213.0
11688,288,416.0,213.0
11689,288,629.0,343.0
11690,288,42.0,343.0
11691,288,28.0,343.0
11692,288,1353.0,172.0
11693,288,119.0,124.0
11694,288,23700.0,162.0
11695,288,10.0,184.0
11696,288,239.0,126.0
11697,288,11.0,158.0
11698,288,4224.0,122.0
11699,288,3955.0,133.0
11700,288,3.0,128.0
11701,288,187.0,197.0
11702,288,694.0,214.0
11703,288,7019.0,180.0
11704,288,116.0,114.0
11705,288,410.0,172.0
11706,288,150.0,174.0
11707,288,0.0,129.0
11708,288,377.0,101.0
11709,288,38.0,200.0
11710,288,3263.0,184.0
11711,288,357.0,133.0
11712,288,333.0,211.0
11713,288,486.0,860.0
11714,288,191.0,176.0
11715,288,128.0,177.0
11716,288,0.0,114.0
11717,288,31849.0,210.0
11718,288,162.0,185.0
11719,288,317.0,116.0
11720,288,1.0,168.0
11721,288,1.0,119.0
11722,288,36.0,187.0
11723,288,2703.0,129.0
11724,288,9201.0,128.0
11725,288,281.0,184.0
11726,288,141.0,184.0
11727,288,53.0,184.0
11728,288,1.0,112.0
11729,288,3006.0,194.0
11730,288,115.0,185.0
11731,288,4210.0,125.0
11732,288,311.0,222.0
11733,288,239.0,204.0
11734,288,256.0,184.0
11735,288,4153.0,174.0
11736,288,7036.0,174.0
11737,288,0.0,129.0
11738,288,2.0,138.0
11739,288,2.0,121.0
11740,288,95.0,268.0
11741,288,130.0,247.0
11742,288,157.0,233.0
11743,288,131.0,255.0
11744,288,6107.0,187.0
11745,288,11193.0,174.0
11746,288,3523.0,174.0
11747,288,145.0,172.0
11748,288,1521.0,128.0
11749,288,935.0,233.0
11750,288,146.0,182.0
11751,288,54.0,114.0
11752,288,559.0,187.0
11753,288,643.0,186.0
11754,288,0.0,130.0
11755,288,1287.0,180.0
11756,288,167.0,186.0
11757,288,125.0,145.0
11758,288,1194.0,239.0
11759,288,3316.0,239.0
11760,288,0.0,217.0
11761,288,1589.0,163.0
11762,288,1103.0,163.0
11763,288,8.0,335.0
11764,288,22416.0,134.0
11765,288,1760.0,163.0
11766,288,138.0,258.0
11767,288,100.0,231.0
11768,288,39.0,133.0
11769,288,139.0,176.0
11770,288,339.0,207.0
11771,288,0.0,133.0
11772,288,105.0,179.0
11773,288,1691.0,179.0
11774,288,568.0,176.0
11775,288,973.0,125.0
11776,288,496.0,183.0
11777,288,0.0,114.0
11778,288,133.0,130.0
11779,288,393.0,101.0
11780,288,5217.0,121.0
11781,288,74.0,116.0
11782,288,0.0,134.0
11783,288,566.0,182.0
11784,288,866.0,107.0
11785,288,77.0,247.0
11786,288,121.0,260.0
11787,288,193.0,182.0
11788,288,1250.0,176.0
11789,288,1632.0,163.0
11790,288,353.0,208.0
11791,288,3351.0,101.0
11792,288,1253.0,107.0
11793,288,65.0,132.0
11794,288,240.0,132.0
11795,288,214.0,136.0
11796,288,92.0,189.0
11797,288,199.0,163.0
11798,288,210.0,163.0
11799,288,1695.0,163.0
11800,288,1141.0,163.0
11801,288,4816.0,195.0
11802,288,149.0,191.0
11803,288,192.0,190.0
11804,288,968.0,112.0
11805,288,679.0,112.0
11806,288,9150.0,146.0
11807,288,166.0,106.0
11808,288,52.0,98.0
11809,288,55.0,98.0
11810,288,0.0,114.0
11811,288,1939.0,181.0
11812,288,127.0,228.0
11813,288,11.0,126.0
11814,288,9815.0,315.0
11815,288,173.0,174.0
11816,288,160.0,178.0
11817,288,205.0,199.0
11818,288,10.0,112.0
11819,288,20.0,112.0
11820,288,1828.0,160.0
11821,288,1802.0,160.0
11822,288,1221.0,160.0
11823,288,0.0,130.0
11824,288,133.0,180.0
11825,288,954.0,182.0
11826,288,232.0,194.0
11827,288,15.0,117.0
11828,288,879.0,114.0
11829,288,149.0,179.0
11830,288,414.0,129.0
11831,288,0.0,111.0
11832,288,1274.0,342.0
11833,288,0.0,133.0
11834,288,0.0,126.0
11835,288,1125.0,137.0
11836,288,804.0,183.0
11837,288,793.0,182.0
11838,288,437.0,236.0
11839,288,3832.0,346.0
11840,288,39.0,131.0
11841,288,172.0,177.0
11842,288,0.0,179.0
11843,288,1436.0,86.0
11844,288,1312.0,86.0
11845,288,12.0,134.0
11846,288,2969.0,167.0
11847,288,584.0,117.0
11848,288,592.0,117.0
11849,288,3853.0,183.0
11850,288,673.0,132.0
11851,288,91.0,238.0
11852,288,687.0,153.0
11853,288,32.0,116.0
11854,288,29.0,123.0
11855,288,520.0,115.0
11856,288,3238.0,114.0
11857,288,541.0,114.0
11858,288,2536.0,181.0
11859,288,2440.0,181.0
11860,288,262.0,119.0
11861,288,209.0,204.0
11862,288,32430.0,208.0
11863,288,0.0,96.0
11864,288,1244.0,105.0
11865,288,220.0,105.0
11866,288,635.0,104.0
11867,288,295.0,104.0
11868,288,905.0,174.0
11869,288,861.0,104.0
11870,288,1102.0,108.0
11871,288,195.0,108.0
11872,288,1380.0,102.0
11873,288,171.0,102.0
11874,288,2324.0,181.0
11875,288,2396.0,181.0
11876,288,3545.0,181.0
11877,288,11116.0,197.0
11878,288,185.0,174.0
11879,288,177.0,121.0
11880,288,4563.0,146.0
11881,288,4762.0,146.0
11882,288,1.0,137.0
11883,288,800.0,183.0
11884,288,2020.0,119.0
11885,288,1880.0,179.0
11886,288,1919.0,179.0
11887,288,3131.0,186.0
11888,288,13.0,119.0
11889,288,488.0,113.0
11890,288,137.0,190.0
11891,288,1448.0,154.0
11892,288,1903.0,126.0
11893,288,2918.0,181.0
11894,288,3426.0,181.0
11895,288,3251.0,130.0
11896,288,1.0,109.0
11897,288,291.0,117.0
11898,288,428.0,129.0
11899,288,613.0,201.0
11900,288,801.0,201.0
11901,288,192.0,130.0
11902,288,9559.0,233.0
11903,288,8.0,132.0
11904,288,67.0,122.0
11905,288,91.0,216.0
11906,288,0.0,103.0
11907,288,54924.0,152.0
11908,288,6.0,116.0
11909,288,4.0,141.0
11910,288,4340.0,178.0
11911,288,101.0,193.0
11912,288,1.0,126.0
11913,288,1.0,124.0
11914,288,2.0,124.0
11915,288,1.0,126.0
11916,288,2.0,126.0
11917,288,1.0,126.0
11918,288,137.0,161.0
11919,288,3299.0,81.0
11920,288,1.0,115.0
11921,288,114.0,135.0
11922,288,606.0,140.0
11923,288,49.0,135.0
11924,288,1406.0,233.0
11925,288,10.0,111.0
11926,288,140.0,188.0
11927,288,168.0,181.0
11928,288,3.0,133.0
11929,288,182.0,123.0
11930,288,1038.0,117.0
11931,288,611.0,140.0
11932,288,629.0,140.0
11933,288,914.0,149.0
11934,288,16.0,149.0
11935,288,384.0,139.0
11936,288,150.0,189.0
11937,288,397.0,132.0
11938,288,333.0,123.0
11939,288,648.0,123.0
11940,288,2.0,127.0
11941,288,319.0,141.0
11942,288,492.0,137.0
11943,288,317.0,133.0
11944,288,173.0,135.0
11945,288,13.0,115.0
11946,288,50.0,101.0
11947,288,214.0,128.0
11948,288,61.0,160.0
11949,288,0.0,129.0
11950,288,431.0,195.0
11951,288,5.0,119.0
11952,288,646.0,99.0
11953,288,231.0,99.0
11954,288,246.0,159.0
11955,288,1654.0,180.0
11956,288,150.0,187.0
11957,288,323.0,132.0
11958,288,366.0,117.0
11959,288,484.0,94.0
11960,288,188.0,198.0
11961,288,199.0,134.0
11962,288,84.0,145.0
11963,288,67.0,159.0
11964,288,133.0,159.0
11965,288,3.0,124.0
11966,288,1.0,123.0
11967,288,3.0,126.0
11968,288,3.0,128.0
11969,288,3005.0,146.0
11970,288,3380.0,146.0
11971,288,134.0,225.0
11972,288,2999.0,112.0
11973,288,11.0,119.0
11974,288,0.0,128.0
11975,288,70.0,177.0
11976,288,228.0,186.0
11977,288,1203.0,186.0
11978,288,1002.0,186.0
11979,288,104.0,201.0
11980,288,190.0,185.0
11981,288,4.0,124.0
11982,288,357.0,140.0
11983,288,3702.0,202.0
11984,288,1261.0,202.0
11985,288,745.0,101.0
11986,288,83.0,183.0
11987,288,99.0,183.0
11988,288,296.0,103.0
11989,288,267.0,186.0
11990,288,459.0,186.0
11991,288,77.0,123.0
11992,288,618.0,193.0
11993,288,56.0,158.0
11994,288,21.0,153.0
11995,288,20854.0,141.0
11996,288,665.0,129.0
11997,288,628.0,134.0
11998,288,82.0,158.0
11999,288,29.0,155.0
12000,288,14.0,155.0
12001,288,136.0,112.0
12002,288,2887.0,74.0
12003,288,837.0,166.0
12004,288,531.0,166.0
12005,288,36.0,114.0
12006,288,656.0,103.0
12007,288,663.0,103.0
12008,288,1263.0,129.0
12009,288,16.0,213.0
12010,288,115.0,188.0
12011,288,1.0,112.0
12012,288,29.0,158.0
12013,288,23.0,160.0
12014,288,10.0,132.0
12015,288,0.0,132.0
12016,288,0.0,117.0
12017,288,5044.0,144.0
12018,288,361.0,122.0
12019,288,4753.0,223.0
12020,288,3316.0,135.0
12021,288,1429.0,100.0
12022,288,127.0,119.0
12023,288,229.0,119.0
12024,288,21.0,119.0
12025,288,242.0,142.0
12026,288,118.0,166.0
12027,288,0.0,118.0
12028,288,1.0,112.0
12029,288,642.0,125.0
12030,288,0.0,123.0
12031,288,0.0,119.0
12032,288,613.0,140.0
12033,288,601.0,140.0
12034,288,922.0,382.0
12035,288,148.0,192.0
12036,288,2397.0,165.0
12037,288,697.0,187.0
12038,288,950.0,174.0
12039,288,6.0,134.0
12040,288,522.0,209.0
12041,288,298.0,129.0
12042,288,7.0,138.0
12043,288,37.0,189.0
12044,288,1.0,134.0
12045,288,11.0,133.0
12046,288,1.0,142.0
12047,288,19152.0,119.0
12048,288,859.0,119.0
12049,288,46.0,119.0
12050,288,775.0,129.0
12051,288,2807.0,120.0
12052,288,970.0,168.0
12053,288,394.0,132.0
12054,288,6.0,129.0
12055,288,11.0,139.0
12056,288,3.0,134.0
12057,288,5.0,132.0
12058,288,1066.0,193.0
12059,288,1071.0,193.0
12060,288,208.0,187.0
12061,288,2915.0,116.0
12062,288,1993.0,140.0
12063,288,541.0,103.0
12064,288,0.0,127.0
12065,288,1228.0,130.0
12066,288,5059.0,122.0
12067,288,9638.0,133.0
12068,288,1752.0,133.0
12069,288,3.0,142.0
12070,288,6.0,135.0
12071,288,2.0,141.0
12072,288,1434.0,107.0
12073,288,5.0,139.0
12074,288,2.0,135.0
12075,288,7.0,133.0
12076,288,0.0,200.0
12077,288,1930.0,161.0
12078,288,1429.0,132.0
12079,288,387.0,122.0
12080,288,240.0,117.0
12081,288,3325.0,109.0
12082,288,2.0,143.0
12083,288,829.0,128.0
12084,288,1508.0,130.0
12085,288,561.0,170.0
12086,288,76.0,184.0
12087,288,1329.0,129.0
12088,288,68.0,177.0
12089,288,978.0,97.0
12090,288,189.0,198.0
12091,288,140.0,113.0
12092,288,52.0,121.0
12093,288,3237.0,220.0
12094,288,587.0,193.0
12095,288,2024.0,125.0
12096,288,2783.0,206.0
12097,288,1054.0,116.0
12098,288,1237.0,116.0
12099,288,1385.0,118.0
12100,288,1353.0,118.0
12101,288,62.0,137.0
12102,288,266.0,98.0
12103,288,17113.0,185.0
12104,288,339.0,103.0
12105,288,4.0,134.0
12106,288,3.0,136.0
12107,288,3.0,135.0
12108,288,28.0,140.0
12109,288,315492.0,427.0
12110,288,267.0,181.0
12111,288,176.0,235.0
12112,288,3.0,125.0
12113,288,143.0,121.0
12114,288,26031.0,148.0
12115,288,771.0,171.0
12116,288,4612.0,220.0
12117,288,95.0,199.0
12118,288,2073.0,146.0
12119,288,955.0,144.0
12120,288,19.0,127.0
12121,288,1487.0,161.0
12122,288,24.0,194.0
12123,288,4.0,136.0
12124,288,6.0,139.0
12125,288,1.0,142.0
12126,288,481.0,127.0
12127,288,111.0,127.0
12128,288,5171.0,129.0
12129,288,950.0,146.0
12130,288,966.0,146.0
12131,288,181.0,185.0
12132,288,135.0,211.0
12133,288,0.0,109.0
12134,288,211.0,160.0
12135,288,4610.0,249.0
12136,288,382.0,181.0
12137,288,3849.0,211.0
12138,288,3.0,128.0
12139,288,31.0,191.0
12140,288,15.0,185.0
12141,288,21.0,194.0
12142,288,1222.0,109.0
12143,288,398.0,133.0
12144,288,643.0,128.0
12145,288,665.0,128.0
12146,288,171.0,110.0
12147,288,262.0,166.0
12148,288,796.0,182.0
12149,288,33704.0,179.0
12150,288,507.0,110.0
12151,288,5.0,107.0
12152,288,0.0,96.0
12153,288,234.0,159.0
12154,288,20.0,200.0
12155,288,8.0,193.0
12156,288,0.0,122.0
12157,288,1399.0,139.0
12158,288,14.0,106.0
12159,288,262.0,109.0
12160,288,508.0,194.0
12161,288,1123.0,117.0
12162,288,11.0,178.0
12163,288,647.0,178.0
12164,288,12.0,178.0
12165,288,9.0,100.0
12166,288,610.0,187.0
12167,288,18.0,121.0
12168,288,11376.0,111.0
12169,288,78.0,139.0
12170,288,174.0,148.0
12171,288,480.0,158.0
12172,288,36.0,128.0
12173,288,429.0,182.0
12174,288,143.0,175.0
12175,288,181.0,152.0
12176,288,373.0,129.0
12177,288,324.0,129.0
12178,288,308.0,129.0
12179,288,346.0,189.0
12180,288,698.0,189.0
12181,288,2352.0,191.0
12182,288,2278.0,191.0
12183,288,22.0,190.0
12184,288,23.0,189.0
12185,288,43.0,184.0
12186,288,3.0,123.0
12187,288,150836.0,200.0
12188,288,11187.0,158.0
12189,288,4828.0,92.0
12190,288,5534.0,86.0
12191,288,418.0,87.0
12192,288,410.0,107.0
12193,288,754.0,113.0
12194,288,453.0,114.0
12195,288,0.0,153.0
12196,288,191.0,133.0
12197,288,272.0,142.0
12198,288,152.0,118.0
12199,288,48.0,193.0
12200,288,1832.0,103.0
12201,288,2266.0,194.0
12202,288,201.0,113.0
12203,288,187.0,95.0
12204,288,27.0,120.0
12205,288,786.0,181.0
12206,288,244.0,111.0
12207,288,428.0,170.0
12208,288,1405.0,176.0
12209,288,755.0,175.0
12210,288,1459.0,174.0
12211,288,1938.0,193.0
12212,288,37.0,116.0
12213,288,116887.0,300.0
12214,288,120589.0,300.0
12215,288,119936.0,300.0
12216,288,126430.0,300.0
12217,288,118057.0,300.0
12218,288,120135.0,300.0
12219,288,1203.0,118.0
12220,288,1299.0,118.0
12221,288,1218.0,118.0
12222,288,16.0,136.0
12223,288,954.0,522.0
12224,288,3770.0,115.0
12225,288,2449.0,115.0
12226,288,5.0,145.0
12227,288,2036.0,145.0
12228,288,3.0,155.0
12229,288,300.0,184.0
12230,288,1805.0,169.0
12231,288,0.0,132.0
12232,288,2.0,118.0
12233,288,2.0,114.0
12234,288,267.0,130.0
12235,288,16.0,130.0
12236,288,4471.0,128.0
12237,288,2081.0,141.0
12238,288,3440.0,125.0
12239,288,4250.0,125.0
12240,288,274.0,145.0
12241,288,86.0,145.0
12242,288,969.0,123.0
12243,288,6454.0,184.0
12244,288,467.0,133.0
12245,288,504.0,133.0
12246,288,422.0,133.0
12247,288,105.0,128.0
12248,288,115709.0,300.0
12249,288,120459.0,300.0
12250,288,126971.0,300.0
12251,288,118378.0,300.0
12252,288,3961.0,152.0
12253,288,162.0,196.0
12254,288,630.0,133.0
12255,288,133.0,84.0
12256,288,94.0,128.0
12257,288,172.0,237.0
12258,288,3.0,133.0
12259,288,5051.0,133.0
12260,288,4362.0,126.0
12261,288,29.0,129.0
12262,288,45.0,126.0
12263,288,170.0,190.0
12264,288,15.0,113.0
12265,288,1469.0,164.0
12266,288,1634.0,164.0
12267,288,1111.0,164.0
12268,288,837.0,123.0
12269,288,0.0,147.0
12270,288,1151.0,162.0
12271,288,226.0,110.0
12272,288,62.0,131.0
12273,288,25.0,194.0
12274,288,15.0,191.0
12275,288,117923.0,300.0
12276,288,171.0,201.0
12277,288,38.0,122.0
12278,288,175.0,190.0
12279,288,6876.0,117.0
12280,288,253.0,177.0
12281,288,567.0,133.0
12282,288,3375.0,110.0
12283,288,82.0,127.0
12284,288,733.0,148.0
12285,288,323.0,148.0
12286,288,0.0,114.0
12287,288,9148.0,214.0
12288,288,119.0,214.0
12289,288,8202.0,203.0
12290,288,243.0,203.0
12291,288,56730.0,297.0
12292,288,941.0,297.0
12293,288,871.0,297.0
12294,288,441.0,158.0
12295,288,0.0,129.0
12296,288,2574.0,97.0
12297,288,681.0,117.0
12298,288,1037.0,178.0
12299,288,0.0,120.0
12300,288,3.0,133.0
12301,288,66.0,133.0
12302,288,20.0,191.0
12303,288,131.0,188.0
12304,288,5103.0,118.0
12305,288,1078.0,138.0
12306,288,797.0,168.0
12307,288,14.0,120.0
12308,288,123.0,114.0
12309,288,160.0,176.0
12310,288,374.0,186.0
12311,288,1758.0,75.0
12312,288,0.0,126.0
12313,288,180.0,213.0
12314,288,26305.0,166.0
12315,288,1321.0,185.0
12316,288,138.0,195.0
12317,288,132.0,182.0
12318,288,3.0,124.0
12319,288,75.0,192.0
12320,288,80.0,100.0
12321,288,442.0,184.0
12322,288,498.0,140.0
12323,288,12.0,120.0
12324,288,0.0,115.0
12325,288,0.0,115.0
12326,288,449.0,223.0
12327,288,13341.0,174.0
12328,288,2154.0,212.0
12329,288,165.0,134.0
12330,288,177.0,119.0
12331,288,134.0,195.0
12332,288,129.0,195.0
12333,288,139.0,195.0
12334,288,120.0,195.0
12335,288,1378.0,88.0
12336,288,76.0,98.0
12337,288,120.0,174.0
12338,288,1640.0,179.0
12339,288,10139.0,221.0
12340,288,134.0,221.0
12341,288,106.0,118.0
12342,288,0.0,194.0
12343,288,54.0,114.0
12344,288,10.0,114.0
12345,288,438.0,114.0
12346,288,15.0,114.0
12347,288,484.0,114.0
12348,288,426.0,128.0
12349,288,738.0,178.0
12350,288,3.0,128.0
12351,288,160.0,103.0
12352,288,148.0,98.0
12353,288,237.0,200.0
12354,288,2097.0,108.0
12355,288,2106.0,108.0
12356,288,9103.0,223.0
12357,288,105.0,223.0
12358,288,12173.0,201.0
12359,288,126.0,201.0
12360,288,16881.0,135.0
12361,288,133.0,135.0
12362,288,149.0,208.0
12363,288,861.0,176.0
12364,288,4.0,129.0
12365,288,75.0,131.0
12366,288,135.0,188.0
12367,288,389.0,107.0
12368,288,202.0,182.0
12369,288,97.0,184.0
12370,288,148.0,177.0
12371,288,492.0,133.0
12372,288,33.0,147.0
12373,288,0.0,97.0
12374,288,0.0,118.0
12375,288,661.0,176.0
12376,288,5814.0,187.0
12377,288,8902.0,69.0
12378,288,11680.0,195.0
12379,288,196.0,123.0
12380,288,2002.0,196.0
12381,288,2.0,122.0
12382,288,1602.0,108.0
12383,288,1617.0,108.0
12384,288,35.0,115.0
12385,288,2890.0,125.0
12386,288,0.0,127.0
12387,288,2794.0,242.0
12388,288,634.0,115.0
12389,288,20.0,114.0
12390,288,284.0,114.0
12391,288,17.0,102.0
12392,288,0.0,126.0
12393,288,1355.0,108.0
12394,288,260.0,181.0
12395,288,496.0,219.0
12396,288,5148.0,118.0
12397,288,201.0,147.0
12398,288,23.0,128.0
12399,288,2.0,120.0
12400,288,173.0,175.0
12401,288,420.0,114.0
12402,288,468.0,114.0
12403,288,41.0,114.0
12404,288,111.0,173.0
12405,288,4.0,128.0
12406,288,864.0,185.0
12407,288,628.0,177.0
12408,288,877.0,185.0
12409,288,833.0,177.0
12410,288,15.0,127.0
12411,288,207.0,220.0
12412,288,183.0,121.0
12413,288,25.0,123.0
12414,288,499.0,112.0
12415,288,141.0,119.0
12416,288,4.0,119.0
12417,288,16.0,100.0
12418,288,3961.0,175.0
12419,288,57708.0,154.0
12420,288,1.0,111.0
12421,288,997.0,177.0
12422,288,1393.0,118.0
12423,288,176.0,181.0
12424,288,3.0,120.0
12425,288,2331.0,156.0
12426,288,268.0,131.0
12427,288,480.0,160.0
12428,288,106.0,88.0
12429,288,173.0,85.0
12430,288,628.0,123.0
12431,288,1426.0,126.0
12432,288,3937.0,313.0
12433,288,1244.0,159.0
12434,288,5099.0,241.0
12435,288,628.0,241.0
12436,288,14.0,126.0
12437,288,179.0,185.0
12438,288,1494.0,244.0
12439,288,30.0,141.0
12440,288,621.0,141.0
12441,288,981.0,124.0
12442,288,463.0,125.0
12443,288,119.0,142.0
12444,288,174.0,107.0
12445,288,175.0,107.0
12446,288,3.0,114.0
12447,288,0.0,155.0
12448,288,348.0,119.0
12449,288,348.0,119.0
12450,288,362.0,183.0
12451,288,45.0,112.0
12452,288,23.0,114.0
12453,288,79.0,114.0
12454,288,1507.0,102.0
12455,288,3209.0,207.0
12456,288,2306.0,534.0
12457,288,5.0,150.0
12458,288,158.0,117.0
12459,288,180.0,136.0
12460,288,726.0,136.0
12461,288,153.0,117.0
12462,288,117.0,107.0
12463,288,62.0,114.0
12464,288,1187.0,129.0
12465,288,1793.0,129.0
12466,288,50.0,143.0
12467,288,0.0,106.0
12468,288,1079.0,113.0
12469,288,123.0,123.0
12470,288,151.0,122.0
12471,288,0.0,126.0
12472,288,233.0,180.0
12473,288,222.0,192.0
12474,288,1.0,135.0
12475,288,498.0,130.0
12476,288,11.0,106.0
12477,288,652.0,178.0
12478,288,269.0,183.0
12479,288,6057.0,128.0
12480,288,26.0,143.0
12481,288,370.0,113.0
12482,288,76.0,169.0
12483,288,710.0,196.0
12484,288,20.0,113.0
12485,288,48.0,113.0
12486,288,37.0,113.0
12487,288,1746.0,112.0
12488,288,42.0,112.0
12489,288,14.0,124.0
12490,288,618.0,122.0
12491,288,943.0,122.0
12492,288,142.0,134.0
12493,288,145.0,134.0
12494,288,300.0,134.0
12495,288,155.0,134.0
12496,288,4.0,134.0
12497,288,0.0,110.0
12498,288,1559.0,120.0
12499,288,223.0,188.0
12500,288,49.0,221.0
12501,288,1867.0,137.0
12502,288,20.0,137.0
12503,288,55.0,117.0
12504,288,3007.0,133.0
12505,288,692.0,192.0
12506,288,42.0,121.0
12507,288,123.0,133.0
12508,288,288.0,133.0
12509,288,49.0,106.0
12510,288,2.0,114.0
12511,288,173.0,212.0
12512,288,118.0,159.0
12513,288,1736.0,139.0
12514,288,49.0,122.0
12515,288,171.0,115.0
12516,288,336.0,142.0
12517,288,3583.0,142.0
12518,288,127.0,188.0
12519,288,993.0,91.0
12520,288,18.0,91.0
12521,288,667.0,179.0
12522,288,2800.0,263.0
12523,288,9319.0,113.0
12524,288,12519.0,113.0
12525,288,122713.0,113.0
12526,288,744.0,122.0
12527,288,562.0,122.0
12528,288,461.0,122.0
12529,288,158.0,184.0
12530,288,43.0,125.0
12531,288,22108.0,248.0
12532,288,259.0,132.0
12533,288,2244.0,104.0
12534,288,1715.0,104.0
12535,288,3710.0,104.0
12536,288,1860.0,104.0
12537,288,2007.0,104.0
12538,288,1768.0,104.0
12539,288,256.0,111.0
12540,288,155.0,184.0
12541,288,1677.0,162.0
12542,288,1578.0,162.0
12543,288,3958.0,142.0
12544,288,99.0,123.0
12545,288,18.0,127.0
12546,288,65.0,133.0
12547,288,4158.0,149.0
12548,288,32.0,129.0
12549,288,509.0,134.0
12550,288,18106.0,156.0
12551,288,157.0,190.0
12552,288,59.0,214.0
12553,288,5215.0,230.0
12554,288,248.0,115.0
12555,288,142.0,112.0
12556,288,44.0,112.0
12557,288,0.0,110.0
12558,288,2365.0,184.0
12559,288,386.0,199.0
12560,288,6252.0,186.0
12561,288,2901.0,137.0
12562,288,191.0,194.0
12563,288,1995.0,181.0
12564,288,11694.0,389.0
12565,288,2223.0,183.0
12566,288,767.0,181.0
12567,288,822.0,184.0
12568,288,861.0,178.0
12569,288,827.0,179.0
12570,288,6882.0,138.0
12571,288,377.0,134.0
12572,288,499.0,134.0
12573,288,1111.0,162.0
12574,288,6.0,126.0
12575,288,165.0,156.0
12576,288,4395.0,139.0
12577,288,172.0,188.0
12578,288,852.0,181.0
12579,288,0.0,118.0
12580,288,252.0,131.0
12581,288,3198.0,132.0
12582,288,2025.0,128.0
12583,288,32917.0,114.0
12584,288,4.0,107.0
12585,288,644.0,127.0
12586,288,167.0,210.0
12587,288,0.0,112.0
12588,288,196.0,183.0
12589,288,2341.0,118.0
12590,288,2692.0,186.0
12591,288,2635.0,188.0
12592,288,31.0,119.0
12593,288,28.0,119.0
12594,288,9302.0,139.0
12595,288,938.0,178.0
12596,288,859.0,184.0
12597,288,681.0,179.0
12598,288,185.0,177.0
12599,288,1.0,110.0
12600,288,867.0,153.0
12601,288,0.0,109.0
12602,288,92.0,131.0
12603,288,2268.0,131.0
12604,288,175.0,131.0
12605,288,900.0,113.0
12606,288,788.0,131.0
12607,288,876.0,131.0
12608,288,167.0,110.0
12609,288,425.0,131.0
12610,288,3.0,129.0
12611,288,1060.0,126.0
12612,288,1370.0,126.0
12613,288,51.0,133.0
12614,288,33137.0,132.0
12615,288,33132.0,115.0
12616,288,33278.0,115.0
12617,288,265.0,113.0
12618,288,27.0,119.0
12619,288,64.0,133.0
12620,288,33112.0,134.0
12621,288,33143.0,133.0
12622,288,472.0,132.0
12623,288,464.0,132.0
12624,288,254.0,114.0
12625,288,147.0,190.0
12626,288,208.0,119.0
12627,288,427.0,118.0
12628,288,811.0,129.0
12629,288,1031.0,181.0
12630,288,381.0,194.0
12631,288,184.0,102.0
12632,288,477.0,107.0
12633,288,9.0,104.0
12634,288,427.0,106.0
12635,288,379.0,105.0
12636,288,0.0,133.0
12637,288,3.0,115.0
12638,288,46.0,114.0
12639,288,5045.0,146.0
12640,288,0.0,125.0
12641,288,125.0,120.0
12642,288,7776.0,143.0
12643,288,7457.0,143.0
12644,288,140.0,135.0
12645,288,180.0,147.0
12646,288,189.0,150.0
12647,288,0.0,129.0
12648,288,0.0,109.0
12649,288,309.0,134.0
12650,288,412.0,118.0
12651,288,188.0,133.0
12652,288,241.0,116.0
12653,288,191.0,134.0
12654,288,239.0,135.0
12655,288,418.0,197.0
12656,288,14.0,162.0
12657,288,11.0,167.0
12658,288,3226.0,348.0
12659,288,36259.0,263.0
12660,288,0.0,108.0
12661,288,4.0,125.0
12662,288,4.0,125.0
12663,288,196.0,107.0
12664,288,186.0,107.0
12665,288,205.0,104.0
12666,288,115.0,104.0
12667,288,34.0,104.0
12668,288,1235.0,110.0
12669,288,677.0,145.0
12670,288,2949.0,118.0
12671,288,740.0,206.0
12672,288,33221.0,130.0
12673,288,431.0,131.0
12674,288,192.0,134.0
12675,288,149.0,209.0
12676,288,2760.0,100.0
12677,288,638.0,100.0
12678,288,529.0,100.0
12679,288,2139.0,99.0
12680,288,602.0,99.0
12681,288,221.0,191.0
12682,288,974.0,177.0
12683,288,1008.0,175.0
12684,288,1017.0,177.0
12685,288,446.0,125.0
12686,288,99.0,166.0
12687,288,1292.0,166.0
12688,288,162.0,166.0
12689,288,379.0,166.0
12690,288,1098.0,166.0
12691,288,255.0,182.0
12692,288,69.0,104.0
12693,288,34.0,104.0
12694,288,0.0,116.0
12695,288,13.0,136.0
12696,288,841.0,182.0
12697,288,18.0,122.0
12698,288,290.0,122.0
12699,288,6285.0,132.0
12700,288,461.0,132.0
12701,288,32968.0,133.0
12702,288,447.0,131.0
12703,288,32950.0,131.0
12704,288,32983.0,114.0
12705,288,423.0,131.0
12706,288,33291.0,113.0
12707,288,853.0,177.0
12708,288,7008.0,138.0
12709,288,18700.0,119.0
12710,288,120.0,119.0
12711,288,29.0,119.0
12712,288,40.0,119.0
12713,288,376.0,182.0
12714,288,10653.0,421.0
12715,288,989.0,154.0
12716,288,26.0,136.0
12717,288,484.0,107.0
12718,288,1202.0,216.0
12719,288,12148.0,216.0
12720,288,10925.0,216.0
12721,288,998.0,121.0
12722,288,148.0,184.0
12723,288,218.0,403.0
12724,288,538.0,99.0
12725,288,181423.0,162.0
12726,288,834.0,205.0
12727,288,672.0,155.0
12728,288,149.0,112.0
12729,288,1006.0,182.0
12730,288,729.0,182.0
12731,288,973.0,179.0
12732,288,0.0,131.0
12733,288,1.0,112.0
12734,288,15.0,136.0
12735,288,25.0,136.0
12736,288,29.0,136.0
12737,288,28.0,136.0
12738,288,27.0,136.0
12739,288,1579.0,154.0
12740,288,1422.0,187.0
12741,288,652.0,179.0
12742,288,3298.0,138.0
12743,288,3384.0,138.0
12744,288,3483.0,138.0
12745,288,194.0,134.0
12746,288,8478.0,109.0
12747,288,8059.0,128.0
12748,288,33212.0,113.0
12749,288,33172.0,130.0
12750,288,32977.0,114.0
12751,288,10.0,158.0
12752,288,0.0,96.0
12753,288,813.0,181.0
12754,288,443.0,196.0
12755,288,0.0,134.0
12756,288,180.0,130.0
12757,288,523.0,189.0
12758,288,912.0,189.0
12759,288,3.0,126.0
12760,288,82.0,129.0
12761,288,0.0,129.0
12762,288,376.0,262.0
12763,288,699.0,189.0
12764,288,3046.0,189.0
12765,288,82.0,134.0
12766,288,233.0,134.0
12767,288,93.0,134.0
12768,288,117062.0,198.0
12769,288,26.0,107.0
12770,288,865.0,159.0
12771,288,895.0,159.0
12772,288,71.0,108.0
12773,288,178.0,209.0
12774,288,3925.0,188.0
12775,288,1131.0,159.0
12776,288,980.0,134.0
12777,288,468.0,112.0
12778,288,226.0,114.0
12779,288,2686.0,172.0
12780,288,825.0,183.0
12781,288,23.0,188.0
12782,288,35.0,117.0
12783,288,2609.0,149.0
12784,288,302.0,114.0
12785,288,65.0,107.0
12786,288,66.0,107.0
12787,288,4.0,116.0
12788,288,1986.0,111.0
12789,288,2395.0,182.0
12790,288,430.0,127.0
12791,288,2.0,120.0
12792,288,215.0,131.0
12793,288,353.0,113.0
12794,288,458.0,102.0
12795,288,431.0,100.0
12796,288,445.0,112.0
12797,288,577.0,185.0
12798,288,491.0,110.0
12799,288,132.0,188.0
12800,288,20.0,113.0
12801,288,5121.0,967.0
12802,288,576.0,116.0
12803,288,32.0,124.0
12804,288,32.0,124.0
12805,288,31.0,124.0
12806,288,1593.0,169.0
12807,288,1652.0,169.0
12808,288,497.0,103.0
12809,288,267.0,113.0
12810,288,511.0,112.0
12811,288,200.0,133.0
12812,288,686.0,118.0
12813,288,358.0,198.0
12814,288,475.0,112.0
12815,288,305.0,114.0
12816,288,318.0,104.0
12817,288,153.0,120.0
12818,288,2.0,116.0
12819,288,1587.0,126.0
12820,288,1673.0,140.0
12821,288,1576.0,182.0
12822,288,668.0,176.0
12823,288,1997.0,157.0
12824,288,44.0,111.0
12825,288,0.0,125.0
12826,288,10083.0,126.0
12827,288,63.0,126.0
12828,288,403.0,107.0
12829,288,0.0,107.0
12830,288,1451.0,230.0
12831,288,39.0,185.0
12832,288,1363.0,189.0
12833,288,314.0,208.0
12834,288,2.0,124.0
12835,288,162.0,180.0
12836,288,970.0,113.0
12837,288,944.0,185.0
12838,288,11.0,100.0
12839,288,36.0,116.0
12840,288,583.0,106.0
12841,288,417.0,132.0
12842,288,271.0,113.0
12843,288,393.0,114.0
12844,288,490.0,115.0
12845,288,32814.0,133.0
12846,288,18940.0,131.0
12847,288,358.0,135.0
12848,288,0.0,106.0
12849,288,1082.0,178.0
12850,288,257.0,218.0
12851,288,867.0,132.0
12852,288,313.0,132.0
12853,288,0.0,134.0
12854,288,9.0,114.0
12855,288,1176.0,230.0
12856,288,97.0,230.0
12857,288,1477.0,230.0
12858,288,856.0,186.0
12859,288,301.0,189.0
12860,288,30.0,109.0
12861,288,4.0,152.0
12862,288,251.0,150.0
12863,288,300.0,193.0
12864,288,469.0,136.0
12865,288,26721.0,146.0
12866,288,872.0,146.0
12867,288,106.0,128.0
12868,288,2197.0,109.0
12869,288,3.0,123.0
12870,288,31728.0,127.0
12871,288,5213.0,142.0
12872,288,544.0,113.0
12873,288,241.0,114.0
12874,288,188.0,132.0
12875,288,420.0,131.0
12876,288,415.0,126.0
12877,288,686.0,119.0
12878,288,17.0,119.0
12879,288,847.0,116.0
12880,288,30.0,132.0
12881,288,824.0,135.0
12882,288,95.0,129.0
12883,288,1520.0,181.0
12884,288,833.0,177.0
12885,288,1258.0,131.0
12886,288,565.0,127.0
12887,288,1136.0,127.0
12888,288,597.0,204.0
12889,288,0.0,129.0
12890,288,49.0,137.0
12891,288,344.0,97.0
12892,288,465.0,91.0
12893,288,490.0,145.0
12894,288,45.0,151.0
12895,288,1548.0,134.0
12896,288,1179.0,94.0
12897,288,5478.0,94.0
12898,288,287.0,122.0
12899,288,1.0,132.0
12900,288,190.0,181.0
12901,288,503.0,109.0
12902,288,2829.0,98.0
12903,288,2547.0,210.0
12904,288,13704.0,210.0
12905,288,404.0,118.0
12906,288,207.0,118.0
12907,288,403.0,197.0
12908,288,13437.0,278.0
12909,288,2018.0,114.0
12910,288,2173.0,118.0
12911,288,488.0,116.0
12912,288,175.0,184.0
12913,288,163.0,182.0
12914,288,8693.0,422.0
12915,288,322.0,201.0
12916,288,81.0,128.0
12917,288,601.0,150.0
12918,288,68.0,150.0
12919,288,992.0,351.0
12920,288,133.0,187.0
12921,288,274.0,192.0
12922,288,14547.0,261.0
12923,288,9095.0,278.0
12924,288,21698.0,278.0
12925,288,21888.0,278.0
12926,288,319.0,167.0
12927,288,472.0,167.0
12928,288,361.0,112.0
12929,288,0.0,159.0
12930,288,647.0,138.0
12931,288,28.0,138.0
12932,288,639.0,181.0
12933,288,941.0,182.0
12934,288,771.0,183.0
12935,288,595.0,181.0
12936,288,681.0,161.0
12937,288,795.0,94.0
12938,288,2.0,105.0
12939,288,1.0,108.0
12940,288,3.0,108.0
12941,288,4590.0,89.0
12942,288,685.0,125.0
12943,288,34.0,118.0
12944,288,27080.0,131.0
12945,288,494.0,131.0
12946,288,952.0,185.0
12947,288,243.0,99.0
12948,288,0.0,114.0
12949,288,1161.0,174.0
12950,288,2009.0,206.0
12951,288,65.0,113.0
12952,288,92814.0,203.0
12953,288,176.0,227.0
12954,288,6.0,144.0
12955,288,83.0,130.0
12956,288,0.0,127.0
12957,288,0.0,115.0
12958,288,27.0,114.0
12959,288,192.0,192.0
12960,288,857.0,134.0
12961,288,316.0,176.0
12962,288,360.0,193.0
12963,288,3480.0,223.0
12964,288,6745.0,223.0
12965,288,1633.0,223.0
12966,288,45.0,117.0
12967,288,215.0,131.0
12968,288,416.0,205.0
12969,288,10.0,110.0
12970,288,1115.0,219.0
12971,288,567.0,131.0
12972,288,18.0,114.0
12973,288,241.0,177.0
12974,288,130.0,185.0
12975,288,6.0,134.0
12976,288,2.0,136.0
12977,288,8629.0,184.0
12978,288,724.0,190.0
12979,288,2011.0,95.0
12980,288,1297.0,89.0
12981,288,3767.0,230.0
12982,288,245.0,213.0
12983,288,3.0,120.0
12984,288,583.0,206.0
12985,288,261.0,149.0
12986,288,47.0,113.0
12987,288,6432.0,306.0
12988,288,737.0,201.0
12989,288,555.0,201.0
12990,288,349.0,122.0
12991,288,118.0,95.0
12992,288,10270.0,205.0
12993,288,1512.0,205.0
12994,288,4719.0,205.0
12995,288,1581.0,205.0
12996,288,10999.0,162.0
12997,288,684.0,121.0
12998,288,688.0,121.0
12999,288,372.0,195.0
13000,288,1618.0,186.0
13001,288,2307.0,117.0
13002,288,768.0,374.0
13003,288,6370.0,139.0
13004,288,2241.0,166.0
13005,288,5119.0,138.0
13006,288,239.0,120.0
13007,288,2801.0,125.0
13008,288,0.0,135.0
13009,288,606.0,198.0
13010,288,3.0,135.0
13011,288,525.0,178.0
13012,288,2049.0,111.0
13013,288,1070.0,109.0
13014,288,0.0,110.0
13015,288,1081.0,178.0
13016,288,2.0,126.0
13017,288,1522.0,136.0
13018,288,37.0,160.0
13019,288,777.0,154.0
13020,288,50345.0,128.0
13021,288,1.0,137.0
13022,288,1441.0,87.0
13023,288,728.0,85.0
13024,288,1261.0,95.0
13025,288,0.0,93.0
13026,288,5065.0,149.0
13027,288,391.0,137.0
13028,288,205.0,112.0
13029,288,1021.0,109.0
13030,288,137.0,209.0
13031,288,348.0,158.0
13032,288,64.0,182.0
13033,288,31189.0,136.0
13034,288,209.0,234.0
13035,288,51.0,131.0
13036,288,1812.0,187.0
13037,288,0.0,126.0
13038,288,155.0,154.0
13039,288,0.0,126.0
13040,288,10189.0,149.0
13041,288,3607.0,149.0
13042,288,1872.0,149.0
13043,288,49.0,117.0
13044,288,1108.0,200.0
13045,288,31.0,100.0
13046,288,1341.0,155.0
13047,288,4291.0,182.0
13048,288,4438.0,182.0
13049,288,108.0,139.0
13050,288,6659.0,128.0
13051,288,8073.0,128.0
13052,288,1643.0,116.0
13053,288,218.0,223.0
13054,288,203.0,210.0
13055,288,9.0,102.0
13056,288,449.0,143.0
13057,288,523.0,132.0
13058,288,795.0,114.0
13059,288,6513.0,231.0
13060,288,1528.0,115.0
13061,288,0.0,127.0
13062,288,759.0,177.0
13063,288,2.0,124.0
13064,288,422.0,179.0
13065,288,363.0,116.0
13066,288,1497.0,116.0
13067,288,6735.0,128.0
13068,288,6206.0,128.0
13069,288,6778.0,128.0
13070,288,425.0,131.0
13071,288,953.0,131.0
13072,288,2390.0,147.0
13073,288,88.0,183.0
13074,288,46.0,125.0
13075,288,3695.0,180.0
13076,288,179.0,179.0
13077,288,1142.0,227.0
13078,288,41.0,244.0
13079,288,15966.0,220.0
13080,288,567.0,201.0
13081,288,391.0,104.0
13082,288,0.0,101.0
13083,288,3.0,318.0
13084,288,151.0,188.0
13085,288,784.0,223.0
13086,288,653.0,223.0
13087,288,281.0,201.0
13088,288,125.0,220.0
13089,288,31984.0,157.0
13090,288,108.0,157.0
13091,288,13249.0,221.0
13092,288,109.0,221.0
13093,288,80.0,227.0
13094,288,3729.0,149.0
13095,288,3038.0,149.0
13096,288,3972.0,149.0
13097,288,40.0,244.0
13098,288,259.0,201.0
13099,288,5610.0,171.0
13100,288,73.0,205.0
13101,288,541.0,185.0
13102,288,41.0,195.0
13103,288,34.0,244.0
13104,288,54.0,244.0
13105,288,177.0,244.0
13106,288,804.0,254.0
13107,288,1099.0,227.0
13108,288,1085.0,227.0
13109,288,1644.0,227.0
13110,288,1913.0,227.0
13111,288,608.0,120.0
13112,288,17.0,120.0
13113,288,828.0,179.0
13114,288,0.0,102.0
13115,288,0.0,104.0
13116,288,87.0,119.0
13117,288,33.0,119.0
13118,288,104.0,201.0
13119,288,20.0,151.0
13120,288,367.0,151.0
13121,288,0.0,134.0
13122,288,0.0,133.0
13123,288,0.0,128.0
13124,288,2916.0,213.0
13125,288,157.0,113.0
13126,288,0.0,113.0
13127,288,483.0,122.0
13128,288,660.0,438.0
13129,288,61.0,218.0
13130,288,64.0,218.0
13131,288,467.0,218.0
13132,288,2394.0,170.0
13133,288,355.0,170.0
13134,288,6756.0,128.0
13135,288,6832.0,128.0
13136,288,6774.0,128.0
13137,288,2480.0,216.0
13138,288,0.0,107.0
13139,288,541.0,161.0
13140,288,103.0,195.0
13141,288,73.0,184.0
13142,288,147.0,120.0
13143,288,345.0,186.0
13144,288,14783.0,137.0
13145,288,0.0,126.0
13146,288,82.0,213.0
13147,288,3168.0,190.0
13148,288,292.0,321.0
13149,288,9247.0,158.0
13150,288,178.0,178.0
13151,288,146.0,186.0
13152,288,298.0,118.0
13153,288,0.0,122.0
13154,288,165.0,186.0
13155,288,863.0,118.0
13156,288,20591.0,115.0
13157,288,210.0,115.0
13158,288,6730.0,153.0
13159,288,222.0,153.0
13160,288,129.0,195.0
13161,288,798.0,130.0
13162,288,24.0,130.0
13163,288,504.0,109.0
13164,288,0.0,109.0
13165,288,0.0,104.0
13166,288,92.0,119.0
13167,288,0.0,127.0
13168,288,104.0,194.0
13169,288,586.0,193.0
13170,288,563.0,193.0
13171,288,1452.0,189.0
13172,288,63.0,122.0
13173,288,73.0,132.0
13174,288,2576.0,128.0
13175,288,42.0,116.0
13176,288,855.0,194.0
13177,288,458.0,125.0
13178,288,4.0,125.0
13179,288,691.0,132.0
13180,288,47.0,132.0
13181,288,30.0,117.0
13182,288,168.0,125.0
13183,288,0.0,104.0
13184,288,0.0,99.0
13185,288,581.0,113.0
13186,288,2.0,131.0
13187,288,662.0,141.0
13188,288,554.0,185.0
13189,288,835.0,187.0
13190,288,826.0,187.0
13191,288,19.0,162.0
13192,288,313.0,162.0
13193,288,579.0,216.0
13194,288,591.0,216.0
13195,288,271.0,112.0
13196,288,351.0,110.0
13197,288,0.0,110.0
13198,288,95.0,127.0
13199,288,216.0,134.0
13200,288,96.0,122.0
13201,288,214.0,133.0
13202,288,1.0,120.0
13203,288,1627.0,152.0
13204,288,0.0,112.0
13205,288,1094.0,115.0
13206,288,36.0,438.0
13207,288,6715.0,128.0
13208,288,2285.0,136.0
13209,288,1775.0,130.0
13210,288,1894.0,144.0
13211,288,761.0,144.0
13212,288,1921.0,120.0
13213,288,17.0,146.0
13214,288,115.0,195.0
13215,288,0.0,106.0
13216,288,136.0,112.0
13217,288,415.0,124.0
13218,288,475.0,124.0
13219,288,61.0,118.0
13220,288,451.0,111.0
13221,288,177.0,144.0
13222,288,1405.0,106.0
13223,288,0.0,130.0
13224,288,1844.0,115.0
13225,288,143.0,189.0
13226,288,361.0,106.0
13227,288,2511.0,106.0
13228,288,90.0,182.0
13229,288,1.0,122.0
13230,288,14.0,202.0
13231,288,1484.0,112.0
13232,288,17140.0,159.0
13233,288,255.0,130.0
13234,288,1029.0,189.0
13235,288,1067.0,189.0
13236,288,835.0,147.0
13237,288,700.0,147.0
13238,288,333.0,142.0
13239,288,7.0,128.0
13240,288,3286.0,149.0
13241,288,10.0,112.0
13242,288,892.0,119.0
13243,288,276.0,129.0
13244,288,97.0,190.0
13245,288,609.0,119.0
13246,288,0.0,111.0
13247,288,228.0,184.0
13248,288,0.0,124.0
13249,288,292.0,195.0
13250,288,673.0,132.0
13251,288,459.0,132.0
13252,288,678.0,98.0
13253,288,1804.0,126.0
13254,288,9888.0,188.0
13255,288,9582.0,188.0
13256,288,7749.0,188.0
13257,288,20976.0,107.0
13258,288,977.0,330.0
13259,288,10064.0,202.0
13260,288,4902.0,185.0
13261,288,11.0,144.0
13262,288,10.0,144.0
13263,288,208.0,194.0
13264,288,116.0,161.0
13265,288,0.0,139.0
13266,288,77.0,130.0
13267,288,243.0,139.0
13268,288,2.0,115.0
13269,288,12386.0,188.0
13270,288,8062.0,188.0
13271,288,7937.0,188.0
13272,288,3.0,111.0
13273,288,76.0,129.0
13274,288,75.0,129.0
13275,288,102.0,129.0
13276,288,1428.0,104.0
13277,288,20921.0,104.0
13278,288,1103.0,107.0
13279,288,2.0,133.0
13280,288,12240.0,188.0
13281,288,552.0,190.0
13282,288,290.0,173.0
13283,288,74.0,160.0
13284,288,106.0,126.0
13285,288,318.0,134.0
13286,288,74.0,133.0
13287,288,553.0,113.0
13288,288,288.0,116.0
13289,288,1082.0,130.0
13290,288,10.0,111.0
13291,288,297.0,104.0
13292,288,198.0,104.0
13293,288,189.0,113.0
13294,288,227.0,113.0
13295,288,361.0,113.0
13296,288,26.0,173.0
13297,288,55.0,126.0
13298,288,59.0,126.0
13299,288,347.0,126.0
13300,288,105.0,129.0
13301,288,205.0,117.0
13302,288,285.0,117.0
13303,288,396.0,116.0
13304,288,173.0,139.0
13305,288,100.0,167.0
13306,288,335.0,167.0
13307,288,986.0,306.0
13308,288,443.0,162.0
13309,288,37.0,137.0
13310,288,307.0,117.0
13311,288,0.0,111.0
13312,288,625.0,113.0
13313,288,44.0,120.0
13314,288,6102.0,300.0
13315,288,170.0,186.0
13316,288,179.0,207.0
13317,288,2912.0,146.0
13318,288,0.0,107.0
13319,288,368.0,128.0
13320,288,273.0,121.0
13321,288,1535.0,196.0
13322,288,205.0,114.0
13323,288,73.0,158.0
13324,288,283.0,187.0
13325,288,152.0,190.0
13326,288,30.0,113.0
13327,288,33.0,108.0
13328,288,16.0,108.0
13329,288,586.0,117.0
13330,288,197.0,181.0
13331,287,2205.0,182.0
13332,287,146.0,182.0
13333,287,962.0,184.0
13334,287,888.0,176.0
13335,287,478.0,180.0
13336,287,15434.0,165.0
13337,287,275.0,123.0
13338,287,1194.0,150.0
13339,287,430.0,326.0
13340,287,836.0,186.0
13341,287,209.0,190.0
13342,287,495.0,192.0
13343,287,1249.0,180.0
13344,287,196.0,202.0
13345,287,123.0,188.0
13346,287,388.0,133.0
13347,287,21201.0,177.0
13348,287,131.0,212.0
13349,287,252.0,174.0
13350,287,151.0,155.0
13351,287,143.0,155.0
13352,287,4584.0,128.0
13353,287,3295.0,207.0
13354,287,2486.0,199.0
13355,287,28.0,115.0
13356,287,231.0,265.0
13357,287,19.0,194.0
13358,287,168.0,179.0
13359,287,154.0,238.0
13360,287,111.0,224.0
13361,287,235.0,294.0
13362,287,14653.0,445.0
13363,287,928.0,95.0
13364,287,405.0,176.0
13365,287,1026.0,138.0
13366,287,285.0,186.0
13367,287,982.0,177.0
13368,287,146.0,100.0
13369,287,106.0,182.0
13370,287,166.0,192.0
13371,287,171.0,189.0
13372,287,643.0,180.0
13373,287,376.0,123.0
13374,287,1595.0,215.0
13375,287,19774.0,359.0
13376,287,221.0,196.0
13377,287,1247.0,131.0
13378,287,3057.0,204.0
13379,287,2556.0,199.0
13380,287,2.0,123.0
13381,287,41.0,157.0
13382,287,770.0,184.0
13383,287,1591.0,277.0
13384,287,28.0,131.0
13385,287,3.0,139.0
13386,287,21838.0,144.0
13387,287,1241.0,150.0
13388,287,6.0,141.0
13389,287,1352.0,178.0
13390,287,1220.0,104.0
13391,287,283.0,181.0
13392,287,265.0,131.0
13393,287,270.0,199.0
13394,287,138.0,178.0
13395,287,1830.0,185.0
13396,287,3632.0,116.0
13397,287,130.0,171.0
13398,287,103767.0,171.0
13399,287,157.0,201.0
13400,287,185.0,144.0
13401,287,958.0,186.0
13402,287,509.0,196.0
13403,287,208.0,176.0
13404,287,565.0,186.0
13405,287,8662.0,212.0
13406,287,156.0,161.0
13407,287,927.0,180.0
13408,287,130.0,187.0
13409,287,946.0,120.0
13410,287,335.0,204.0
13411,287,1053.0,181.0
13412,287,100.0,183.0
13413,287,524.0,197.0
13414,287,618.0,114.0
13415,287,134.0,189.0
13416,287,104.0,149.0
13417,287,348.0,184.0
13418,287,27.0,136.0
13419,287,457.0,185.0
13420,287,746.0,245.0
13421,287,2191.0,178.0
13422,287,7952.0,122.0
13423,287,5796.0,122.0
13424,287,533.0,200.0
13425,287,171.0,187.0
13426,287,502.0,192.0
13427,287,425.0,101.0
13428,287,314.0,187.0
13429,287,21605.0,193.0
13430,287,2019.0,175.0
13431,287,153.0,188.0
13432,287,11432.0,197.0
13433,287,25.0,197.0
13434,287,9965.0,196.0
13435,287,2646.0,223.0
13436,287,26.0,120.0
13437,287,197.0,179.0
13438,287,522.0,185.0
13439,287,536.0,185.0
13440,287,829.0,179.0
13441,287,1901.0,161.0
13442,287,1282.0,189.0
13443,287,665.0,192.0
13444,287,163.0,185.0
13445,287,2355.0,107.0
13446,287,159.0,191.0
13447,287,12851.0,140.0
13448,287,6075.0,322.0
13449,287,479.0,92.0
13450,287,192.0,181.0
13451,287,145.0,183.0
13452,287,365.0,194.0
13453,287,226.0,197.0
13454,287,6147.0,197.0
13455,287,776.0,197.0
13456,287,151.0,187.0
13457,287,844.0,177.0
13458,287,249.0,156.0
13459,287,321.0,184.0
13460,287,1663.0,253.0
13461,287,130.0,179.0
13462,287,215.0,115.0
13463,287,41.0,195.0
13464,287,355.0,179.0
13465,287,741.0,203.0
13466,287,3009.0,201.0
13467,287,164.0,204.0
13468,287,998.0,190.0
13469,287,1015.0,190.0
13470,287,442.0,185.0
13471,287,131.0,191.0
13472,287,14144.0,102.0
13473,287,12550.0,102.0
13474,287,232.0,164.0
13475,287,129.0,184.0
13476,287,1132.0,107.0
13477,287,51.0,193.0
13478,287,180.0,107.0
13479,287,16826.0,208.0
13480,287,2457.0,119.0
13481,287,202.0,198.0
13482,287,108.0,178.0
13483,287,173.0,179.0
13484,287,134.0,195.0
13485,287,317.0,128.0
13486,287,138.0,187.0
13487,287,3806.0,158.0
13488,287,18132.0,126.0
13489,287,24238.0,203.0
13490,287,191.0,213.0
13491,287,7511.0,215.0
13492,287,3008.0,178.0
13493,287,781.0,207.0
13494,287,366.0,130.0
13495,287,99.0,189.0
13496,287,573.0,180.0
13497,287,4197.0,206.0
13498,287,891.0,678.0
13499,287,90.0,218.0
13500,287,822.0,179.0
13501,287,15772.0,114.0
13502,287,4633.0,242.0
13503,287,792.0,105.0
13504,287,1054.0,179.0
13505,287,117.0,184.0
13506,287,810.0,194.0
13507,287,319.0,195.0
13508,287,27.0,123.0
13509,287,335.0,114.0
13510,287,254.0,181.0
13511,287,1757.0,182.0
13512,287,1658.0,182.0
13513,287,136.0,205.0
13514,287,258.0,170.0
13515,287,55.0,118.0
13516,287,146.0,184.0
13517,287,358.0,228.0
13518,287,155.0,185.0
13519,287,113.0,127.0
13520,287,172.0,189.0
13521,287,12945.0,185.0
13522,287,33681.0,194.0
13523,287,35.0,126.0
13524,287,454.0,91.0
13525,287,382.0,190.0
13526,287,236.0,241.0
13527,287,1008.0,125.0
13528,287,170.0,179.0
13529,287,300009.0,114.0
13530,287,160.0,195.0
13531,287,212.0,203.0
13532,287,1002.0,306.0
13533,287,1213.0,306.0
13534,287,1305.0,306.0
13535,287,6.0,182.0
13536,287,10047.0,159.0
13537,287,1006.0,121.0
13538,287,282.0,208.0
13539,287,12963.0,185.0
13540,286,2233.0,183.0
13541,286,617.0,250.0
13542,286,13.0,155.0
13543,286,7.0,155.0
13544,286,3.0,118.0
13545,286,8.0,124.0
13546,286,122.0,189.0
13547,286,63.0,127.0
13548,286,44.0,117.0
13549,286,2.0,119.0
13550,286,12972.0,185.0
13551,286,5.0,116.0
13552,286,2332.0,182.0
13553,286,763.0,124.0
13554,286,214.0,114.0
13555,286,4090.0,136.0
13556,286,3844.0,158.0
13557,286,181.0,141.0
13558,286,188.0,172.0
13559,286,84.0,117.0
13560,286,143.0,186.0
13561,286,12038.0,102.0
13562,286,10428.0,102.0
13563,286,1.0,121.0
13564,286,576.0,179.0
13565,286,2.0,116.0
13566,286,36.0,154.0
13567,286,698.0,181.0
13568,286,4700.0,197.0
13569,286,409.0,113.0
13570,286,585.0,148.0
13571,286,20.0,115.0
13572,286,193.0,195.0
13573,286,1326.0,185.0
13574,286,659.0,106.0
13575,286,276.0,121.0
13576,286,122.0,138.0
13577,286,187.0,183.0
13578,286,92.0,145.0
13579,286,2.0,122.0
13580,286,147357.0,121.0
13581,286,29894.0,116.0
13582,286,1083.0,187.0
13583,286,83.0,167.0
13584,286,121.0,167.0
13585,286,18032.0,167.0
13586,286,22014.0,143.0
13587,286,262.0,143.0
13588,286,6.0,182.0
13589,286,13.0,182.0
13590,286,1431.0,184.0
13591,286,153.0,186.0
13592,286,49.0,135.0
13593,286,870.0,175.0
13594,286,1610.0,125.0
13595,286,173.0,131.0
13596,286,601.0,127.0
13597,286,124.0,127.0
13598,286,232.0,131.0
13599,286,913.0,97.0
13600,286,18.0,236.0
13601,286,3.0,149.0
13602,286,311.0,200.0
13603,286,1247.0,123.0
13604,286,10.0,155.0
13605,286,63.0,179.0
13606,286,803.0,120.0
13607,286,5217.0,205.0
13608,286,228.0,236.0
13609,286,75.0,145.0
13610,286,179.0,113.0
13611,286,170.0,113.0
13612,286,457.0,112.0
13613,286,310.0,112.0
13614,286,376.0,112.0
13615,286,0.0,133.0
13616,286,267.0,131.0
13617,286,300.0,131.0
13618,286,13.0,172.0
13619,285,206.0,154.0
13620,285,1890.0,172.0
13621,285,272.0,133.0
13622,285,1137.0,131.0
13623,285,1862.0,133.0
13624,285,391.0,133.0
13625,285,63.0,124.0
13626,285,2567.0,183.0
13627,285,4249.0,183.0
13628,285,341.0,174.0
13629,285,302217.0,214.0
13630,285,10097.0,102.0
13631,285,1834.0,139.0
13632,285,235.0,112.0
13633,285,2065.0,149.0
13634,285,300276.0,167.0
13635,285,54.0,116.0
13636,284,651.0,137.0
13637,284,756.0,105.0
13638,284,247.0,113.0
13639,284,621.0,117.0
13640,284,45.0,134.0
13641,284,196.0,112.0
13642,284,507.0,129.0
13643,284,216.0,269.0
13644,283,9210.0,201.0
13645,283,676.0,117.0
13646,283,34.0,106.0
13647,283,5400.0,124.0
13648,283,394.0,177.0
13649,283,101.0,124.0
13650,283,137.0,161.0
13651,283,14.0,204.0
13652,283,82039.0,105.0
13653,282,600.0,126.0
13654,282,322.0,123.0
13655,282,5834.0,253.0
13656,282,1567.0,147.0
13657,282,55.0,184.0
13658,282,39.0,105.0
13659,282,9.0,161.0
13660,282,131719.0,126.0
13661,281,832.0,185.0
13662,281,31383.0,177.0
13663,281,4915.0,131.0
13664,281,203.0,124.0
13665,281,97.0,101.0
13666,281,64.0,457.0
13667,281,34.0,139.0
13668,281,12.0,114.0
13669,281,655.0,161.0
13670,281,101.0,148.0
13671,281,122.0,161.0
13672,281,1292.0,120.0
13673,281,499.0,120.0
13674,281,7628.0,197.0
13675,281,105.0,93.0
13676,280,86.0,162.0
13677,280,1036.0,126.0
13678,280,491.0,112.0
13679,280,950.0,142.0
13680,280,21.0,245.0
13681,280,803.0,186.0
13682,280,113.0,195.0
13683,280,1868.0,129.0
13684,280,656.0,161.0
13685,280,127.0,197.0
13686,280,365.0,202.0
13687,279,58.0,119.0
13688,279,71.0,122.0
13689,279,3648.0,122.0
13690,279,85.0,510.0
13691,279,149.0,161.0
13692,278,94.0,81.0
13693,278,1155.0,195.0
13694,278,841.0,183.0
13695,278,208.0,172.0
13696,278,76.0,136.0
13697,278,183.0,161.0
13698,277,405.0,161.0
13699,277,51.0,118.0
13700,277,201.0,306.0
13701,277,2850.0,180.0
13702,277,90.0,97.0
13703,277,37.0,121.0
13704,277,65.0,97.0
13705,277,15.0,141.0
13706,277,159.0,182.0
13707,277,175284.0,168.0
13708,277,247.0,186.0
13709,277,770.0,128.0
13710,277,15368.0,123.0
13711,276,9.0,176.0
13712,276,13.0,217.0
13713,276,2.0,178.0
13714,276,15.0,217.0
13715,276,76404.0,199.0
13716,276,13103.0,206.0
13717,276,249.0,113.0
13718,276,50.0,146.0
13719,276,41.0,146.0
13720,276,38.0,146.0
13721,275,376.0,192.0
13722,275,222.0,192.0
13723,275,716.0,122.0
13724,275,191.0,184.0
13725,275,129.0,101.0
13726,275,2824.0,142.0
13727,275,300401.0,145.0
13728,275,32.0,176.0
13729,275,8315.0,179.0
13730,275,2691.0,327.0
13731,275,2072.0,118.0
13732,275,1215.0,158.0
13733,274,304.0,146.0
13734,274,683.0,688.0
13735,274,360.0,122.0
13736,274,1175.0,121.0
13737,274,1016.0,208.0
13738,274,21.0,118.0
13739,274,55.0,176.0
13740,274,119.0,184.0
13741,273,6483.0,119.0
13742,273,156.0,190.0
13743,273,199.0,178.0
13744,273,337.0,141.0
13745,272,1679.0,90.0
13746,272,1415.0,143.0
13747,272,26.0,137.0
13748,272,5.0,190.0
13749,272,17.0,140.0
13750,272,1015.0,203.0
13751,272,84.0,114.0
13752,271,847.0,101.0
13753,271,38.0,100.0
13754,271,199.0,179.0
13755,271,109.0,236.0
13756,270,1323.0,101.0
13757,270,959.0,119.0
13758,270,6315.0,120.0
13759,270,300471.0,93.0
13760,270,300319.0,79.0
13761,270,10323.0,192.0
13762,270,447.0,180.0
13763,270,78.0,120.0
13764,270,1648.0,191.0
13765,269,43.0,122.0
13766,269,18881.0,192.0
13767,269,18.0,120.0
13768,269,508.0,167.0
13769,269,1165.0,180.0
13770,269,149.0,167.0
13771,269,19336.0,167.0
13772,269,299.0,167.0
13773,269,197258.0,103.0
13774,268,905.0,128.0
13775,268,28.0,182.0
13776,268,2902.0,452.0
13777,268,202.0,119.0
13778,268,672.0,133.0
13779,268,59117.0,228.0
13780,268,15332.0,169.0
13781,268,54.0,181.0
13782,268,57.0,122.0
13783,268,4778.0,122.0
13784,268,340.0,122.0
13785,268,323.0,139.0
13786,268,8.0,103.0
13787,268,414.0,128.0
13788,267,636.0,129.0
13789,267,313.0,177.0
13790,267,20.0,193.0
13791,267,133.0,194.0
13792,267,10.0,193.0
13793,267,6.0,113.0
13794,267,896.0,121.0
13795,267,594.0,119.0
13796,267,869.0,134.0
13797,266,110.0,115.0
13798,266,228.0,157.0
13799,266,4950.0,122.0
13800,266,3117.0,144.0
13801,266,359.0,179.0
13802,265,512.0,119.0
13803,265,43371.0,272.0
13804,265,194.0,122.0
13805,265,10.0,139.0
13806,265,1017.0,273.0
13807,265,23978.0,128.0
13808,265,367.0,173.0
13809,264,99.0,227.0
13810,264,291.0,213.0
13811,264,1583.0,213.0
13812,264,529.0,191.0
13813,264,7282.0,119.0
13814,264,886.0,121.0
13815,264,2624.0,128.0
13816,264,19880.0,193.0
13817,264,243.0,203.0
13818,264,402.0,204.0
13819,264,9.0,225.0
13820,264,229.0,204.0
13821,264,2301.0,188.0
13822,263,1236.0,116.0
13823,263,31610.0,177.0
13824,263,13.0,126.0
13825,263,267.0,199.0
13826,263,2210.0,123.0
13827,263,131.0,159.0
13828,262,2257.0,195.0
13829,262,66.0,186.0
13830,262,633.0,143.0
13831,262,227.0,176.0
13832,262,164.0,122.0
13833,262,254.0,135.0
13834,262,1267.0,122.0
13835,262,22.0,246.0
13836,261,124.0,154.0
13837,261,240.0,169.0
13838,261,810.0,111.0
13839,261,79.0,450.0
13840,261,17.0,130.0
13841,261,208.0,182.0
13842,261,622.0,124.0
13843,260,20557.0,227.0
13844,260,22.0,187.0
13845,260,15.0,128.0
13846,260,21963.0,114.0
13847,260,3867.0,189.0
13848,260,1031.0,136.0
13849,260,175.0,190.0
13850,260,651.0,181.0
13851,260,207789.0,348.0
13852,259,306.0,205.0
13853,259,9.0,155.0
13854,259,235.0,120.0
13855,259,84.0,94.0
13856,259,294.0,203.0
13857,259,5832.0,342.0
13858,259,14.0,183.0
13859,258,239.0,128.0
13860,258,171.0,128.0
13861,258,2943.0,189.0
13862,258,32942.0,177.0
13863,258,53.0,100.0
13864,258,15926.0,152.0
13865,258,392.0,177.0
13866,258,48.0,122.0
13867,258,87.0,226.0
13868,258,1063.0,126.0
13869,258,128.0,225.0
13870,258,36.0,225.0
13871,257,98410.0,129.0
13872,257,109.0,161.0
13873,257,1195.0,166.0
13874,257,120.0,236.0
13875,257,34.0,111.0
13876,257,66.0,182.0
13877,256,494.0,131.0
13878,256,112.0,198.0
13879,256,239.0,202.0
13880,256,75.0,104.0
13881,256,1854.0,182.0
13882,256,37.0,184.0
13883,255,106597.0,131.0
13884,255,62.0,166.0
13885,255,4280.0,234.0
13886,255,99.0,166.0
13887,255,51.0,179.0
13888,255,299853.0,103.0
13889,255,1949.0,234.0
13890,255,2704.0,123.0
13891,255,76.0,170.0
13892,255,162.0,125.0
13893,254,6192.0,125.0
13894,254,3.0,124.0
13895,254,356.0,234.0
13896,254,410.0,234.0
13897,254,464.0,234.0
13898,254,18.0,200.0
13899,254,290.0,185.0
13900,254,276.0,169.0
13901,254,66.0,194.0
13902,254,29.0,183.0
13903,254,64.0,93.0
13904,253,243.0,133.0
13905,253,15.0,139.0
13906,253,20304.0,196.0
13907,253,417.0,163.0
13908,253,10827.0,109.0
13909,253,112.0,194.0
13910,253,2359.0,139.0
13911,252,213.0,133.0
13912,252,7.0,137.0
13913,252,29.0,139.0
13914,252,2873.0,162.0
13915,252,5777.0,158.0
13916,252,474.0,131.0
13917,252,59.0,101.0
13918,252,913.0,132.0
13919,252,419.0,204.0
13920,252,559.0,204.0
13921,252,474.0,183.0
13922,252,87.0,204.0
13923,252,295.0,114.0
13924,252,333.0,139.0
13925,251,616.0,162.0
13926,251,18.0,115.0
13927,251,1665.0,171.0
13928,251,5903.0,144.0
13929,251,177.0,139.0
13930,251,406.0,117.0
13931,251,324.0,168.0
13932,251,907.0,181.0
13933,251,579.0,161.0
13934,251,749.0,162.0
13935,250,580.0,181.0
13936,250,83.0,141.0
13937,250,1241.0,137.0
13938,250,788.0,170.0
13939,250,544.0,184.0
13940,250,779.0,181.0
13941,250,397473.0,112.0
13942,250,4277.0,139.0
13943,250,15.0,174.0
13944,250,176.0,98.0
13945,250,9500.0,196.0
13946,249,2034.0,189.0
13947,249,1833.0,113.0
13948,249,55149.0,178.0
13949,249,82.0,177.0
13950,249,3216.0,219.0
13951,249,5976.0,205.0
13952,249,16.0,204.0
13953,249,264.0,190.0
13954,249,120.0,94.0
13955,249,2064.0,195.0
13956,249,226.0,122.0
13957,249,168.0,180.0
13958,249,4008.0,187.0
13959,249,1087.0,138.0
13960,249,245.0,180.0
13961,249,980.0,170.0
13962,248,1424.0,114.0
13963,248,8.0,241.0
13964,248,105.0,191.0
13965,247,536.0,221.0
13966,247,1187.0,182.0
13967,247,2767.0,124.0
13968,247,28.0,122.0
13969,247,16.0,205.0
13970,247,87.0,176.0
13971,247,300445.0,117.0
13972,246,20.0,118.0
13973,246,74.0,180.0
13974,246,107.0,172.0
13975,245,189.0,97.0
13976,245,181.0,124.0
13977,245,80.0,170.0
13978,245,285.0,120.0
13979,245,958.0,145.0
13980,244,9.0,233.0
13981,244,300510.0,122.0
13982,244,29010.0,476.0
13983,244,5830.0,112.0
13984,244,70.0,127.0
13985,243,1785.0,228.0
13986,243,1037.0,210.0
13987,243,125.0,124.0
13988,243,337.0,161.0
13989,243,32.0,127.0
13990,243,72.0,95.0
13991,243,253.0,189.0
13992,242,4.0,98.0
13993,242,88.0,94.0
13994,242,11.0,186.0
13995,242,49.0,184.0
13996,242,98.0,134.0
13997,242,849.0,192.0
13998,242,70.0,97.0
13999,242,6.0,102.0
14000,242,16921.0,226.0
14001,241,8545.0,121.0
14002,241,8599.0,121.0
14003,241,298161.0,141.0
14004,241,151.0,133.0
14005,241,2477.0,145.0
14006,241,139.0,114.0
14007,241,8517.0,121.0
14008,241,41.0,195.0
14009,240,117.0,187.0
14010,240,1032.0,187.0
14011,240,877.0,187.0
14012,240,30.0,158.0
14013,240,1395.0,195.0
14014,240,397.0,136.0
14015,240,168.0,119.0
14016,240,2141.0,122.0
14017,240,364.0,129.0
14018,240,160.0,194.0
14019,240,14708.0,397.0
14020,240,785.0,123.0
14021,240,95.0,187.0
14022,240,731.0,187.0
14023,240,236.0,133.0
14024,240,17.0,114.0
14025,240,4643.0,129.0
14026,240,299616.0,109.0
14027,240,18.0,114.0
14028,240,184.0,122.0
14029,240,145.0,197.0
14030,240,2602.0,226.0
14031,240,7955.0,119.0
14032,240,5746.0,93.0
14033,240,784.0,192.0
14034,240,276.0,122.0
14035,240,43.0,118.0
14036,240,273.0,185.0
14037,240,1107.0,200.0
14038,240,372.0,129.0
14039,240,370.0,129.0
14040,240,224.0,187.0
14041,240,356.0,129.0
14042,240,59.0,122.0
14043,240,633.0,225.0
14044,240,725.0,187.0
14045,239,997.0,133.0
14046,239,1948.0,225.0
14047,239,25951.0,92.0
14048,239,97.0,116.0
14049,239,70.0,195.0
14050,239,3952.0,272.0
14051,239,2025.0,99.0
14052,239,299034.0,210.0
14053,238,1765.0,177.0
14054,238,1160.0,103.0
14055,238,12.0,114.0
14056,238,50.0,185.0
14057,238,300274.0,154.0
14058,238,5319.0,122.0
14059,238,21.0,176.0
14060,238,22.0,128.0
14061,238,8567.0,387.0
14062,238,3084.0,195.0
14063,238,9.0,204.0
14064,238,5708.0,195.0
14065,238,2759.0,219.0
14066,238,2308.0,163.0
14067,238,239.0,163.0
14068,238,300286.0,154.0
14069,237,3.0,181.0
14070,237,2393.0,140.0
14071,237,110.0,122.0
14072,236,32091.0,177.0
14073,236,1302.0,143.0
14074,236,29.0,99.0
14075,236,14.0,185.0
14076,235,75.0,94.0
14077,235,2114.0,113.0
14078,235,146.0,126.0
14079,235,334.0,204.0
14080,235,5152.0,209.0
14081,235,1129.0,209.0
14082,235,687.0,196.0
14083,235,602.0,181.0
14084,234,299.0,195.0
14085,234,12.0,190.0
14086,234,5559.0,172.0
14087,234,178.0,193.0
14088,234,1380.0,184.0
14089,233,91.0,96.0
14090,233,3907.0,166.0
14091,233,543.0,117.0
14092,233,6629.0,189.0
14093,232,13.0,115.0
14094,232,85.0,177.0
14095,232,106.0,92.0
14096,232,118.0,90.0
14097,232,77.0,161.0
14098,232,59.0,92.0
14099,232,82.0,175.0
14100,232,241.0,240.0
14101,232,23.0,192.0
14102,232,377.0,202.0
14103,231,72.0,110.0
14104,231,410.0,200.0
14105,231,86.0,110.0
14106,231,517.0,116.0
14107,231,271.0,122.0
14108,231,1602.0,273.0
14109,231,57.0,199.0
14110,231,564.0,123.0
14111,231,12.0,187.0
14112,230,385.0,178.0
14113,230,731.0,114.0
14114,230,161.0,198.0
14115,230,331.0,178.0
14116,230,625.0,177.0
14117,230,2112.0,343.0
14118,229,416.0,168.0
14119,229,394.0,127.0
14120,229,204.0,188.0
14121,229,452.0,136.0
14122,229,89.0,176.0
14123,229,650.0,162.0
14124,229,1873.0,193.0
14125,229,316.0,116.0
14126,229,18.0,193.0
14127,229,18.0,133.0
14128,229,2059.0,129.0
14129,229,35774.0,146.0
14130,229,888.0,161.0
14131,229,7.0,127.0
14132,229,3171.0,343.0
14133,228,2850.0,185.0
14134,228,1054.0,186.0
14135,228,7055.0,201.0
14136,228,234.0,116.0
14137,228,694.0,177.0
14138,228,1018.0,185.0
14139,228,920.0,185.0
14140,228,10004.0,263.0
14141,228,813.0,139.0
14142,228,329.0,156.0
14143,227,32395.0,177.0
14144,227,208.0,148.0
14145,227,175.0,215.0
14146,227,183.0,182.0
14147,227,1034.0,139.0
14148,227,35.0,145.0
14149,227,43.0,145.0
14150,227,666.0,188.0
14151,227,917.0,154.0
14152,226,43.0,184.0
14153,226,5856.0,201.0
14154,226,20226.0,178.0
14155,226,84.0,158.0
14156,226,2587.0,120.0
14157,226,2080.0,193.0
14158,225,31.0,134.0
14159,225,2730.0,125.0
14160,225,26547.0,374.0
14161,225,10.0,118.0
14162,225,31.0,134.0
14163,225,113.0,124.0
14164,225,122.0,179.0
14165,225,877.0,134.0
14166,225,135.0,226.0
14167,225,841.0,120.0
14168,225,1.0,114.0
14169,225,107.0,161.0
14170,225,513.0,194.0
14171,224,1376.0,478.0
14172,224,25.0,194.0
14173,224,834.0,119.0
14174,224,21.0,120.0
14175,224,853.0,120.0
14176,224,12.0,139.0
14177,224,123.0,131.0
14178,224,25.0,120.0
14179,224,1453.0,131.0
14180,223,1450.0,246.0
14181,223,703.0,229.0
14182,223,21.0,193.0
14183,223,67.0,192.0
14184,223,303393.0,234.0
14185,223,36.0,199.0
14186,223,512.0,246.0
14187,223,55.0,138.0
14188,223,301459.0,142.0
14189,222,10597.0,249.0
14190,222,2992.0,115.0
14191,222,1247.0,124.0
14192,222,2812.0,137.0
14193,222,12248.0,147.0
14194,222,1226.0,185.0
14195,222,119.0,114.0
14196,222,130.0,245.0
14197,222,101.0,196.0
14198,222,2232.0,123.0
14199,222,3144.0,122.0
14200,222,1529.0,115.0
14201,222,344.0,118.0
14202,222,510.0,182.0
14203,222,1526.0,124.0
14204,222,2570.0,185.0
14205,222,7458.0,249.0
14206,222,76.0,242.0
14207,221,7.0,118.0
14208,221,337.0,138.0
14209,221,35.0,118.0
14210,221,122.0,214.0
14211,221,304330.0,466.0
14212,221,32021.0,382.0
14213,221,32.0,118.0
14214,221,1003.0,110.0
14215,221,1627.0,124.0
14216,221,464.0,351.0
14217,221,2607.0,120.0
14218,220,263.0,144.0
14219,220,3397.0,210.0
14220,220,801.0,201.0
14221,220,325.0,166.0
14222,220,12.0,233.0
14223,220,26073.0,144.0
14224,220,2235.0,144.0
14225,220,3036.0,144.0
14226,219,18117.0,144.0
14227,219,34.0,122.0
14228,219,304029.0,458.0
14229,219,14189.0,126.0
14230,219,274.0,186.0
14231,219,21.0,112.0
14232,218,169.0,193.0
14233,218,3733.0,159.0
14234,218,520.0,127.0
14235,218,628.0,182.0
14236,218,492.0,182.0
14237,218,463.0,182.0
14238,218,940.0,112.0
14239,218,967.0,182.0
14240,218,20.0,114.0
14241,218,707.0,203.0
14242,218,877.0,119.0
14243,218,17323.0,202.0
14244,218,1982.0,176.0
14245,218,1061.0,128.0
14246,217,6174.0,181.0
14247,217,187.0,132.0
14248,217,924.0,129.0
14249,217,29.0,119.0
14250,217,31.0,158.0
14251,217,114703.0,665.0
14252,217,1916.0,152.0
14253,217,1292.0,126.0
14254,217,3294.0,203.0
14255,217,1019.0,182.0
14256,217,184.0,181.0
14257,217,49.0,181.0
14258,217,23219.0,570.0
14259,216,10.0,182.0
14260,216,4637.0,201.0
14261,216,485.0,173.0
14262,216,396.0,110.0
14263,216,56810.0,313.0
14264,216,175.0,182.0
14265,216,243.0,195.0
14266,216,2966.0,130.0
14267,216,381.0,182.0
14268,216,64.0,182.0
14269,216,238.0,182.0
14270,216,257.0,126.0
14271,216,1642.0,122.0
14272,216,81184.0,71.0
14273,216,33.0,127.0
14274,216,296208.0,210.0
14275,216,346.0,182.0
14276,216,305.0,182.0
14277,216,214.0,124.0
14278,216,252.0,182.0
14279,216,255.0,119.0
14280,216,1214.0,115.0
14281,215,175.0,182.0
14282,215,371.0,187.0
14283,215,69.0,179.0
14284,215,996.0,101.0
14285,215,836.0,182.0
14286,215,638.0,171.0
14287,215,354.0,120.0
14288,215,142.0,182.0
14289,215,25592.0,196.0
14290,215,12606.0,263.0
14291,215,611.0,191.0
14292,215,1282.0,131.0
14293,214,19708.0,203.0
14294,214,32.0,120.0
14295,214,916.0,175.0
14296,214,11242.0,129.0
14297,214,20.0,117.0
14298,213,176.0,184.0
14299,213,16.0,135.0
14300,213,63.0,135.0
14301,213,813.0,119.0
14302,213,41.0,226.0
14303,213,228.0,181.0
14304,213,63774.0,196.0
14305,213,349.0,123.0
14306,213,3925.0,225.0
14307,213,40270.0,225.0
14308,213,180.0,182.0
14309,213,1663.0,275.0
14310,212,400.0,180.0
14311,212,238.0,132.0
14312,212,1896.0,110.0
14313,212,137.0,138.0
14314,212,319.0,163.0
14315,212,83.0,110.0
14316,212,1165.0,145.0
14317,211,26.0,187.0
14318,211,212.0,177.0
14319,211,227.0,216.0
14320,211,63378.0,117.0
14321,211,114.0,185.0
14322,210,4169.0,119.0
14323,210,8126.0,127.0
14324,210,6.0,118.0
14325,210,10.0,221.0
14326,210,1477.0,188.0
14327,210,697.0,323.0
14328,210,45.0,157.0
14329,210,8.0,118.0
14330,210,172.0,130.0
14331,210,3202.0,125.0
14332,210,247.0,179.0
14333,210,11905.0,241.0
14334,209,47.0,112.0
14335,209,1808.0,112.0
14336,209,114.0,155.0
14337,209,811.0,225.0
14338,209,13.0,110.0
14339,209,51.0,154.0
14340,209,131.0,115.0
14341,209,52.0,226.0
14342,208,91.0,140.0
14343,208,270.0,141.0
14344,208,332.0,213.0
14345,208,57.0,139.0
14346,208,4204.0,110.0
14347,208,388.0,104.0
14348,208,98.0,223.0
14349,208,1942.0,202.0
14350,208,1281.0,118.0
14351,208,8.0,122.0
14352,208,213.0,177.0
14353,208,69.0,139.0
14354,208,235.0,128.0
14355,207,19.0,124.0
14356,207,3674.0,126.0
14357,207,9054.0,212.0
14358,207,14684.0,352.0
14359,207,22950.0,152.0
14360,207,1348.0,213.0
14361,207,146.0,116.0
14362,207,16842.0,120.0
14363,207,414.0,122.0
14364,207,4436.0,126.0
14365,207,1342.0,213.0
14366,206,445.0,121.0
14367,206,1734.0,152.0
14368,206,20.0,114.0
14369,206,258.0,203.0
14370,206,2701.0,148.0
14371,206,185.0,105.0
14372,206,32.0,204.0
14373,206,1194.0,215.0
14374,206,3140.0,142.0
14375,206,11.0,117.0
14376,206,106.0,476.0
14377,206,280.0,131.0
14378,205,339.0,252.0
14379,205,312.0,476.0
14380,205,11364.0,143.0
14381,205,162.0,196.0
14382,205,14356.0,177.0
14383,204,1533.0,180.0
14384,204,174.0,284.0
14385,204,116.0,181.0
14386,204,45.0,181.0
14387,204,1489.0,255.0
14388,204,317.0,179.0
14389,204,2717.0,224.0
14390,203,22.0,221.0
14391,203,1497.0,125.0
14392,203,9.0,183.0
14393,203,51.0,139.0
14394,203,332.0,221.0
14395,203,57.0,199.0
14396,203,1184.0,161.0
14397,203,58.0,199.0
14398,203,144.0,109.0
14399,203,10122.0,220.0
14400,202,84.0,222.0
14401,202,45.0,102.0
14402,202,343.0,112.0
14403,202,27.0,191.0
14404,202,670.0,181.0
14405,202,9860.0,271.0
14406,202,4556.0,140.0
14407,202,5427.0,193.0
14408,202,811.0,140.0
14409,202,365.0,115.0
14410,202,579.0,115.0
14411,202,1915.0,115.0
14412,202,8.0,233.0
14413,202,34.0,217.0
14414,202,16120.0,178.0
14415,202,3239.0,145.0
14416,202,99.0,100.0
14417,202,65.0,183.0
14418,202,72.0,222.0
14419,202,897.0,182.0
14420,201,1252.0,103.0
14421,201,551.0,117.0
14422,201,50.0,182.0
14423,201,1945.0,158.0
14424,201,611.0,210.0
14425,201,34.0,128.0
14426,201,49.0,203.0
14427,201,285.0,154.0
14428,201,91.0,182.0
14429,201,1503.0,169.0
14430,200,30.0,149.0
14431,200,15.0,129.0
14432,200,123.0,169.0
14433,200,7674.0,245.0
14434,200,33426.0,184.0
14435,200,332.0,199.0
14436,200,78.0,187.0
14437,200,1158.0,139.0
14438,200,443.0,207.0
14439,200,666.0,166.0
14440,200,8183.0,142.0
14441,200,1446.0,157.0
14442,200,13240.0,237.0
14443,199,170.0,146.0
14444,199,61.0,95.0
14445,199,1991.0,128.0
14446,199,82.0,127.0
14447,199,496.0,190.0
14448,199,61.0,167.0
14449,199,50.0,138.0
14450,199,3167.0,131.0
14451,199,47.0,235.0
14452,199,65.0,183.0
14453,199,172.0,306.0
14454,198,98.0,221.0
14455,198,37387.0,142.0
14456,198,3.0,119.0
14457,198,1738.0,180.0
14458,198,146.0,123.0
14459,198,17.0,127.0
14460,198,34772.0,180.0
14461,198,1300.0,178.0
14462,198,36125.0,260.0
14463,198,618.0,123.0
14464,198,124.0,187.0
14465,198,1391.0,132.0
14466,198,479.0,206.0
14467,198,161.0,122.0
14468,198,1071.0,189.0
14469,198,43438.0,121.0
14470,198,65.0,139.0
14471,198,1557.0,178.0
14472,198,1719.0,174.0
14473,198,95471.0,193.0
14474,197,183.0,89.0
14475,197,129.0,181.0
14476,196,707.0,201.0
14477,196,684.0,115.0
14478,196,1305.0,108.0
14479,196,842.0,145.0
14480,196,4.0,128.0
14481,196,186.0,126.0
14482,196,8084.0,170.0
14483,196,6.0,107.0
14484,196,10900.0,258.0
14485,195,3540.0,123.0
14486,195,2823.0,116.0
14487,195,40.0,126.0
14488,195,21.0,186.0
14489,195,32.0,213.0
14490,195,9330.0,126.0
14491,195,173.0,126.0
14492,195,1974.0,206.0
14493,195,531.0,144.0
14494,195,4645.0,127.0
14495,195,8270.0,110.0
14496,195,67.0,192.0
14497,195,70.0,178.0
14498,195,18.0,190.0
14499,195,216.0,192.0
14500,194,2.0,129.0
14501,194,65.0,124.0
14502,194,625.0,123.0
14503,194,84.0,116.0
14504,194,90.0,226.0
14505,194,426.0,112.0
14506,194,263.0,206.0
14507,194,49.0,138.0
14508,194,4094.0,102.0
14509,194,4021.0,102.0
14510,194,298.0,144.0
14511,194,326.0,121.0
14512,194,3010.0,185.0
14513,194,232.0,200.0
14514,193,4936.0,131.0
14515,193,10132.0,141.0
14516,193,672.0,116.0
14517,193,1556.0,120.0
14518,193,212.0,144.0
14519,193,7159.0,220.0
14520,193,1919.0,130.0
14521,193,2958.0,144.0
14522,193,31.0,219.0
14523,193,167.0,120.0
14524,193,30.0,186.0
14525,193,452.0,123.0
14526,193,65.0,216.0
14527,192,1239.0,248.0
14528,192,1601.0,125.0
14529,192,156.0,136.0
14530,192,633.0,184.0
14531,192,2700.0,191.0
14532,192,259.0,86.0
14533,192,5399.0,156.0
14534,192,4994.0,159.0
14535,192,1391.0,191.0
14536,192,280.0,144.0
14537,192,933.0,129.0
14538,192,111.0,223.0
14539,192,1659.0,142.0
14540,192,1216.0,182.0
14541,192,669.0,129.0
14542,192,8295.0,149.0
14543,192,1218.0,199.0
14544,192,112.0,139.0
14545,192,23.0,182.0
14546,192,632.0,175.0
14547,192,406.0,131.0
14548,192,547.0,116.0
14549,192,20.0,141.0
14550,192,875.0,397.0
14551,192,653.0,201.0
14552,192,1038.0,187.0
14553,192,13968.0,108.0
14554,192,0.0,119.0
14555,192,15.0,223.0
14556,192,53.0,123.0
14557,192,766.0,142.0
14558,192,1589.0,260.0
14559,192,18.0,190.0
14560,192,1055.0,185.0
14561,192,44.0,141.0
14562,192,547.0,201.0
14563,192,95.0,196.0
14564,192,23.0,139.0
14565,192,378.0,121.0
14566,192,55.0,222.0
14567,191,10.0,139.0
14568,191,969.0,151.0
14569,191,1746.0,201.0
14570,191,47.0,161.0
14571,191,20.0,192.0
14572,191,41.0,196.0
14573,191,10036.0,122.0
14574,191,269.0,132.0
14575,191,231112.0,123.0
14576,191,119.0,131.0
14577,191,250.0,131.0
14578,191,4302.0,195.0
14579,191,789.0,206.0
14580,191,1216.0,387.0
14581,191,129.0,124.0
14582,191,2435.0,133.0
14583,191,61.0,120.0
14584,190,1489.0,211.0
14585,190,4356.0,476.0
14586,190,994.0,96.0
14587,190,140.0,190.0
14588,190,301.0,171.0
14589,189,158.0,192.0
14590,189,584.0,124.0
14591,189,695.0,124.0
14592,189,156.0,165.0
14593,189,687.0,124.0
14594,189,417.0,101.0
14595,189,14.0,195.0
14596,189,9.0,122.0
14597,189,11.0,179.0
14598,189,138.0,91.0
14599,189,13.0,139.0
14600,188,16.0,193.0
14601,188,46.0,185.0
14602,188,233.0,177.0
14603,188,117.0,120.0
14604,188,177.0,125.0
14605,188,23.0,139.0
14606,188,27.0,139.0
14607,188,1473.0,107.0
14608,188,277.0,181.0
14609,188,4529.0,185.0
14610,188,29.0,193.0
14611,188,224.0,120.0
14612,188,158.0,201.0
14613,187,3466.0,276.0
14614,187,126.0,123.0
14615,187,912.0,131.0
14616,187,65.0,144.0
14617,187,111.0,125.0
14618,187,602.0,144.0
14619,187,77.0,138.0
14620,187,11938.0,276.0
14621,187,2937.0,276.0
14622,187,3168.0,276.0
14623,187,213.0,206.0
14624,186,72.0,123.0
14625,186,1462.0,139.0
14626,186,503.0,155.0
14627,186,344.0,216.0
14628,186,64.0,203.0
14629,186,42.0,179.0
14630,186,142.0,134.0
14631,185,672.0,129.0
14632,185,522.0,158.0
14633,185,519.0,134.0
14634,185,97.0,158.0
14635,185,1087.0,125.0
14636,185,52.0,128.0
14637,185,734.0,129.0
14638,185,95.0,193.0
14639,185,267.0,158.0
14640,185,1899.0,210.0
14641,185,1618.0,175.0
14642,185,323.0,181.0
14643,185,2714.0,200.0
14644,185,482.0,325.0
14645,185,16295.0,213.0
14646,184,430.0,181.0
14647,184,248.0,202.0
14648,184,850.0,116.0
14649,184,279.0,162.0
14650,184,57.0,133.0
14651,184,4911.0,181.0
14652,184,12.0,179.0
14653,183,3548.0,122.0
14654,183,160.0,139.0
14655,183,13.0,113.0
14656,183,120518.0,154.0
14657,183,113696.0,154.0
14658,183,477.0,182.0
14659,182,1056.0,126.0
14660,182,13723.0,190.0
14661,182,840.0,116.0
14662,182,1315.0,126.0
14663,182,125.0,141.0
14664,182,114.0,227.0
14665,182,972.0,184.0
14666,182,77.0,129.0
14667,181,3731.0,195.0
14668,181,1.0,125.0
14669,181,171.0,121.0
14670,181,10525.0,379.0
14671,181,1406.0,122.0
14672,181,141.0,235.0
14673,181,152.0,121.0
14674,181,1324.0,688.0
14675,181,57.0,121.0
14676,181,1327.0,125.0
14677,181,33727.0,242.0
14678,181,51210.0,212.0
14679,181,87.0,157.0
14680,181,14.0,117.0
14681,181,377.0,128.0
14682,181,1212.0,209.0
14683,180,136.0,191.0
14684,180,62.0,119.0
14685,180,5641.0,151.0
14686,180,2260.0,117.0
14687,180,25.0,139.0
14688,180,2486.0,97.0
14689,180,106.0,171.0
14690,180,4872.0,122.0
14691,180,634.0,75.0
14692,180,979.0,144.0
14693,180,1.0,132.0
14694,180,921.0,149.0
14695,180,8.0,233.0
14696,180,121.0,123.0
14697,180,9868.0,120.0
14698,180,704.0,116.0
14699,180,18.0,115.0
14700,180,1429.0,137.0
14701,180,1.0,110.0
14702,180,394.0,284.0
14703,180,445.0,154.0
14704,180,1178.0,197.0
14705,179,283.0,132.0
14706,179,14.0,329.0
14707,179,5811.0,198.0
14708,179,0.0,126.0
14709,179,357.0,144.0
14710,179,154.0,181.0
14711,179,1310.0,182.0
14712,179,37.0,192.0
14713,179,33403.0,212.0
14714,179,309.0,122.0
14715,179,208.0,120.0
14716,178,371.0,118.0
14717,178,342.0,131.0
14718,178,128.0,337.0
14719,178,316.0,129.0
14720,178,208.0,195.0
14721,178,233.0,195.0
14722,178,11.0,138.0
14723,178,372.0,114.0
14724,178,47.0,105.0
14725,178,84.0,118.0
14726,178,10318.0,203.0
14727,178,193.0,192.0
14728,177,328.0,122.0
14729,177,107.0,186.0
14730,177,372.0,150.0
14731,177,4280.0,166.0
14732,177,158.0,229.0
14733,177,363.0,122.0
14734,177,209.0,208.0
14735,177,1382.0,127.0
14736,177,2439.0,96.0
14737,177,2701.0,201.0
14738,177,6322.0,255.0
14739,177,9915.0,135.0
14740,177,40143.0,134.0
14741,177,1986.0,130.0
14742,176,8591.0,178.0
14743,176,6284.0,117.0
14744,176,145.0,134.0
14745,176,196.0,182.0
14746,176,351.0,225.0
14747,176,139.0,119.0
14748,176,798.0,176.0
14749,176,361.0,160.0
14750,176,236.0,96.0
14751,176,5.0,133.0
14752,176,55.0,133.0
14753,176,794.0,135.0
14754,176,635.0,180.0
14755,175,10584.0,486.0
14756,175,308.0,160.0
14757,175,43.0,124.0
14758,175,28.0,117.0
14759,175,7.0,190.0
14760,175,174.0,137.0
14761,175,90.0,122.0
14762,175,2361.0,129.0
14763,175,6059.0,179.0
14764,175,10657.0,265.0
14765,175,38.0,194.0
14766,175,926.0,244.0
14767,175,2199.0,162.0
14768,175,9.0,183.0
14769,174,11787.0,268.0
14770,174,10265.0,260.0
14771,174,11.0,118.0
14772,174,413.0,185.0
14773,174,857.0,154.0
14774,174,541.0,196.0
14775,174,33.0,140.0
14776,174,223.0,175.0
14777,174,341122.0,961.0
14778,174,8833.0,177.0
14779,174,4226.0,177.0
14780,174,5814.0,177.0
14781,174,9.0,177.0
14782,174,1609.0,104.0
14783,174,185.0,369.0
14784,174,530.0,167.0
14785,173,162.0,134.0
14786,173,300068.0,126.0
14787,173,32.0,207.0
14788,173,19.0,195.0
14789,173,215.0,155.0
14790,173,472.0,159.0
14791,173,2573.0,178.0
14792,173,423.0,129.0
14793,173,32.0,139.0
14794,173,13.0,193.0
14795,173,599.0,184.0
14796,173,13232.0,268.0
14797,173,60.0,177.0
14798,173,2960.0,160.0
14799,173,96.0,181.0
14800,172,359.0,196.0
14801,172,1174.0,124.0
14802,172,140.0,151.0
14803,172,521.0,122.0
14804,172,115.0,165.0
14805,172,60.0,195.0
14806,172,2717.0,132.0
14807,172,463.0,129.0
14808,171,1206.0,219.0
14809,171,861.0,180.0
14810,171,2122.0,180.0
14811,171,210.0,214.0
14812,171,3923.0,117.0
14813,171,1713.0,171.0
14814,171,32.0,190.0
14815,171,133.0,185.0
14816,171,1230.0,195.0
14817,171,174.0,193.0
14818,171,76.0,174.0
14819,171,5317.0,202.0
14820,171,5410.0,141.0
14821,171,1204.0,174.0
14822,171,565.0,105.0
14823,171,191.0,117.0
14824,171,6744.0,94.0
14825,171,1648.0,177.0
14826,170,27843.0,391.0
14827,170,3710.0,114.0
14828,170,2225.0,133.0
14829,170,127.0,180.0
14830,170,1662.0,134.0
14831,170,1302.0,136.0
14832,170,328.0,188.0
14833,170,179.0,231.0
14834,170,1160.0,140.0
14835,170,2045.0,100.0
14836,170,115.0,185.0
14837,170,15.0,195.0
14838,169,9934.0,131.0
14839,169,4229.0,176.0
14840,169,42.0,144.0
14841,169,576.0,136.0
14842,169,4946.0,131.0
14843,169,8036.0,195.0
14844,169,50.0,112.0
14845,169,3735.0,131.0
14846,169,195.0,158.0
14847,168,5.0,141.0
14848,168,383.0,184.0
14849,168,3265.0,187.0
14850,168,39.0,193.0
14851,168,2.0,138.0
14852,168,4120.0,128.0
14853,168,189.0,177.0
14854,168,525.0,193.0
14855,168,1018.0,128.0
14856,168,139.0,179.0
14857,168,3216.0,151.0
14858,168,3203.0,151.0
14859,168,2.0,129.0
14860,168,176.0,263.0
14861,168,3020.0,185.0
14862,168,1196.0,126.0
14863,168,330.0,196.0
14864,168,527.0,189.0
14865,168,107.0,186.0
14866,168,1378.0,86.0
14867,168,186.0,155.0
14868,168,4.0,113.0
14869,168,3065.0,220.0
14870,168,186.0,202.0
14871,168,383.0,197.0
14872,168,10.0,118.0
14873,168,50.0,118.0
14874,168,2933.0,170.0
14875,168,449.0,100.0
14876,167,136.0,119.0
14877,167,112.0,119.0
14878,167,26500.0,392.0
14879,167,1878.0,128.0
14880,167,2061.0,134.0
14881,167,25.0,122.0
14882,167,1126.0,195.0
14883,167,168.0,180.0
14884,167,717.0,132.0
14885,167,4821.0,185.0
14886,167,151.0,183.0
14887,167,52.0,189.0
14888,167,18.0,476.0
14889,167,1730.0,180.0
14890,167,62.0,170.0
14891,167,146.0,123.0
14892,166,780.0,139.0
14893,166,1104.0,134.0
14894,166,29.0,193.0
14895,166,1010.0,136.0
14896,166,459.0,292.0
14897,166,1405.0,133.0
14898,166,645.0,185.0
14899,166,961.0,136.0
14900,166,160070.0,218.0
14901,166,44.0,120.0
14902,166,658.0,255.0
14903,166,1786.0,185.0
14904,166,28.0,177.0
14905,166,25.0,154.0
14906,166,119.0,176.0
14907,166,31756.0,177.0
14908,165,68.0,111.0
14909,165,1187.0,133.0
14910,165,740.0,161.0
14911,165,1180.0,134.0
14912,165,1153.0,132.0
14913,165,11549.0,185.0
14914,165,439.0,193.0
14915,165,1272.0,130.0
14916,165,1195.0,118.0
14917,165,1.0,189.0
14918,165,951.0,134.0
14919,165,1242.0,152.0
14920,165,1902.0,141.0
14921,165,652.0,125.0
14922,165,1000.0,137.0
14923,165,1256.0,138.0
14924,165,57.0,158.0
14925,165,259.0,177.0
14926,165,100.0,199.0
14927,165,2660.0,133.0
14928,165,863.0,142.0
14929,165,1234.0,129.0
14930,165,1046.0,129.0
14931,165,18.0,119.0
14932,165,1185.0,132.0
14933,165,2.0,111.0
14934,164,96.0,131.0
14935,164,724.0,132.0
14936,164,10562.0,183.0
14937,164,972.0,136.0
14938,164,1222.0,128.0
14939,164,60.0,162.0
14940,164,348.0,105.0
14941,164,11862.0,235.0
14942,164,38.0,187.0
14943,164,737.0,172.0
14944,164,516.0,119.0
14945,164,1760.0,126.0
14946,164,2840.0,164.0
14947,164,82.0,187.0
14948,164,495.0,190.0
14949,164,890.0,136.0
14950,164,619.0,193.0
14951,164,1211.0,136.0
14952,164,1221.0,139.0
14953,164,590.0,115.0
14954,164,286.0,306.0
14955,164,69.0,187.0
14956,164,35837.0,193.0
14957,164,290.0,128.0
14958,164,1384.0,135.0
14959,164,1045.0,131.0
14960,164,12.0,193.0
14961,164,66123.0,214.0
14962,164,11.0,193.0
14963,164,1176.0,138.0
14964,163,467.0,129.0
14965,163,83.0,203.0
14966,163,1103.0,203.0
14967,163,8698.0,130.0
14968,163,3640.0,130.0
14969,163,3843.0,130.0
14970,163,91.0,96.0
14971,163,5749.0,261.0
14972,163,86912.0,159.0
14973,163,1344.0,129.0
14974,163,968.0,135.0
14975,163,13.0,235.0
14976,163,7.0,129.0
14977,163,1147.0,137.0
14978,163,848.0,136.0
14979,163,14545.0,112.0
14980,163,1673.0,132.0
14981,163,348.0,123.0
14982,163,966.0,141.0
14983,163,4724.0,127.0
14984,163,865.0,134.0
14985,163,906.0,143.0
14986,163,1116.0,135.0
14987,163,1284.0,132.0
14988,163,1066.0,137.0
14989,163,136.0,188.0
14990,163,1893.0,134.0
14991,162,6974.0,311.0
14992,162,705.0,132.0
14993,162,97777.0,180.0
14994,162,1456.0,135.0
14995,162,6903.0,122.0
14996,162,646.0,113.0
14997,162,1174.0,119.0
14998,162,13318.0,268.0
14999,162,1081.0,135.0
15000,162,4042.0,129.0
15001,162,9851.0,129.0
15002,162,648.0,129.0
15003,162,735.0,153.0
15004,162,264.0,203.0
15005,162,1362.0,172.0
15006,162,4439.0,129.0
15007,162,10299.0,122.0
15008,162,213.0,214.0
15009,162,267.0,134.0
15010,162,228.0,199.0
15011,162,4261.0,201.0
15012,162,67.0,120.0
15013,162,3557.0,230.0
15014,162,26.0,165.0
15015,162,3250.0,182.0
15016,162,594.0,142.0
15017,162,1321.0,135.0
15018,162,60206.0,213.0
15019,162,1672.0,181.0
15020,161,25.0,203.0
15021,161,3.0,137.0
15022,161,106.0,123.0
15023,161,12342.0,265.0
15024,161,1168.0,129.0
15025,161,951.0,135.0
15026,161,29652.0,401.0
15027,161,570.0,135.0
15028,161,205.0,213.0
15029,161,873.0,115.0
15030,161,538.0,203.0
15031,160,3628.0,112.0
15032,160,765.0,119.0
15033,160,456.0,129.0
15034,160,1224.0,170.0
15035,160,12025.0,145.0
15036,160,31.0,117.0
15037,160,540027.0,181.0
15038,160,1333.0,133.0
15039,160,205.0,213.0
15040,160,107.0,91.0
15041,160,149.0,134.0
15042,160,183.0,227.0
15043,160,5227.0,131.0
15044,160,1390.0,133.0
15045,160,4222.0,219.0
15046,160,5200.0,148.0
15047,160,4881.0,142.0
15048,160,2384.0,158.0
15049,160,1026.0,476.0
15050,160,1421.0,209.0
15051,160,182.0,182.0
15052,160,222.0,172.0
15053,160,1793.0,184.0
15054,160,22.0,221.0
15055,160,290.0,111.0
15056,160,164.0,121.0
15057,160,160.0,115.0
15058,160,43.0,119.0
15059,160,13.0,181.0
15060,160,27.0,197.0
15061,160,4377.0,189.0
15062,159,211.0,105.0
15063,159,77.0,94.0
15064,159,968.0,134.0
15065,159,1677.0,152.0
15066,159,14.0,142.0
15067,159,207.0,142.0
15068,159,10.0,142.0
15069,159,1772.0,108.0
15070,159,109.0,116.0
15071,159,3.0,193.0
15072,159,1266.0,195.0
15073,159,196.0,146.0
15074,159,160.0,160.0
15075,159,266.0,89.0
15076,159,5828.0,125.0
15077,159,213.0,119.0
15078,159,375.0,89.0
15079,159,966.0,135.0
15080,159,7.0,142.0
15081,159,67.0,131.0
15082,159,26.0,158.0
15083,158,105.0,195.0
15084,158,15344.0,139.0
15085,158,5026.0,216.0
15086,158,220.0,185.0
15087,158,6904.0,145.0
15088,158,40.0,195.0
15089,158,148283.0,203.0
15090,158,62.0,195.0
15091,158,4805.0,127.0
15092,158,150.0,177.0
15093,158,561.0,139.0
15094,158,36.0,117.0
15095,158,4559.0,235.0
15096,158,829.0,162.0
15097,158,85.0,185.0
15098,158,486.0,210.0
15099,158,629.0,126.0
15100,158,3023.0,248.0
15101,158,19.0,142.0
15102,157,767.0,149.0
15103,157,86.0,139.0
15104,157,150.0,183.0
15105,157,32757.0,177.0
15106,157,249.0,169.0
15107,157,13061.0,270.0
15108,157,48.0,124.0
15109,157,1112.0,134.0
15110,157,159.0,201.0
15111,157,1654.0,143.0
15112,157,1017.0,137.0
15113,157,73817.0,205.0
15114,157,1306.0,147.0
15115,157,1540.0,125.0
15116,157,37.0,199.0
15117,157,2658.0,128.0
15118,157,1119.0,134.0
15119,157,1379.0,132.0
15120,157,575.0,185.0
15121,156,146.0,217.0
15122,156,14.0,190.0
15123,156,373.0,126.0
15124,156,40.0,199.0
15125,156,11244.0,212.0
15126,156,319.0,103.0
15127,156,14161.0,162.0
15128,156,617.0,217.0
15129,156,30.0,137.0
15130,156,2315.0,187.0
15131,156,2569.0,137.0
15132,156,998.0,136.0
15133,156,141.0,214.0
15134,156,482.0,122.0
15135,156,77.0,53.0
15136,156,389.0,205.0
15137,156,23.0,125.0
15138,156,1199.0,195.0
15139,156,225.0,133.0
15140,156,487.0,181.0
15141,156,2380.0,117.0
15142,156,3689.0,122.0
15143,156,59.0,91.0
15144,156,1405.0,133.0
15145,156,49.0,177.0
15146,156,484.0,135.0
15147,156,2036.0,164.0
15148,156,2646.0,100.0
15149,155,46903.0,197.0
15150,155,3.0,126.0
15151,155,674.0,197.0
15152,155,2815.0,197.0
15153,155,163.0,197.0
15154,155,59.0,133.0
15155,155,1566.0,131.0
15156,155,2999.0,187.0
15157,155,248.0,141.0
15158,155,487.0,190.0
15159,155,1182.0,136.0
15160,155,351823.0,188.0
15161,155,238.0,52.0
15162,155,43864.0,132.0
15163,155,28965.0,541.0
15164,155,1056.0,122.0
15165,155,20.0,134.0
15166,155,626.0,197.0
15167,155,2652.0,197.0
15168,155,157.0,197.0
15169,155,2730.0,115.0
15170,154,1527.0,179.0
15171,154,114.0,134.0
15172,154,326.0,197.0
15173,154,4786.0,122.0
15174,154,1263.0,263.0
15175,154,304.0,227.0
15176,154,343.0,197.0
15177,154,1039.0,134.0
15178,154,351.0,257.0
15179,154,33.0,162.0
15180,154,669.0,113.0
15181,154,398.0,120.0
15182,154,450.0,263.0
15183,154,30437.0,128.0
15184,154,301.0,170.0
15185,154,2359.0,175.0
15186,154,1095.0,205.0
15187,154,8425.0,143.0
15188,154,92.0,203.0
15189,153,13521.0,238.0
15190,153,8525.0,142.0
15191,153,11467.0,247.0
15192,153,35.0,227.0
15193,153,31903.0,177.0
15194,153,29838.0,203.0
15195,153,423.0,153.0
15196,153,930.0,131.0
15197,153,126.0,131.0
15198,153,11292.0,303.0
15199,153,796.0,303.0
15200,153,43.0,119.0
15201,153,1199.0,128.0
15202,153,1547.0,133.0
15203,153,220.0,133.0
15204,153,1264.0,159.0
15205,153,790.0,132.0
15206,153,1523.0,122.0
15207,152,23632.0,201.0
15208,152,32.0,126.0
15209,152,2200.0,100.0
15210,152,5113.0,193.0
15211,152,447.0,122.0
15212,152,505.0,121.0
15213,152,4866.0,122.0
15214,152,86.0,138.0
15215,152,4624.0,122.0
15216,152,545.0,203.0
15217,152,435.0,122.0
15218,152,30.0,188.0
15219,152,550.0,122.0
15220,152,5866.0,122.0
15221,152,78415.0,139.0
15222,152,970.0,122.0
15223,152,67.0,205.0
15224,152,1746.0,122.0
15225,151,98.0,193.0
15226,151,92.0,115.0
15227,151,151846.0,205.0
15228,151,23206.0,194.0
15229,151,2206.0,130.0
15230,151,1766.0,115.0
15231,151,10243.0,231.0
15232,151,76848.0,120.0
15233,151,97.0,177.0
15234,151,1291.0,143.0
15235,151,444.0,182.0
15236,151,14.0,138.0
15237,151,3500.0,137.0
15238,151,2951.0,206.0
15239,151,4.0,161.0
15240,151,9985.0,224.0
15241,151,443.0,179.0
15242,151,1557.0,197.0
15243,151,261.0,103.0
15244,151,11.0,197.0
15245,150,25.0,193.0
15246,150,24052.0,126.0
15247,150,284.0,120.0
15248,150,4.0,146.0
15249,150,607.0,202.0
15250,150,100.0,198.0
15251,150,251.0,182.0
15252,150,191.0,201.0
15253,150,207.0,98.0
15254,150,624.0,93.0
15255,150,28369.0,187.0
15256,150,154.0,172.0
15257,150,13.0,96.0
15258,150,49.0,129.0
15259,150,300169.0,117.0
15260,150,127.0,186.0
15261,150,21.0,167.0
15262,150,1500.0,203.0
15263,150,388.0,208.0
15264,150,101.0,180.0
15265,149,2672.0,100.0
15266,149,1167.0,195.0
15267,149,1208.0,194.0
15268,149,92880.0,904.0
15269,149,44.0,182.0
15270,149,579.0,152.0
15271,149,4875.0,124.0
15272,149,73.0,94.0
15273,149,870.0,94.0
15274,149,100641.0,642.0
15275,149,121.0,94.0
15276,149,10.0,108.0
15277,149,284.0,210.0
15278,149,292.0,209.0
15279,149,744.0,139.0
15280,149,12.0,127.0
15281,149,66.0,93.0
15282,149,234.0,144.0
15283,149,23893.0,200.0
15284,149,3474.0,195.0
15285,148,9127.0,178.0
15286,148,444.0,181.0
15287,148,187356.0,126.0
15288,148,7220.0,100.0
15289,148,141.0,134.0
15290,148,9496.0,134.0
15291,148,2446.0,100.0
15292,148,117.0,105.0
15293,148,760.0,223.0
15294,148,23103.0,190.0
15295,148,51.0,196.0
15296,148,12193.0,245.0
15297,148,7328.0,135.0
15298,148,825.0,108.0
15299,148,9375.0,173.0
15300,148,170.0,119.0
15301,148,635.0,127.0
15302,148,28.0,162.0
15303,148,146.0,123.0
15304,148,275841.0,642.0
15305,148,9316.0,173.0
15306,148,9058.0,92.0
15307,147,150.0,203.0
15308,147,8.0,127.0
15309,147,1082.0,228.0
15310,147,3113.0,129.0
15311,147,174.0,181.0
15312,147,108.0,162.0
15313,147,1278.0,203.0
15314,147,74902.0,173.0
15315,147,657.0,134.0
15316,147,9361.0,173.0
15317,147,9031.0,173.0
15318,147,258.0,196.0
15319,147,2169.0,136.0
15320,147,9320.0,173.0
15321,147,29124.0,961.0
15322,147,19.0,205.0
15323,147,9075.0,255.0
15324,147,31640.0,961.0
15325,147,51635.0,189.0
15326,147,31636.0,961.0
15327,147,304.0,182.0
15328,147,662.0,124.0
15329,147,1141.0,195.0
15330,147,1036.0,119.0
15331,147,25580.0,961.0
15332,146,20978.0,570.0
15333,146,29558.0,108.0
15334,146,4.0,124.0
15335,146,14533.0,108.0
15336,146,157.0,272.0
15337,146,15168.0,122.0
15338,146,383.0,122.0
15339,146,12277.0,145.0
15340,146,16851.0,145.0
15341,146,18267.0,153.0
15342,146,226233.0,149.0
15343,146,9245.0,207.0
15344,146,217.0,101.0
15345,146,156.0,142.0
15346,146,29546.0,208.0
15347,146,2729.0,182.0
15348,146,25.0,150.0
15349,146,31.0,137.0
15350,146,188.0,109.0
15351,146,99.0,137.0
15352,146,324.0,242.0
15353,146,1318.0,122.0
15354,146,275.0,415.0
15355,146,166.0,158.0
15356,145,153.0,184.0
15357,145,213.0,182.0
15358,145,111.0,124.0
15359,145,1718.0,187.0
15360,145,24458.0,278.0
15361,145,122.0,162.0
15362,145,3701.0,122.0
15363,145,1623.0,99.0
15364,145,21863.0,124.0
15365,145,5857.0,126.0
15366,145,148.0,195.0
15367,145,2192.0,189.0
15368,145,2522.0,122.0
15369,145,338.0,136.0
15370,145,637.0,154.0
15371,145,1238.0,154.0
15372,145,80532.0,901.0
15373,145,6752.0,187.0
15374,145,1317.0,103.0
15375,145,5749.0,196.0
15376,145,1677.0,228.0
15377,145,875.0,105.0
15378,145,16884.0,127.0
15379,145,15400.0,108.0
15380,145,1273.0,186.0
15381,145,153.0,202.0
15382,145,1695.0,100.0
15383,145,869.0,167.0
15384,145,31.0,138.0
15385,145,11792.0,138.0
15386,145,999.0,325.0
15387,145,30925.0,146.0
15388,145,722.0,324.0
15389,145,2211.0,132.0
15390,145,301.0,193.0
15391,145,2108.0,249.0
15392,145,6101.0,116.0
15393,145,1428.0,180.0
15394,145,1736.0,127.0
15395,145,996.0,182.0
15396,145,383.0,127.0
15397,145,23811.0,106.0
15398,145,287.0,169.0
15399,145,702.0,169.0
15400,145,101.0,181.0
15401,145,1654.0,168.0
15402,145,30625.0,182.0
15403,145,1365.0,112.0
15404,145,1120.0,180.0
15405,145,100038.0,119.0
15406,145,109.0,187.0
15407,145,9453.0,181.0
15408,145,1016.0,123.0
15409,145,1847.0,180.0
15410,145,636.0,192.0
15411,145,14796.0,271.0
15412,145,199.0,194.0
15413,145,25497.0,126.0
15414,145,230.0,200.0
15415,145,14236.0,153.0
15416,144,666.0,137.0
15417,144,32101.0,294.0
15418,144,300391.0,186.0
15419,144,39463.0,294.0
15420,144,7607.0,285.0
15421,144,57806.0,137.0
15422,144,442.0,148.0
15423,144,3435.0,106.0
15424,144,1691.0,106.0
15425,144,36509.0,201.0
15426,144,16011.0,183.0
15427,144,1225.0,329.0
15428,144,418.0,134.0
15429,144,32558.0,137.0
15430,144,32435.0,137.0
15431,144,35334.0,137.0
15432,144,34349.0,137.0
15433,144,33730.0,137.0
15434,144,94.0,329.0
15435,144,141.0,329.0
15436,144,89.0,329.0
15437,144,85.0,329.0
15438,144,2478.0,225.0
15439,144,1935.0,118.0
15440,144,204.0,186.0
15441,144,32572.0,137.0
15442,144,292.0,329.0
15443,144,215.0,236.0
15444,144,56553.0,137.0
15445,144,33210.0,137.0
15446,144,521.0,112.0
15447,144,243.0,112.0
15448,144,0.0,110.0
15449,144,4130.0,178.0
15450,144,19.0,183.0
15451,144,8690.0,139.0
15452,144,34054.0,137.0
15453,144,51.0,106.0
15454,144,7167.0,162.0
15455,144,328.0,140.0
15456,144,160.0,188.0
15457,144,837.0,195.0
15458,144,949.0,177.0
15459,144,25219.0,141.0
15460,144,435.0,115.0
15461,144,45.0,115.0
15462,144,1946.0,195.0
15463,144,0.0,135.0
15464,144,1797.0,133.0
15465,144,282.0,162.0
15466,144,45531.0,1032.0
15467,144,552.0,106.0
15468,144,1621.0,210.0
15469,144,33447.0,137.0
15470,144,33992.0,137.0
15471,144,33615.0,137.0
15472,144,32188.0,137.0
15473,144,58.0,192.0
15474,144,61273.0,324.0
15475,144,44.0,120.0
15476,144,59.0,120.0
15477,144,317.0,107.0
15478,144,896.0,146.0
15479,144,2520.0,325.0
15480,144,727.0,325.0
15481,144,26567.0,252.0
15482,144,123.0,129.0
15483,144,191.0,196.0
15484,144,15584.0,161.0
15485,144,131.0,192.0
15486,144,203.0,190.0
15487,144,7482.0,114.0
15488,144,244.0,138.0
15489,144,14538.0,137.0
15490,144,154.0,129.0
15491,144,1081.0,119.0
15492,144,862.0,140.0
15493,144,1081.0,209.0
15494,144,1229.0,234.0
15495,144,177.0,195.0
15496,144,141.0,166.0
15497,144,12392.0,142.0
15498,144,23473.0,234.0
15499,144,33589.0,137.0
15500,144,2632.0,199.0
15501,144,1038.0,114.0
15502,144,881.0,210.0
15503,144,5844.0,160.0
15504,144,37.0,320.0
15505,144,101.0,129.0
15506,144,82.0,131.0
15507,144,301250.0,510.0
15508,144,465.0,186.0
15509,144,34306.0,137.0
15510,144,35.0,131.0
15511,144,32453.0,137.0
15512,144,183.0,111.0
15513,144,33299.0,137.0
15514,144,304.0,120.0
15515,144,701.0,120.0
15516,144,33330.0,137.0
15517,144,504.0,186.0
15518,144,140.0,144.0
15519,144,436.0,100.0
15520,144,850.0,169.0
15521,144,862.0,169.0
15522,144,1246.0,169.0
15523,144,1156.0,169.0
15524,144,339.0,120.0
15525,144,666.0,120.0
15526,144,263.0,177.0
15527,144,2739.0,170.0
15528,144,495.0,129.0
15529,144,57.0,128.0
15530,144,215.0,272.0
15531,144,282.0,205.0
15532,144,1767.0,120.0
15533,144,173.0,117.0
15534,144,642.0,250.0
15535,144,293535.0,188.0
15536,144,1679.0,102.0
15537,144,1633.0,224.0
15538,144,1689.0,173.0
15539,144,1084.0,121.0
15540,144,286.0,194.0
15541,144,127.0,183.0
15542,144,124.0,198.0
15543,144,766.0,153.0
15544,144,10192.0,167.0
15545,144,33268.0,151.0
15546,144,436.0,100.0
15547,144,28.0,141.0
15548,144,60.0,141.0
15549,144,5690.0,134.0
15550,144,129.0,126.0
15551,144,21627.0,185.0
15552,144,5.0,118.0
15553,144,278.0,117.0
15554,144,33458.0,137.0
15555,144,609.0,144.0
15556,144,318.0,185.0
15557,144,1251.0,130.0
15558,144,1561.0,179.0
15559,144,184.0,132.0
15560,144,242.0,132.0
15561,144,2963.0,128.0
15562,144,16247.0,134.0
15563,144,13854.0,160.0
15564,144,5493.0,138.0
15565,144,947.0,179.0
15566,144,32.0,182.0
15567,144,2120.0,178.0
15568,144,1283.0,178.0
15569,144,559.0,182.0
15570,144,1070.0,179.0
15571,144,2033.0,174.0
15572,144,976.0,182.0
15573,144,514.0,182.0
15574,144,1896.0,175.0
15575,144,4802.0,121.0
15576,144,2055.0,161.0
15577,144,1058.0,324.0
15578,144,673.0,179.0
15579,144,1329.0,144.0
15580,144,1136.0,144.0
15581,144,128.0,138.0
15582,144,1018.0,190.0
15583,144,136.0,209.0
15584,144,96.0,203.0
15585,144,2141.0,129.0
15586,144,159.0,186.0
15587,144,200.0,198.0
15588,144,5.0,142.0
15589,144,1158.0,100.0
15590,144,1075.0,112.0
15591,144,137.0,133.0
15592,144,594.0,245.0
15593,144,90.0,276.0
15594,144,2586.0,98.0
15595,144,1142.0,99.0
15596,144,1742.0,99.0
15597,144,1010.0,99.0
15598,144,27.0,141.0
15599,144,939.0,100.0
15600,144,1733.0,100.0
15601,144,1077.0,100.0
15602,144,1982.0,189.0
15603,144,1692.0,189.0
15604,144,2896.0,128.0
15605,144,2137.0,100.0
15606,144,1745.0,152.0
15607,144,5734.0,152.0
15608,144,2935.0,163.0
15609,144,1803.0,117.0
15610,144,2202.0,115.0
15611,144,342.0,193.0
15612,144,4453.0,201.0
15613,144,27651.0,201.0
15614,144,3886.0,184.0
15615,144,926.0,96.0
15616,144,2024.0,96.0
15617,144,18102.0,102.0
15618,144,128.0,187.0
15619,144,1565.0,206.0
15620,144,1590.0,179.0
15621,144,964.0,179.0
15622,144,1489.0,211.0
15623,144,864.0,211.0
15624,144,194.0,189.0
15625,144,131.0,140.0
15626,144,1672.0,143.0
15627,144,1469.0,183.0
15628,144,385.0,124.0
15629,144,249.0,149.0
15630,144,1826.0,99.0
15631,144,11492.0,144.0
15632,144,58.0,136.0
15633,144,58.0,131.0
15634,144,1528.0,105.0
15635,144,128.0,162.0
15636,144,1210.0,129.0
15637,144,393.0,426.0
15638,144,19.0,185.0
15639,144,0.0,134.0
15640,144,1069.0,181.0
15641,144,430.0,131.0
15642,144,32970.0,137.0
15643,144,72.0,121.0
15644,144,79.0,127.0
15645,144,2684.0,186.0
15646,144,34665.0,137.0
15647,144,0.0,101.0
15648,144,343.0,233.0
15649,144,876.0,189.0
15650,144,829.0,123.0
15651,144,933.0,123.0
15652,144,2821.0,186.0
15653,144,1585.0,178.0
15654,144,1327.0,181.0
15655,144,729.0,181.0
15656,144,1458.0,180.0
15657,144,2157.0,181.0
15658,144,29694.0,137.0
15659,144,603.0,129.0
15660,144,5130.0,117.0
15661,144,3639.0,399.0
15662,144,2061.0,115.0
15663,144,177.0,129.0
15664,144,578.0,206.0
15665,144,52818.0,517.0
15666,144,4858.0,197.0
15667,144,1504.0,101.0
15668,144,185.0,118.0
15669,144,966.0,131.0
15670,144,4990.0,583.0
15671,144,660.0,116.0
15672,144,224.0,179.0
15673,144,4081.0,152.0
15674,144,3357.0,356.0
15675,144,230.0,107.0
15676,144,1493.0,583.0
15677,144,1472.0,101.0
15678,144,847.0,101.0
15679,144,2880.0,176.0
15680,144,118.0,116.0
15681,144,28.0,127.0
15682,144,1270.0,181.0
15683,144,5794.0,189.0
15684,144,33451.0,137.0
15685,144,1163.0,136.0
15686,144,35.0,127.0
15687,144,53.0,202.0
15688,144,802.0,343.0
15689,144,3590.0,363.0
15690,144,33252.0,137.0
15691,144,1146.0,325.0
15692,144,324.0,182.0
15693,144,604.0,325.0
15694,144,2348.0,178.0
15695,144,2039.0,93.0
15696,144,699.0,117.0
15697,144,601.0,125.0
15698,144,998.0,176.0
15699,144,4368.0,158.0
15700,144,264.0,122.0
15701,144,178.0,104.0
15702,144,2887.0,129.0
15703,144,1810.0,118.0
15704,144,32763.0,137.0
15705,144,371.0,188.0
15706,144,225.0,188.0
15707,144,943.0,188.0
15708,144,7586.0,160.0
15709,144,1069.0,113.0
15710,144,1514.0,165.0
15711,144,15111.0,130.0
15712,144,33810.0,137.0
15713,144,1936.0,157.0
15714,144,5765.0,126.0
15715,144,33437.0,137.0
15716,144,33883.0,137.0
15717,144,815.0,98.0
15718,144,2333.0,126.0
15719,144,2248.0,140.0
15720,144,12871.0,135.0
15721,144,33461.0,137.0
15722,144,783.0,134.0
15723,144,36058.0,137.0
15724,144,1732.0,117.0
15725,144,34612.0,137.0
15726,144,32571.0,137.0
15727,144,393.0,213.0
15728,144,33051.0,137.0
15729,144,294.0,119.0
15730,144,33394.0,137.0
15731,144,2475.0,176.0
15732,144,1991.0,189.0
15733,144,1901.0,197.0
15734,144,901.0,184.0
15735,144,1455.0,109.0
15736,144,1073.0,109.0
15737,144,1744.0,109.0
15738,144,55.0,109.0
15739,144,35.0,119.0
15740,144,1927.0,119.0
15741,144,312.0,120.0
15742,144,33791.0,137.0
15743,144,33606.0,137.0
15744,144,1671.0,101.0
15745,144,813.0,96.0
15746,144,41.0,122.0
15747,144,1689.0,184.0
15748,144,269.0,121.0
15749,144,13.0,121.0
15750,144,3906.0,210.0
15751,144,33301.0,137.0
15752,144,1653.0,153.0
15753,144,68032.0,407.0
15754,144,428.0,120.0
15755,144,457.0,213.0
15756,144,264.0,229.0
15757,144,33005.0,137.0
15758,144,1648.0,153.0
15759,144,177.0,111.0
15760,144,89.0,121.0
15761,144,1013.0,179.0
15762,144,1264.0,176.0
15763,144,733.0,176.0
15764,144,1895.0,175.0
15765,144,2618.0,101.0
15766,144,33114.0,137.0
15767,144,2650.0,127.0
15768,144,796.0,200.0
15769,144,892.0,121.0
15770,144,21914.0,278.0
15771,144,26136.0,278.0
15772,144,27735.0,278.0
15773,144,201785.0,278.0
15774,144,10226.0,121.0
15775,144,8550.0,192.0
15776,144,12332.0,192.0
15777,144,8304.0,192.0
15778,144,2525.0,99.0
15779,144,34431.0,137.0
15780,144,2050.0,101.0
15781,144,9474.0,192.0
15782,144,33348.0,137.0
15783,144,33215.0,137.0
15784,144,1731.0,126.0
15785,144,692.0,208.0
15786,144,34766.0,132.0
15787,144,32893.0,137.0
15788,144,17.0,127.0
15789,144,1103.0,185.0
15790,144,378.0,183.0
15791,144,1927.0,102.0
15792,144,1000.0,111.0
15793,144,2271.0,100.0
15794,144,7350.0,192.0
15795,144,30215.0,140.0
15796,144,32691.0,137.0
15797,144,2674.0,128.0
15798,144,0.0,137.0
15799,144,9285.0,209.0
15800,144,42.0,122.0
15801,144,986.0,186.0
15802,144,1504.0,183.0
15803,144,785.0,183.0
15804,144,223.0,127.0
15805,144,92.0,213.0
15806,144,12.0,127.0
15807,144,49.0,127.0
15808,144,33265.0,137.0
15809,144,33328.0,137.0
15810,144,1633.0,152.0
15811,144,4477.0,152.0
15812,144,1031.0,127.0
15813,144,1154.0,242.0
15814,144,15196.0,152.0
15815,144,403.0,182.0
15816,144,194.0,182.0
15817,144,334.0,182.0
15818,144,835.0,182.0
15819,144,184.0,205.0
15820,144,878.0,132.0
15821,144,975.0,182.0
15822,144,6958.0,220.0
15823,144,11975.0,207.0
15824,144,32524.0,294.0
15825,144,397.0,100.0
15826,144,366.0,142.0
15827,144,3271.0,170.0
15828,144,169.0,182.0
15829,144,762.0,513.0
15830,144,112.0,114.0
15831,144,3377.0,230.0
15832,144,1472.0,113.0
15833,144,219.0,116.0
15834,144,2029.0,122.0
15835,144,125.0,182.0
15836,144,557.0,92.0
15837,144,443.0,185.0
15838,144,221.0,212.0
15839,144,1371.0,157.0
15840,144,104.0,222.0
15841,144,255.0,138.0
15842,144,607.0,120.0
15843,144,540.0,143.0
15844,144,5637.0,170.0
15845,144,156.0,134.0
15846,144,532.0,110.0
15847,144,857.0,110.0
15848,144,36.0,129.0
15849,144,32781.0,137.0
15850,144,1116.0,209.0
15851,144,156.0,201.0
15852,144,34442.0,137.0
15853,144,88522.0,129.0
15854,144,33143.0,137.0
15855,144,32685.0,137.0
15856,144,189770.0,153.0
15857,144,32739.0,137.0
15858,144,33670.0,137.0
15859,144,2344.0,195.0
15860,144,379.0,186.0
15861,144,1564.0,136.0
15862,144,683.0,136.0
15863,144,616.0,710.0
15864,144,1066.0,201.0
15865,144,8534.0,128.0
15866,144,971.0,99.0
15867,144,101.0,107.0
15868,144,365.0,130.0
15869,144,314.0,116.0
15870,144,2027.0,160.0
15871,144,1737.0,220.0
15872,144,539.0,185.0
15873,144,4170.0,151.0
15874,144,184.0,240.0
15875,144,33720.0,137.0
15876,144,320584.0,202.0
15877,144,32886.0,137.0
15878,144,1289.0,192.0
15879,144,32830.0,137.0
15880,144,398.0,183.0
15881,144,32562.0,137.0
15882,144,2831.0,151.0
15883,144,2838.0,151.0
15884,144,1951.0,118.0
15885,144,3245.0,190.0
15886,144,370.0,107.0
15887,144,4520.0,120.0
15888,144,33469.0,137.0
15889,144,3461.0,122.0
15890,144,21.0,122.0
15891,144,117.0,128.0
15892,144,1181.0,192.0
15893,144,1165.0,187.0
15894,144,501.0,179.0
15895,144,833.0,165.0
15896,144,323.0,122.0
15897,144,2285.0,141.0
15898,144,2050.0,151.0
15899,144,5019.0,179.0
15900,144,2808.0,151.0
15901,144,1928.0,152.0
15902,144,33106.0,137.0
15903,144,1711.0,189.0
15904,144,1653.0,144.0
15905,144,100.0,130.0
15906,144,415.0,182.0
15907,144,34722.0,137.0
15908,144,34175.0,137.0
15909,144,32162.0,137.0
15910,144,299.0,119.0
15911,144,1855.0,93.0
15912,144,25960.0,107.0
15913,144,1817.0,123.0
15914,144,1826.0,123.0
15915,144,1831.0,123.0
15916,144,687.0,137.0
15917,144,648.0,120.0
15918,144,2700.0,198.0
15919,144,2088.0,149.0
15920,144,4726.0,226.0
15921,144,4714.0,226.0
15922,144,32740.0,137.0
15923,144,65398.0,137.0
15924,144,265.0,138.0
15925,144,618.0,130.0
15926,144,597.0,130.0
15927,144,4258.0,183.0
15928,144,33565.0,137.0
15929,144,0.0,106.0
15930,144,32200.0,137.0
15931,144,89.0,191.0
15932,144,35590.0,208.0
15933,144,57206.0,137.0
15934,144,33104.0,137.0
15935,144,33041.0,137.0
15936,144,1979.0,121.0
15937,144,4797.0,194.0
15938,144,5105.0,227.0
15939,144,1111.0,178.0
15940,144,794.0,186.0
15941,144,2266.0,126.0
15942,144,1693.0,89.0
15943,144,1469.0,214.0
15944,144,6714.0,142.0
15945,144,6792.0,171.0
15946,144,4923.0,115.0
15947,144,1027.0,184.0
15948,144,194.0,230.0
15949,144,931.0,185.0
15950,144,359.0,184.0
15951,144,891.0,126.0
15952,144,552.0,133.0
15953,144,552.0,133.0
15954,144,1733.0,193.0
15955,144,2447.0,145.0
15956,144,1054.0,145.0
15957,144,333.0,115.0
15958,144,3994.0,354.0
15959,144,157.0,181.0
15960,144,562.0,135.0
15961,144,9190.0,154.0
15962,143,972.0,116.0
15963,143,26.0,124.0
15964,143,1735.0,174.0
15965,143,797.0,224.0
15966,143,999.0,173.0
15967,143,198.0,113.0
15968,143,939.0,102.0
15969,143,36923.0,391.0
15970,143,554.0,100.0
15971,143,3417.0,203.0
15972,143,2240.0,216.0
15973,143,976.0,113.0
15974,143,7169.0,123.0
15975,143,475.0,188.0
15976,143,1355.0,185.0
15977,143,634.0,111.0
15978,143,1457.0,100.0
15979,143,1308.0,101.0
15980,143,215.0,182.0
15981,143,714.0,113.0
15982,143,3122.0,119.0
15983,143,875.0,206.0
15984,143,1779.0,179.0
15985,143,1049.0,129.0
15986,143,471.0,194.0
15987,143,1631.0,179.0
15988,143,3711.0,102.0
15989,143,1110.0,175.0
15990,143,1185.0,174.0
15991,143,853.0,119.0
15992,143,240.0,486.0
15993,143,1760.0,186.0
15994,143,5085.0,223.0
15995,143,409.0,188.0
15996,143,769.0,152.0
15997,143,89.0,127.0
15998,143,391.0,112.0
15999,143,566.0,131.0
16000,143,599922.0,961.0
16001,143,291.0,92.0
16002,143,811.0,350.0
16003,143,594764.0,216.0
16004,143,1352.0,201.0
16005,143,448.0,193.0
16006,143,458.0,193.0
16007,143,807.0,180.0
16008,143,936.0,101.0
16009,143,20780.0,144.0
16010,143,374.0,184.0
16011,143,449.0,154.0
16012,143,818.0,123.0
16013,143,781.0,197.0
16014,143,2616.0,100.0
16015,142,820.0,185.0
16016,142,11650.0,120.0
16017,142,768.0,176.0
16018,142,930.0,133.0
16019,142,19371.0,113.0
16020,142,834.0,189.0
16021,142,819.0,178.0
16022,142,496.0,212.0
16023,142,1078.0,176.0
16024,142,1147.0,175.0
16025,142,4817.0,189.0
16026,142,4682.0,124.0
16027,142,190.0,195.0
16028,142,186.0,272.0
16029,142,1171.0,102.0
16030,142,146.0,134.0
16031,141,29.0,235.0
16032,141,99.0,183.0
16033,141,3337.0,124.0
16034,141,11318.0,224.0
16035,141,2512.0,120.0
16036,141,377.0,176.0
16037,141,4630.0,120.0
16038,141,19183.0,128.0
16039,141,13.0,121.0
16040,141,1010.0,174.0
16041,141,3136.0,128.0
16042,141,19.0,139.0
16043,141,831.0,204.0
16044,140,5071.0,149.0
16045,140,119.0,176.0
16046,140,158829.0,186.0
16047,140,354.0,170.0
16048,140,15719.0,258.0
16049,140,1185.0,179.0
16050,140,180.0,170.0
16051,140,321.0,111.0
16052,140,783.0,158.0
16053,140,80.0,122.0
16054,140,258.0,189.0
16055,140,25.0,123.0
16056,140,194.0,159.0
16057,140,11931.0,142.0
16058,140,227.0,208.0
16059,140,93.0,187.0
16060,140,151.0,116.0
16061,140,11582.0,260.0
16062,140,6162.0,113.0
16063,140,980.0,116.0
16064,140,34.0,123.0
16065,139,167.0,194.0
16066,139,10982.0,228.0
16067,139,38137.0,486.0
16068,139,422.0,89.0
16069,139,5884.0,190.0
16070,139,14.0,223.0
16071,139,9364.0,197.0
16072,139,79.0,180.0
16073,139,420.0,486.0
16074,139,202.0,244.0
16075,139,52681.0,133.0
16076,139,272.0,113.0
16077,138,2687.0,178.0
16078,138,93.0,183.0
16079,138,684.0,178.0
16080,138,224.0,185.0
16081,138,20721.0,126.0
16082,138,29.0,185.0
16083,138,1684.0,143.0
16084,138,169.0,217.0
16085,138,63.0,128.0
16086,138,277.0,203.0
16087,138,1989.0,113.0
16088,138,9471.0,227.0
16089,138,909.0,132.0
16090,138,19.0,143.0
16091,138,11.0,143.0
16092,137,3629.0,121.0
16093,137,77.0,177.0
16094,137,1052.0,309.0
16095,137,4556.0,192.0
16096,137,25642.0,194.0
16097,137,10135.0,298.0
16098,137,49.0,190.0
16099,137,189.0,120.0
16100,137,63.0,121.0
16101,137,3863.0,121.0
16102,137,318.0,168.0
16103,137,10930.0,233.0
16104,137,18428.0,126.0
16105,137,28591.0,124.0
16106,136,1932.0,132.0
16107,136,580.0,113.0
16108,136,331.0,141.0
16109,136,279.0,179.0
16110,136,139.0,203.0
16111,136,4076.0,157.0
16112,136,21086.0,208.0
16113,136,3586.0,185.0
16114,136,5.0,210.0
16115,136,10052.0,122.0
16116,136,148.0,165.0
16117,136,480.0,176.0
16118,136,150.0,109.0
16119,136,1634.0,263.0
16120,135,265.0,135.0
16121,135,595.0,128.0
16122,135,359.0,122.0
16123,135,126.0,186.0
16124,135,26328.0,405.0
16125,135,115.0,186.0
16126,135,207.0,121.0
16127,135,1090.0,119.0
16128,135,149.0,128.0
16129,135,1377.0,225.0
16130,135,55.0,185.0
16131,135,1471.0,131.0
16132,135,5879.0,159.0
16133,135,56.0,121.0
16134,135,108.0,139.0
16135,135,46.0,139.0
16136,135,64.0,141.0
16137,135,1463.0,129.0
16138,135,251.0,194.0
16139,135,506.0,191.0
16140,135,12.0,187.0
16141,135,3766.0,114.0
16142,135,2446.0,239.0
16143,135,142.0,210.0
16144,135,1116.0,95.0
16145,134,396.0,227.0
16146,134,1466.0,167.0
16147,134,1942.0,126.0
16148,134,142.0,186.0
16149,134,20.0,193.0
16150,134,356.0,178.0
16151,134,699.0,136.0
16152,134,8589.0,181.0
16153,134,17.0,139.0
16154,134,53.0,137.0
16155,134,125.0,186.0
16156,134,3937.0,128.0
16157,134,263959.0,369.0
16158,134,1468.0,186.0
16159,134,417.0,193.0
16160,134,282.0,152.0
16161,134,10397.0,228.0
16162,134,83.0,177.0
16163,134,1172.0,191.0
16164,134,468.0,203.0
16165,134,37.0,118.0
16166,134,202.0,140.0
16167,134,6592.0,216.0
16168,134,527.0,250.0
16169,133,3385.0,124.0
16170,133,2857.0,193.0
16171,133,18.0,139.0
16172,133,296.0,140.0
16173,133,17000.0,215.0
16174,133,3377.0,145.0
16175,133,3508.0,199.0
16176,133,17.0,387.0
16177,133,49.0,92.0
16178,133,876.0,97.0
16179,133,1028.0,131.0
16180,133,970.0,119.0
16181,133,496.0,122.0
16182,133,42.0,199.0
16183,133,98.0,186.0
16184,133,119.0,227.0
16185,133,262.0,184.0
16186,133,43.0,181.0
16187,132,48.0,123.0
16188,132,641.0,181.0
16189,132,1077.0,128.0
16190,132,2.0,126.0
16191,132,370.0,128.0
16192,132,18.0,114.0
16193,132,167.0,140.0
16194,132,646.0,112.0
16195,132,577.0,125.0
16196,132,66.0,183.0
16197,132,1784.0,176.0
16198,132,2798.0,195.0
16199,132,216.0,100.0
16200,132,5.0,116.0
16201,132,1773.0,165.0
16202,132,120.0,262.0
16203,132,9.0,124.0
16204,132,1460.0,152.0
16205,132,29.0,181.0
16206,132,53.0,91.0
16207,132,44.0,183.0
16208,132,220.0,112.0
16209,132,16535.0,148.0
16210,132,3793.0,128.0
16211,132,13685.0,224.0
16212,132,7924.0,223.0
16213,132,92.0,131.0
16214,132,58.0,114.0
16215,132,10.0,124.0
16216,132,685.0,155.0
16217,132,1353.0,183.0
16218,132,945.0,167.0
16219,132,878.0,108.0
16220,132,532.0,112.0
16221,132,155.0,184.0
16222,131,214.0,193.0
16223,131,2359.0,118.0
16224,131,234.0,184.0
16225,131,600317.0,144.0
16226,131,31158.0,112.0
16227,131,78.0,116.0
16228,131,1049.0,92.0
16229,131,260.0,186.0
16230,131,1261.0,245.0
16231,131,245995.0,178.0
16232,131,8.0,123.0
16233,131,283.0,186.0
16234,131,25.0,126.0
16235,130,14955.0,202.0
16236,130,340.0,193.0
16237,130,121.0,113.0
16238,130,41.0,181.0
16239,130,55.0,118.0
16240,130,801.0,115.0
16241,130,92.0,194.0
16242,130,1098.0,203.0
16243,130,171.0,130.0
16244,130,157.0,125.0
16245,130,71.0,93.0
16246,130,703.0,116.0
16247,130,24.0,190.0
16248,130,46177.0,146.0
16249,130,87.0,187.0
16250,130,5852.0,133.0
16251,130,3537.0,192.0
16252,130,2402.0,320.0
16253,130,300172.0,117.0
16254,130,507.0,137.0
16255,130,132.0,147.0
16256,130,156.0,133.0
16257,130,32460.0,177.0
16258,130,88.0,129.0
16259,129,277.0,186.0
16260,129,30.0,116.0
16261,129,117.0,176.0
16262,129,4044.0,90.0
16263,129,716.0,134.0
16264,129,288.0,132.0
16265,129,322.0,193.0
16266,129,1469.0,123.0
16267,129,150.0,102.0
16268,129,118.0,111.0
16269,129,529.0,123.0
16270,129,10067.0,216.0
16271,129,12793.0,192.0
16272,129,66.0,180.0
16273,129,276.0,181.0
16274,129,952.0,203.0
16275,129,12233.0,222.0
16276,129,7042.0,113.0
16277,128,156.0,145.0
16278,128,3616.0,170.0
16279,128,292.0,153.0
16280,128,490.0,120.0
16281,128,141.0,100.0
16282,128,718.0,145.0
16283,128,61.0,124.0
16284,128,442.0,175.0
16285,128,2459.0,117.0
16286,128,28.0,203.0
16287,128,58.0,194.0
16288,127,529.0,220.0
16289,127,423.0,118.0
16290,127,1056.0,147.0
16291,127,1151.0,141.0
16292,127,208.0,196.0
16293,127,53334.0,266.0
16294,127,1136.0,203.0
16295,127,39.0,126.0
16296,127,215.0,189.0
16297,127,760.0,204.0
16298,127,106.0,171.0
16299,127,3007.0,314.0
16300,127,1132.0,126.0
16301,127,275.0,186.0
16302,127,404.0,112.0
16303,127,32020.0,191.0
16304,127,6399.0,131.0
16305,127,45.0,138.0
16306,127,1648.0,142.0
16307,127,16.0,212.0
16308,127,47.0,120.0
16309,126,7885.0,266.0
16310,126,876.0,141.0
16311,126,4.0,203.0
16312,126,299.0,151.0
16313,126,118.0,80.0
16314,126,1500.0,212.0
16315,126,10.0,193.0
16316,126,1420.0,122.0
16317,126,752.0,190.0
16318,126,12.0,158.0
16319,126,1087.0,139.0
16320,126,5390.0,183.0
16321,126,119.0,139.0
16322,126,154.0,193.0
16323,126,57.0,180.0
16324,126,250.0,135.0
16325,126,1707.0,135.0
16326,126,13472.0,93.0
16327,126,5199.0,162.0
16328,126,433.0,203.0
16329,126,439.0,116.0
16330,126,336.0,185.0
16331,126,65.0,112.0
16332,126,384.0,177.0
16333,126,44.0,117.0
16334,125,341.0,109.0
16335,125,245.0,186.0
16336,125,22233.0,127.0
16337,125,339.0,109.0
16338,125,2088.0,182.0
16339,125,267.0,129.0
16340,125,23.0,173.0
16341,125,273.0,109.0
16342,125,597.0,189.0
16343,125,44.0,235.0
16344,125,281.0,100.0
16345,125,197.0,203.0
16346,125,627.0,197.0
16347,125,33.0,195.0
16348,125,60.0,131.0
16349,125,4.0,128.0
16350,125,79.0,126.0
16351,125,26.0,138.0
16352,125,763.0,193.0
16353,125,322.0,337.0
16354,125,13751.0,247.0
16355,125,192.0,137.0
16356,125,480.0,175.0
16357,125,143.0,179.0
16358,125,2375.0,122.0
16359,124,9037.0,179.0
16360,124,1733.0,241.0
16361,124,3574.0,209.0
16362,124,78.0,195.0
16363,124,129.0,118.0
16364,124,1514.0,200.0
16365,124,15230.0,111.0
16366,124,55.0,118.0
16367,124,40.0,118.0
16368,124,451.0,185.0
16369,124,3329.0,137.0
16370,124,373.0,118.0
16371,124,2779.0,210.0
16372,124,239.0,181.0
16373,124,829.0,314.0
16374,124,638.0,133.0
16375,124,216.0,197.0
16376,124,136.0,175.0
16377,124,1030.0,125.0
16378,124,2015.0,192.0
16379,124,147.0,186.0
16380,124,40345.0,194.0
16381,124,218.0,186.0
16382,123,36.0,199.0
16383,123,154.0,186.0
16384,123,692.0,225.0
16385,123,677.0,140.0
16386,123,95.0,145.0
16387,123,678.0,100.0
16388,123,278.0,184.0
16389,123,2756.0,183.0
16390,123,1543.0,168.0
16391,123,231.0,109.0
16392,123,362.0,181.0
16393,123,27.0,162.0
16394,123,2102.0,93.0
16395,123,209.0,162.0
16396,123,1058.0,136.0
16397,123,88.0,178.0
16398,123,167.0,186.0
16399,123,360.0,186.0
16400,122,1208.0,174.0
16401,122,143.0,233.0
16402,122,4895.0,174.0
16403,122,120.0,97.0
16404,122,64.0,154.0
16405,122,112.0,173.0
16406,122,151.0,187.0
16407,122,350.0,156.0
16408,122,219.0,117.0
16409,122,1050.0,117.0
16410,122,933.0,201.0
16411,122,208.0,121.0
16412,122,31844.0,200.0
16413,122,256.0,159.0
16414,122,9123.0,233.0
16415,122,370.0,166.0
16416,122,6510.0,210.0
16417,122,21.0,205.0
16418,122,1394.0,190.0
16419,121,5495.0,191.0
16420,121,914.0,160.0
16421,121,1484.0,235.0
16422,121,871.0,177.0
16423,121,43885.0,185.0
16424,121,14.0,204.0
16425,121,85.0,97.0
16426,121,629.0,127.0
16427,121,987.0,119.0
16428,121,1278.0,140.0
16429,121,231.0,154.0
16430,121,931.0,189.0
16431,121,87.0,158.0
16432,121,37.0,125.0
16433,121,5974.0,113.0
16434,121,67226.0,374.0
16435,121,167.0,124.0
16436,121,2839.0,126.0
16437,121,889.0,169.0
16438,121,2123.0,177.0
16439,121,11.0,118.0
16440,121,41.0,105.0
16441,121,77.0,142.0
16442,121,62.0,100.0
16443,121,967.0,142.0
16444,121,105.0,120.0
16445,121,41.0,98.0
16446,121,15.0,106.0
16447,120,329.0,131.0
16448,120,4691.0,151.0
16449,120,817.0,115.0
16450,120,1893.0,219.0
16451,120,1518.0,120.0
16452,120,2365.0,128.0
16453,120,2818.0,151.0
16454,120,117.0,223.0
16455,120,2330.0,122.0
16456,120,239095.0,104.0
16457,120,4.0,119.0
16458,120,317.0,123.0
16459,120,861.0,125.0
16460,120,5938.0,114.0
16461,120,4595.0,151.0
16462,120,4625.0,151.0
16463,120,514.0,122.0
16464,120,7635.0,128.0
16465,120,528.0,184.0
16466,120,577.0,201.0
16467,120,1329.0,151.0
16468,120,2743.0,151.0
16469,120,13463.0,183.0
16470,120,804.0,133.0
16471,120,4494.0,151.0
16472,120,1038.0,201.0
16473,120,1715.0,186.0
16474,120,4428.0,151.0
16475,120,4058.0,203.0
16476,120,766.0,157.0
16477,120,854.0,133.0
16478,120,313.0,109.0
16479,120,789.0,131.0
16480,120,82.0,184.0
16481,120,545.0,147.0
16482,120,194.0,175.0
16483,120,148.0,177.0
16484,120,258.0,215.0
16485,120,8874.0,133.0
16486,120,3526.0,90.0
16487,120,685.0,178.0
16488,120,396.0,195.0
16489,120,628.0,185.0
16490,120,10199.0,116.0
16491,120,38.0,116.0
16492,120,3414.0,208.0
16493,120,2038.0,188.0
16494,120,989.0,192.0
16495,120,391.0,184.0
16496,120,112.0,134.0
16497,120,1015.0,224.0
16498,120,8239.0,122.0
16499,120,7842.0,144.0
16500,120,7329.0,188.0
16501,120,10154.0,122.0
16502,120,21441.0,129.0
16503,120,7810.0,188.0
16504,120,380.0,141.0
16505,120,273.0,186.0
16506,120,278.0,113.0
16507,120,604.0,130.0
16508,120,7716.0,191.0
16509,120,179.0,146.0
16510,120,2318.0,138.0
16511,120,512.0,118.0
16512,120,36849.0,191.0
16513,120,1.0,138.0
16514,120,2.0,221.0
16515,120,5391.0,122.0
16516,120,543.0,157.0
16517,120,1668.0,157.0
16518,120,2887.0,157.0
16519,120,11640.0,570.0
16520,120,63.0,200.0
16521,120,17.0,119.0
16522,119,1835.0,121.0
16523,119,932.0,121.0
16524,119,40.0,121.0
16525,119,1441.0,134.0
16526,119,297.0,163.0
16527,119,187.0,100.0
16528,119,45.0,140.0
16529,119,303.0,170.0
16530,119,829.0,225.0
16531,119,228.0,195.0
16532,119,6066.0,127.0
16533,119,657.0,111.0
16534,119,71.0,208.0
16535,119,226.0,213.0
16536,119,96.0,151.0
16537,119,722.0,136.0
16538,119,562.0,181.0
16539,119,797.0,116.0
16540,119,1396.0,110.0
16541,119,1486.0,125.0
16542,119,1597.0,128.0
16543,119,104.0,193.0
16544,119,68.0,120.0
16545,119,44.0,154.0
16546,119,15945.0,194.0
16547,119,496.0,182.0
16548,119,986.0,126.0
16549,119,345.0,119.0
16550,119,762.0,136.0
16551,118,929.0,152.0
16552,118,174.0,183.0
16553,118,1299.0,183.0
16554,118,1238.0,152.0
16555,118,569.0,181.0
16556,118,199.0,138.0
16557,118,15.0,183.0
16558,118,326.0,183.0
16559,118,1716.0,238.0
16560,118,30607.0,135.0
16561,118,462.0,106.0
16562,118,782.0,203.0
16563,118,588.0,187.0
16564,118,19.0,193.0
16565,118,611.0,93.0
16566,118,214.0,134.0
16567,118,374.0,143.0
16568,118,704.0,225.0
16569,118,155.0,178.0
16570,118,52.0,122.0
16571,118,547.0,136.0
16572,118,43.0,192.0
16573,118,1513.0,103.0
16574,118,3269.0,134.0
16575,118,828.0,124.0
16576,118,419.0,112.0
16577,118,9933.0,238.0
16578,118,1706.0,177.0
16579,118,954.0,134.0
16580,118,1335.0,183.0
16581,118,393.0,183.0
16582,118,1291.0,133.0
16583,118,4527.0,131.0
16584,118,886.0,106.0
16585,118,45421.0,126.0
16586,118,2457.0,182.0
16587,118,889.0,132.0
16588,118,6.0,329.0
16589,117,3134.0,121.0
16590,117,983.0,133.0
16591,117,669.0,132.0
16592,117,923.0,134.0
16593,117,264.0,127.0
16594,117,389.0,155.0
16595,117,1058.0,138.0
16596,117,1141.0,130.0
16597,117,605.0,132.0
16598,117,1424.0,129.0
16599,117,836.0,139.0
16600,117,220.0,183.0
16601,117,1765.0,189.0
16602,117,1922.0,143.0
16603,117,227.0,159.0
16604,117,1880.0,126.0
16605,117,288.0,189.0
16606,117,999.0,134.0
16607,117,16601.0,139.0
16608,117,48.0,154.0
16609,117,2320.0,141.0
16610,117,60.0,193.0
16611,117,36.0,182.0
16612,117,673.0,138.0
16613,117,615.0,142.0
16614,117,528.0,137.0
16615,117,509.0,152.0
16616,117,899.0,111.0
16617,117,108.0,154.0
16618,117,1071.0,129.0
16619,117,416.0,132.0
16620,117,11.0,187.0
16621,117,72.0,129.0
16622,117,6302.0,147.0
16623,116,11193.0,227.0
16624,116,1073.0,132.0
16625,116,2301.0,172.0
16626,116,1012.0,132.0
16627,116,1009.0,128.0
16628,116,24897.0,117.0
16629,116,3548.0,122.0
16630,116,191.0,141.0
16631,116,399.0,119.0
16632,116,1407.0,218.0
16633,116,1925.0,187.0
16634,116,1000.0,136.0
16635,116,940.0,129.0
16636,116,499.0,105.0
16637,116,19.0,219.0
16638,116,33.0,190.0
16639,116,1376.0,177.0
16640,116,154.0,141.0
16641,116,541.0,130.0
16642,116,873.0,131.0
16643,116,544.0,182.0
16644,116,719.0,136.0
16645,116,156.0,100.0
16646,116,196.0,137.0
16647,116,861.0,135.0
16648,116,280.0,162.0
16649,115,68.0,172.0
16650,115,183.0,177.0
16651,115,1125.0,137.0
16652,115,676.0,135.0
16653,115,1552.0,115.0
16654,115,12509.0,197.0
16655,115,650.0,190.0
16656,115,4043.0,283.0
16657,115,1214.0,112.0
16658,115,42.0,183.0
16659,115,641.0,137.0
16660,115,530.0,173.0
16661,115,286.0,152.0
16662,115,46534.0,124.0
16663,115,579.0,220.0
16664,115,751.0,135.0
16665,115,21836.0,123.0
16666,115,586.0,111.0
16667,115,85.0,244.0
16668,115,218.0,123.0
16669,115,215.0,120.0
16670,115,863.0,135.0
16671,115,679.0,134.0
16672,115,672.0,136.0
16673,115,10210.0,117.0
16674,115,318.0,116.0
16675,115,1625.0,134.0
16676,115,833.0,200.0
16677,115,93.0,155.0
16678,115,95.0,195.0
16679,115,648.0,134.0
16680,115,806.0,141.0
16681,115,545.0,153.0
16682,115,467.0,145.0
16683,115,801.0,135.0
16684,115,169.0,152.0
16685,115,852.0,135.0
16686,115,158.0,192.0
16687,115,1294.0,129.0
16688,114,382.0,119.0
16689,114,694.0,119.0
16690,114,980.0,161.0
16691,114,1039.0,135.0
16692,114,5363.0,196.0
16693,114,353.0,178.0
16694,114,1807.0,205.0
16695,114,1901.0,191.0
16696,114,3115.0,191.0
16697,114,393.0,110.0
16698,114,3395.0,197.0
16699,114,23.0,105.0
16700,114,80.0,115.0
16701,114,2941.0,189.0
16702,114,1107.0,201.0
16703,114,1366.0,188.0
16704,114,49097.0,235.0
16705,114,13.0,195.0
16706,114,820.0,131.0
16707,114,130.0,110.0
16708,114,406.0,228.0
16709,114,1242.0,204.0
16710,114,5.0,184.0
16711,114,1568.0,126.0
16712,114,26025.0,412.0
16713,114,249.0,124.0
16714,114,409.0,166.0
16715,114,606.0,132.0
16716,114,982.0,151.0
16717,114,600493.0,140.0
16718,114,2511.0,113.0
16719,114,20514.0,108.0
16720,114,602.0,108.0
16721,113,29.0,114.0
16722,113,16.0,125.0
16723,113,162.0,350.0
16724,113,832.0,151.0
16725,113,539.0,173.0
16726,113,30.0,182.0
16727,113,122.0,190.0
16728,113,148.0,126.0
16729,113,841.0,129.0
16730,113,1211.0,133.0
16731,113,86.0,102.0
16732,113,8837.0,200.0
16733,113,45.0,126.0
16734,113,27.0,125.0
16735,113,13340.0,189.0
16736,113,6441.0,118.0
16737,113,849.0,128.0
16738,113,149.0,128.0
16739,113,35.0,190.0
16740,113,20909.0,174.0
16741,113,211.0,180.0
16742,113,493.0,203.0
16743,113,340.0,194.0
16744,113,704.0,148.0
16745,113,152852.0,299.0
16746,113,2183.0,132.0
16747,113,2255.0,142.0
16748,113,502.0,117.0
16749,113,4858.0,210.0
16750,113,43.0,196.0
16751,112,647.0,194.0
16752,112,15181.0,129.0
16753,112,145.0,125.0
16754,112,69.0,107.0
16755,112,136.0,176.0
16756,112,24214.0,400.0
16757,112,6.0,173.0
16758,112,2367.0,93.0
16759,112,820.0,108.0
16760,112,1068.0,233.0
16761,112,2440.0,158.0
16762,112,1230.0,155.0
16763,112,51.0,181.0
16764,112,11.0,184.0
16765,112,3065.0,223.0
16766,112,456.0,234.0
16767,112,193.0,193.0
16768,112,5420.0,155.0
16769,111,24172.0,131.0
16770,111,1310.0,196.0
16771,111,798.0,189.0
16772,111,21.0,105.0
16773,111,465.0,250.0
16774,111,451.0,239.0
16775,111,1041.0,134.0
16776,111,3395.0,102.0
16777,111,818.0,123.0
16778,111,69.0,140.0
16779,111,2577.0,119.0
16780,111,663.0,234.0
16781,111,564.0,135.0
16782,111,108.0,350.0
16783,111,605.0,129.0
16784,111,1412.0,114.0
16785,111,643.0,557.0
16786,111,778.0,137.0
16787,111,66161.0,213.0
16788,111,577.0,162.0
16789,111,452.0,209.0
16790,111,444.0,209.0
16791,111,21.0,174.0
16792,111,347.0,130.0
16793,111,35.0,174.0
16794,110,222.0,181.0
16795,110,842.0,120.0
16796,110,209.0,162.0
16797,110,3438.0,194.0
16798,110,1531.0,194.0
16799,110,9.0,114.0
16800,110,50.0,125.0
16801,110,34010.0,189.0
16802,110,986.0,200.0
16803,110,2539.0,187.0
16804,110,393.0,203.0
16805,110,1765.0,124.0
16806,110,4273.0,151.0
16807,110,6.0,185.0
16808,110,594.0,147.0
16809,110,9.0,193.0
16810,110,1721.0,119.0
16811,110,633.0,340.0
16812,110,439.0,195.0
16813,109,9.0,185.0
16814,109,1221.0,200.0
16815,109,35.0,125.0
16816,109,14.0,125.0
16817,109,26.0,115.0
16818,109,165.0,113.0
16819,109,2023.0,119.0
16820,109,1785.0,140.0
16821,109,426.0,126.0
16822,109,13.0,179.0
16823,109,360.0,187.0
16824,109,77.0,115.0
16825,109,2.0,194.0
16826,109,1064.0,121.0
16827,109,1362.0,143.0
16828,109,185616.0,405.0
16829,109,1325.0,132.0
16830,109,275.0,115.0
16831,109,37627.0,476.0
16832,109,974.0,134.0
16833,109,728.0,134.0
16834,109,132.0,179.0
16835,108,3418.0,121.0
16836,108,29929.0,400.0
16837,108,292.0,147.0
16838,108,994.0,131.0
16839,108,8534.0,131.0
16840,108,654.0,164.0
16841,108,129.0,181.0
16842,108,946.0,122.0
16843,108,1218.0,133.0
16844,108,3328.0,210.0
16845,108,1098.0,154.0
16846,108,1720.0,96.0
16847,108,949.0,170.0
16848,108,288.0,136.0
16849,108,929.0,184.0
16850,108,84.0,205.0
16851,108,2041.0,210.0
16852,108,43.0,122.0
16853,108,595.0,136.0
16854,108,79.0,203.0
16855,108,12.0,179.0
16856,108,33.0,183.0
16857,108,320.0,192.0
16858,108,150.0,184.0
16859,108,120.0,171.0
16860,108,1400.0,97.0
16861,108,538.0,133.0
16862,108,1927.0,171.0
16863,108,34.0,209.0
16864,107,1039.0,176.0
16865,107,17.0,193.0
16866,107,106.0,181.0
16867,107,859.0,134.0
16868,107,625.0,117.0
16869,107,192.0,180.0
16870,107,836.0,136.0
16871,107,26109.0,124.0
16872,107,290.0,227.0
16873,107,25.0,181.0
16874,107,374.0,213.0
16875,107,909.0,159.0
16876,107,78.0,121.0
16877,107,763.0,131.0
16878,107,507.0,176.0
16879,107,212.0,169.0
16880,107,31263.0,182.0
16881,107,69.0,170.0
16882,107,160.0,181.0
16883,107,2664.0,143.0
16884,107,96.0,157.0
16885,107,535.0,176.0
16886,107,1894.0,116.0
16887,107,1119.0,177.0
16888,107,761.0,126.0
16889,107,171.0,120.0
16890,107,522.0,178.0
16891,107,151.0,176.0
16892,106,28269.0,371.0
16893,106,163.0,133.0
16894,106,10179.0,152.0
16895,106,9310.0,227.0
16896,106,361.0,112.0
16897,106,7801.0,114.0
16898,106,6829.0,114.0
16899,106,267439.0,157.0
16900,106,1097.0,122.0
16901,106,43874.0,185.0
16902,106,64.0,136.0
16903,106,673.0,151.0
16904,106,106.0,129.0
16905,106,1582.0,129.0
16906,106,693.0,196.0
16907,106,17877.0,192.0
16908,106,54.0,156.0
16909,106,32.0,154.0
16910,106,403.0,254.0
16911,106,202.0,126.0
16912,106,65.0,184.0
16913,106,406.0,181.0
16914,106,1586.0,121.0
16915,106,43.0,116.0
16916,106,173.0,203.0
16917,106,96179.0,165.0
16918,106,1526.0,114.0
16919,106,4413.0,140.0
16920,105,453.0,196.0
16921,105,213.0,131.0
16922,105,74.0,114.0
16923,105,768.0,195.0
16924,105,7475.0,177.0
16925,105,1150.0,133.0
16926,105,1553.0,147.0
16927,105,7104.0,133.0
16928,105,845.0,128.0
16929,105,10978.0,216.0
16930,105,124.0,172.0
16931,105,10884.0,216.0
16932,105,481425.0,632.0
16933,105,3381.0,213.0
16934,105,3939.0,138.0
16935,105,28.0,214.0
16936,105,28305.0,261.0
16937,105,29926.0,201.0
16938,105,35138.0,190.0
16939,105,87.0,120.0
16940,105,92.0,189.0
16941,105,744.0,166.0
16942,105,99.0,171.0
16943,105,71640.0,237.0
16944,105,96.0,189.0
16945,105,36312.0,635.0
16946,105,594.0,184.0
16947,105,2423.0,131.0
16948,105,131.0,125.0
16949,105,295.0,152.0
16950,104,22279.0,187.0
16951,104,222.0,116.0
16952,104,25.0,191.0
16953,104,157.0,184.0
16954,104,499.0,114.0
16955,104,28628.0,197.0
16956,104,1161.0,169.0
16957,104,2751.0,130.0
16958,104,6709.0,329.0
16959,104,32052.0,177.0
16960,104,18965.0,95.0
16961,104,8235.0,111.0
16962,104,17.0,195.0
16963,104,2459.0,138.0
16964,104,3048.0,129.0
16965,104,51.0,114.0
16966,104,23237.0,124.0
16967,104,656.0,161.0
16968,104,22767.0,174.0
16969,104,71.0,178.0
16970,104,1287.0,120.0
16971,104,250.0,124.0
16972,104,285335.0,131.0
16973,104,104.0,189.0
16974,104,156.0,189.0
16975,104,105.0,123.0
16976,104,13757.0,185.0
16977,104,1551.0,92.0
16978,103,400.0,132.0
16979,103,322.0,193.0
16980,103,16.0,177.0
16981,103,1005.0,191.0
16982,103,2451.0,119.0
16983,103,27016.0,119.0
16984,103,25.0,158.0
16985,103,605.0,98.0
16986,103,106.0,131.0
16987,103,225.0,172.0
16988,103,2249.0,157.0
16989,103,197.0,196.0
16990,103,691.0,168.0
16991,103,18643.0,178.0
16992,103,1485.0,130.0
16993,103,2747.0,191.0
16994,103,296.0,213.0
16995,103,46.0,123.0
16996,103,230.0,183.0
16997,103,70.0,156.0
16998,103,5335.0,218.0
16999,103,5609.0,218.0
17000,102,36790.0,311.0
17001,102,761.0,122.0
17002,102,95.0,118.0
17003,102,641.0,140.0
17004,102,11932.0,221.0
17005,102,5618.0,138.0
17006,102,1015.0,133.0
17007,102,530.0,121.0
17008,102,71.0,165.0
17009,102,9.0,118.0
17010,102,1505.0,158.0
17011,102,422.0,202.0
17012,102,147.0,120.0
17013,102,71.0,134.0
17014,102,613.0,224.0
17015,102,97.0,116.0
17016,102,42.0,124.0
17017,102,33.0,173.0
17018,102,4328.0,394.0
17019,102,259.0,161.0
17020,102,19.0,186.0
17021,102,674.0,186.0
17022,102,2179.0,131.0
17023,102,1533.0,138.0
17024,102,66.0,173.0
17025,102,103.0,118.0
17026,102,63.0,173.0
17027,102,4516.0,182.0
17028,102,14.0,175.0
17029,101,713.0,185.0
17030,101,2599.0,185.0
17031,101,120.0,141.0
17032,101,8.0,119.0
17033,101,206.0,141.0
17034,101,14.0,112.0
17035,101,1629.0,155.0
17036,101,1124.0,192.0
17037,101,32.0,195.0
17038,101,164.0,181.0
17039,101,7195.0,107.0
17040,101,0.0,193.0
17041,101,192.0,180.0
17042,101,62.0,119.0
17043,101,215.0,114.0
17044,101,1515.0,123.0
17045,101,5442.0,145.0
17046,101,12714.0,187.0
17047,101,936.0,187.0
17048,101,965.0,114.0
17049,101,351272.0,190.0
17050,101,73128.0,158.0
17051,101,8.0,195.0
17052,101,176.0,141.0
17053,101,3220.0,322.0
17054,101,795.0,137.0
17055,101,342.0,165.0
17056,101,275583.0,152.0
17057,101,937.0,178.0
17058,101,1479.0,137.0
17059,101,1855.0,394.0
17060,100,210.0,116.0
17061,100,573.0,133.0
17062,100,540.0,115.0
17063,100,326.0,272.0
17064,100,41.0,199.0
17065,100,71.0,197.0
17066,100,2502.0,135.0
17067,100,521.0,150.0
17068,100,651.0,228.0
17069,100,471.0,137.0
17070,100,339.0,190.0
17071,100,361.0,174.0
17072,100,42.0,122.0
17073,100,19389.0,400.0
17074,100,565.0,186.0
17075,100,3460.0,201.0
17076,100,20862.0,141.0
17077,100,422.0,148.0
17078,100,29.0,223.0
17079,100,3272.0,113.0
17080,100,1888.0,107.0
17081,100,6580.0,199.0
17082,100,112124.0,132.0
17083,100,277.0,100.0
17084,100,96.0,158.0
17085,100,7043.0,106.0
17086,100,3630.0,201.0
17087,100,251.0,199.0
17088,100,968.0,152.0
17089,100,76217.0,747.0
17090,100,1104.0,152.0
17091,100,205.0,184.0
17092,99,633.0,190.0
17093,99,6117.0,100.0
17094,99,106.0,185.0
17095,99,2723.0,190.0
17096,99,6251.0,100.0
17097,99,881.0,137.0
17098,99,11.0,179.0
17099,99,12.0,179.0
17100,99,7491.0,225.0
17101,99,410.0,197.0
17102,99,439.0,188.0
17103,99,13179.0,176.0
17104,99,22.0,197.0
17105,99,4279.0,747.0
17106,99,2121.0,120.0
17107,99,69.0,122.0
17108,99,220.0,125.0
17109,99,1163.0,174.0
17110,99,381.0,350.0
17111,99,41545.0,350.0
17112,99,6464.0,100.0
17113,99,8435.0,196.0
17114,99,6458.0,100.0
17115,99,23.0,118.0
17116,99,21085.0,190.0
17117,99,11405.0,190.0
17118,99,6337.0,100.0
17119,99,165.0,113.0
17120,99,63.0,124.0
17121,99,161.0,153.0
17122,99,746.0,191.0
17123,99,1025.0,118.0
17124,99,101147.0,119.0
17125,99,4267.0,297.0
17126,99,48.0,179.0
17127,99,1173.0,201.0
17128,99,35.0,116.0
17129,99,30.0,140.0
17130,99,557.0,134.0
17131,99,102.0,126.0
17132,98,480.0,121.0
17133,98,283.0,343.0
17134,98,18126.0,343.0
17135,98,27787.0,124.0
17136,98,25257.0,124.0
17137,98,306.0,169.0
17138,98,1974.0,176.0
17139,98,2153.0,204.0
17140,98,1491.0,185.0
17141,98,93.0,193.0
17142,98,3240.0,302.0
17143,98,906.0,152.0
17144,98,1126.0,175.0
17145,98,161.0,227.0
17146,98,28.0,185.0
17147,98,6086.0,267.0
17148,98,178.0,136.0
17149,98,210.0,188.0
17150,98,14566.0,185.0
17151,98,30.0,124.0
17152,98,77.0,183.0
17153,98,2295.0,122.0
17154,98,6.0,100.0
17155,98,6188.0,100.0
17156,98,1926.0,194.0
17157,98,13744.0,124.0
17158,98,46.0,130.0
17159,98,1456.0,179.0
17160,98,11878.0,113.0
17161,98,937.0,122.0
17162,98,7.0,124.0
17163,98,518.0,121.0
17164,98,3902.0,227.0
17165,98,6519.0,178.0
17166,98,230.0,114.0
17167,98,50.0,185.0
17168,98,1950.0,221.0
17169,98,2407.0,113.0
17170,98,6904.0,140.0
17171,98,5714.0,386.0
17172,98,41432.0,194.0
17173,98,11406.0,227.0
17174,98,26156.0,185.0
17175,98,52428.0,261.0
17176,98,8066.0,379.0
17177,97,9571.0,185.0
17178,97,957.0,180.0
17179,97,369.0,224.0
17180,97,84978.0,125.0
17181,97,34132.0,112.0
17182,97,981.0,180.0
17183,97,247.0,190.0
17184,97,12.0,127.0
17185,97,331.0,123.0
17186,97,415.0,123.0
17187,97,11342.0,126.0
17188,97,562.0,115.0
17189,97,59665.0,194.0
17190,97,52546.0,124.0
17191,97,44.0,138.0
17192,97,368.0,121.0
17193,97,3972.0,114.0
17194,97,512.0,138.0
17195,97,28803.0,139.0
17196,97,115438.0,161.0
17197,97,2600.0,134.0
17198,97,276.0,147.0
17199,97,39887.0,132.0
17200,97,4927.0,184.0
17201,97,83.0,183.0
17202,97,6996.0,144.0
17203,97,479.0,182.0
17204,97,116.0,138.0
17205,97,1824.0,228.0
17206,97,823.0,228.0
17207,97,202.0,138.0
17208,97,34999.0,177.0
17209,97,276.0,138.0
17210,97,343.0,138.0
17211,97,25896.0,196.0
17212,97,2408.0,159.0
17213,97,18977.0,203.0
17214,97,1482.0,208.0
17215,97,159.0,113.0
17216,97,172.0,114.0
17217,97,401.0,173.0
17218,97,570.0,184.0
17219,97,4193.0,142.0
17220,97,159.0,192.0
17221,97,773.0,88.0
17222,97,79530.0,129.0
17223,97,446.0,138.0
17224,97,96.0,186.0
17225,97,10543.0,183.0
17226,97,1354.0,153.0
17227,97,3031.0,131.0
17228,97,2952.0,406.0
17229,97,105973.0,165.0
17230,97,238.0,406.0
17231,97,45101.0,132.0
17232,97,18695.0,190.0
17233,97,90.0,192.0
17234,97,7705.0,199.0
17235,97,470931.0,103.0
17236,97,1.0,195.0
17237,97,8765.0,344.0
17238,97,12534.0,344.0
17239,97,791.0,124.0
17240,97,2264.0,297.0
17241,97,1995.0,297.0
17242,97,672.0,117.0
17243,97,120.0,114.0
17244,97,64.0,114.0
17245,97,1688.0,96.0
17246,97,248.0,185.0
17247,97,1672.0,190.0
17248,97,2664.0,107.0
17249,97,52733.0,349.0
17250,97,52.0,180.0
17251,97,2407.0,131.0
17252,97,127764.0,209.0
17253,97,690.0,191.0
17254,97,172.0,86.0
17255,97,35965.0,261.0
17256,97,1592.0,106.0
17257,97,820.0,122.0
17258,97,4309.0,178.0
17259,97,88867.0,124.0
17260,97,300267.0,214.0
17261,97,91392.0,149.0
17262,97,11508.0,113.0
17263,97,2359.0,131.0
17264,97,13776.0,389.0
17265,97,433.0,1032.0
17266,97,2165.0,166.0
17267,97,5610.0,185.0
17268,97,4857.0,185.0
17269,97,5183.0,185.0
17270,97,5049.0,185.0
17271,97,134.0,123.0
17272,97,4918.0,93.0
17273,97,31.0,121.0
17274,97,993.0,196.0
17275,97,2878.0,178.0
17276,97,5540.0,178.0
17277,97,262.0,177.0
17278,97,244.0,195.0
17279,96,4288.0,92.0
17280,96,487.0,116.0
17281,96,2760.0,196.0
17282,96,235.0,119.0
17283,96,45644.0,135.0
17284,96,45.0,114.0
17285,96,16.0,116.0
17286,96,3790.0,678.0
17287,96,58154.0,797.0
17288,96,352.0,175.0
17289,96,5929.0,205.0
17290,96,496.0,102.0
17291,96,750.0,678.0
17292,96,502.0,130.0
17293,96,1368.0,189.0
17294,96,5405.0,185.0
17295,96,5297.0,185.0
17296,96,5325.0,185.0
17297,96,1286.0,209.0
17298,96,17408.0,192.0
17299,96,14191.0,164.0
17300,96,70.0,137.0
17301,96,1404.0,116.0
17302,96,546.0,229.0
17303,96,458.0,222.0
17304,96,36514.0,135.0
17305,96,21998.0,129.0
17306,96,338.0,178.0
17307,96,1060.0,126.0
17308,96,6541.0,128.0
17309,96,255.0,132.0
17310,96,257.0,132.0
17311,96,20021.0,191.0
17312,96,5905.0,136.0
17313,96,17144.0,136.0
17314,96,937.0,154.0
17315,96,1508.0,207.0
17316,96,1639.0,204.0
17317,96,674.0,182.0
17318,96,34.0,183.0
17319,96,11827.0,151.0
17320,96,13.0,120.0
17321,96,94.0,174.0
17322,96,13386.0,106.0
17323,96,9418.0,106.0
17324,96,1246.0,127.0
17325,96,314.0,142.0
17326,96,6316.0,103.0
17327,96,6404.0,103.0
17328,96,6464.0,103.0
17329,96,178.0,198.0
17330,96,109715.0,190.0
17331,96,127.0,112.0
17332,96,8335.0,162.0
17333,96,7892.0,162.0
17334,96,7053.0,162.0
17335,96,5630.0,371.0
17336,96,1306.0,118.0
17337,96,443.0,121.0
17338,96,7646.0,177.0
17339,96,8367.0,177.0
17340,96,8838.0,177.0
17341,96,50415.0,122.0
17342,96,49839.0,122.0
17343,96,41583.0,226.0
17344,96,4300.0,226.0
17345,96,332.0,189.0
17346,96,6079.0,213.0
17347,96,26469.0,122.0
17348,96,50095.0,122.0
17349,96,7443.0,222.0
17350,96,53.0,235.0
17351,96,187.0,152.0
17352,96,25.0,115.0
17353,96,197143.0,119.0
17354,96,652.0,183.0
17355,96,107.0,115.0
17356,96,2212.0,189.0
17357,96,843.0,108.0
17358,96,4160.0,117.0
17359,96,9072.0,407.0
17360,96,118.0,121.0
17361,96,10584.0,146.0
17362,96,25137.0,186.0
17363,96,2803.0,162.0
17364,96,3634.0,121.0
17365,96,2334.0,126.0
17366,96,467.0,121.0
17367,96,6637.0,103.0
17368,96,5991.0,103.0
17369,96,5867.0,103.0
17370,96,5128.0,103.0
17371,96,5629.0,103.0
17372,96,5604.0,103.0
17373,96,5393.0,103.0
17374,96,10052.0,194.0
17375,96,14311.0,194.0
17376,96,25.0,197.0
17377,96,707.0,213.0
17378,96,1003.0,214.0
17379,96,102.0,178.0
17380,96,5043.0,452.0
17381,96,42478.0,122.0
17382,96,51480.0,122.0
17383,96,42690.0,122.0
17384,96,60682.0,115.0
17385,96,1412.0,207.0
17386,96,93.0,136.0
17387,96,3972.0,182.0
17388,96,4199.0,159.0
17389,96,3743.0,159.0
17390,96,3540.0,159.0
17391,96,8322.0,159.0
17392,96,10470.0,118.0
17393,96,331.0,119.0
17394,96,3863.0,114.0
17395,96,312.0,195.0
17396,96,352.0,195.0
17397,96,35851.0,153.0
17398,96,4183.0,115.0
17399,96,11614.0,193.0
17400,96,202.0,181.0
17401,96,130.0,189.0
17402,96,8859.0,245.0
17403,96,531.0,168.0
17404,96,1750.0,191.0
17405,96,20217.0,177.0
17406,96,1573.0,205.0
17407,96,1715.0,205.0
17408,96,11466.0,237.0
17409,96,604.0,189.0
17410,96,4164.0,110.0
17411,96,723.0,122.0
17412,96,807.0,122.0
17413,96,10584.0,133.0
17414,96,6485.0,103.0
17415,96,6697.0,103.0
17416,96,759.0,112.0
17417,96,679.0,114.0
17418,96,263260.0,177.0
17419,96,8596.0,177.0
17420,96,9.0,195.0
17421,96,156502.0,149.0
17422,96,286.0,107.0
17423,96,2.0,112.0
17424,96,727.0,139.0
17425,96,233.0,101.0
17426,96,2633.0,494.0
17427,96,6689.0,171.0
17428,96,49118.0,171.0
17429,96,3429.0,115.0
17430,96,186.0,119.0
17431,96,21319.0,141.0
17432,96,863.0,186.0
17433,96,15695.0,154.0
17434,96,7925.0,177.0
17435,96,107.0,185.0
17436,96,175.0,183.0
17437,96,10828.0,174.0
17438,96,213.0,142.0
17439,96,23422.0,132.0
17440,96,51.0,155.0
17441,96,10968.0,174.0
17442,96,292.0,107.0
17443,96,292.0,107.0
17444,96,275.0,107.0
17445,96,120.0,185.0
17446,96,710.0,208.0
17447,96,514.0,118.0
17448,96,156.0,126.0
17449,96,28.0,126.0
17450,96,526.0,133.0
17451,96,772.0,129.0
17452,96,388.0,134.0
17453,96,34731.0,149.0
17454,96,382.0,324.0
17455,96,101446.0,190.0
17456,96,9831.0,174.0
17457,96,170.0,186.0
17458,96,1349.0,114.0
17459,96,50.0,102.0
17460,96,45.0,102.0
17461,96,14533.0,137.0
17462,96,409.0,112.0
17463,96,1153.0,194.0
17464,96,215.0,142.0
17465,96,1360.0,126.0
17466,96,2450.0,227.0
17467,96,541.0,183.0
17468,96,95.0,148.0
17469,96,16310.0,108.0
17470,96,63936.0,130.0
17471,96,3136.0,130.0
17472,96,224.0,204.0
17473,96,2003.0,314.0
17474,96,492.0,119.0
17475,96,8714.0,349.0
17476,96,261.0,122.0
17477,96,411.0,161.0
17478,96,37.0,191.0
17479,96,38.0,172.0
17480,96,182.0,162.0
17481,96,2362.0,117.0
17482,96,316.0,205.0
17483,96,106.0,137.0
17484,96,6994.0,179.0
17485,96,4941.0,183.0
17486,96,13447.0,141.0
17487,96,2166.0,163.0
17488,96,3332.0,201.0
17489,96,8276.0,238.0
17490,96,1733.0,157.0
17491,96,5650.0,111.0
17492,96,552.0,214.0
17493,96,854.0,175.0
17494,96,605.0,178.0
17495,96,2339.0,167.0
17496,96,3413.0,182.0
17497,96,10460.0,177.0
17498,96,8981.0,177.0
17499,96,9495.0,177.0
17500,96,159.0,108.0
17501,96,4336.0,109.0
17502,96,4347.0,109.0
17503,96,4283.0,109.0
17504,96,4303.0,109.0
17505,96,4493.0,168.0
17506,96,4487.0,176.0
17507,96,10550.0,125.0
17508,96,750.0,88.0
17509,96,183.0,179.0
17510,96,504.0,192.0
17511,96,521.0,97.0
17512,96,1428.0,120.0
17513,96,3621.0,143.0
17514,96,638.0,142.0
17515,96,617.0,142.0
17516,96,654.0,142.0
17517,96,464.0,127.0
17518,96,2581.0,189.0
17519,96,2484.0,189.0
17520,96,179.0,96.0
17521,96,501.0,91.0
17522,96,326.0,97.0
17523,96,469.0,181.0
17524,96,1892.0,132.0
17525,96,3432.0,216.0
17526,96,430.0,147.0
17527,96,713.0,157.0
17528,96,160.0,126.0
17529,96,216.0,126.0
17530,96,31.0,184.0
17531,96,97.0,123.0
17532,96,31.0,123.0
17533,96,726.0,135.0
17534,96,36099.0,146.0
17535,96,3601.0,188.0
17536,96,14.0,295.0
17537,96,5101.0,177.0
17538,96,357.0,111.0
17539,96,128.0,161.0
17540,96,360.0,130.0
17541,96,2962.0,216.0
17542,96,552.0,314.0
17543,96,462.0,324.0
17544,96,411.0,324.0
17545,96,11924.0,324.0
17546,96,423.0,324.0
17547,96,216.0,129.0
17548,96,191.0,129.0
17549,96,199.0,129.0
17550,96,214.0,129.0
17551,96,407.0,129.0
17552,96,11147.0,191.0
17553,96,12066.0,356.0
17554,96,744.0,195.0
17555,96,541.0,195.0
17556,96,29.0,201.0
17557,96,6.0,180.0
17558,96,1086.0,134.0
17559,96,181.0,257.0
17560,96,8766.0,185.0
17561,96,439.0,187.0
17562,96,778.0,193.0
17563,96,1324.0,186.0
17564,96,397.0,192.0
17565,96,2502.0,207.0
17566,96,418.0,397.0
17567,96,405.0,397.0
17568,96,1590.0,135.0
17569,96,2713.0,228.0
17570,96,1110.0,207.0
17571,96,355.0,132.0
17572,96,148216.0,197.0
17573,96,44026.0,118.0
17574,96,36.0,127.0
17575,96,7246.0,109.0
17576,96,4430.0,109.0
17577,96,2327.0,183.0
17578,96,4358.0,109.0
17579,96,4320.0,109.0
17580,96,41124.0,211.0
17581,96,835.0,387.0
17582,96,11867.0,324.0
17583,96,43995.0,142.0
17584,96,937.0,165.0
17585,96,637.0,112.0
17586,96,291.0,112.0
17587,96,2379.0,134.0
17588,96,3072.0,134.0
17589,96,4320.0,207.0
17590,96,3057.0,177.0
17591,96,1820.0,125.0
17592,96,808.0,125.0
17593,96,1855.0,125.0
17594,96,1854.0,125.0
17595,96,864.0,125.0
17596,96,1853.0,125.0
17597,96,194.0,126.0
17598,96,84.0,126.0
17599,96,63.0,126.0
17600,96,595.0,144.0
17601,96,8962.0,206.0
17602,96,986.0,119.0
17603,96,2158.0,144.0
17604,96,1305.0,144.0
17605,96,152.0,144.0
17606,96,818.0,228.0
17607,96,639.0,134.0
17608,96,6745.0,173.0
17609,96,297.0,144.0
17610,96,1151.0,144.0
17611,96,1146.0,144.0
17612,96,1168.0,228.0
17613,96,42897.0,96.0
17614,96,5182.0,96.0
17615,96,7270.0,154.0
17616,96,1807.0,125.0
17617,96,10976.0,196.0
17618,96,986.0,119.0
17619,96,786.0,178.0
17620,96,4327.0,109.0
17621,96,4439.0,109.0
17622,96,12860.0,109.0
17623,96,9714.0,109.0
17624,96,9802.0,109.0
17625,96,22756.0,139.0
17626,96,1203.0,153.0
17627,96,5084.0,194.0
17628,96,877.0,124.0
17629,96,758.0,124.0
17630,96,4388.0,206.0
17631,96,2765.0,206.0
17632,96,2941.0,206.0
17633,96,1802.0,144.0
17634,96,324.0,127.0
17635,96,3827.0,193.0
17636,96,13153.0,144.0
17637,96,12451.0,144.0
17638,96,1601.0,144.0
17639,96,830.0,144.0
17640,96,51.0,128.0
17641,96,900.0,128.0
17642,96,245.0,192.0
17643,96,351.0,192.0
17644,96,501.0,181.0
17645,96,700.0,181.0
17646,96,1732.0,181.0
17647,96,469.0,139.0
17648,96,136.0,139.0
17649,96,430.0,144.0
17650,96,791.0,144.0
17651,96,4401.0,121.0
17652,96,4701.0,183.0
17653,96,950.0,191.0
17654,96,107.0,136.0
17655,96,684.0,120.0
17656,96,1343.0,181.0
17657,96,1065.0,99.0
17658,96,96.0,208.0
17659,96,895.0,112.0
17660,96,3832.0,133.0
17661,96,1892.0,144.0
17662,96,2230.0,144.0
17663,96,8151.0,144.0
17664,96,5117.0,144.0
17665,96,190.0,181.0
17666,96,387.0,114.0
17667,96,615.0,102.0
17668,96,119.0,123.0
17669,96,116.0,123.0
17670,96,177.0,123.0
17671,96,2223.0,144.0
17672,96,9869.0,144.0
17673,96,439.0,203.0
17674,96,4022.0,144.0
17675,96,30231.0,144.0
17676,96,11190.0,144.0
17677,96,6452.0,144.0
17678,96,221.0,144.0
17679,96,1757.0,144.0
17680,96,308.0,144.0
17681,96,1084.0,248.0
17682,96,724.0,168.0
17683,96,764.0,144.0
17684,96,2757.0,144.0
17685,96,90.0,144.0
17686,96,1942.0,144.0
17687,96,2672.0,151.0
17688,96,5106.0,205.0
17689,96,4760.0,217.0
17690,96,1609.0,137.0
17691,96,10451.0,191.0
17692,96,600187.0,144.0
17693,96,182.0,185.0
17694,96,1662.0,132.0
17695,96,268.0,175.0
17696,96,16605.0,231.0
17697,96,585.0,151.0
17698,96,112.0,123.0
17699,96,2123.0,120.0
17700,96,282.0,212.0
17701,96,34954.0,165.0
17702,96,3448.0,206.0
17703,96,3264.0,127.0
17704,96,9572.0,177.0
17705,96,9390.0,177.0
17706,96,595.0,183.0
17707,96,753.0,153.0
17708,96,263.0,200.0
17709,96,718.0,210.0
17710,96,17143.0,326.0
17711,96,3442.0,215.0
17712,96,3424.0,215.0
17713,96,28462.0,146.0
17714,96,150.0,113.0
17715,96,245.0,182.0
17716,96,496.0,144.0
17717,96,156516.0,144.0
17718,96,13186.0,144.0
17719,96,199.0,109.0
17720,96,1207.0,182.0
17721,96,1202.0,182.0
17722,96,1474.0,212.0
17723,96,2029.0,133.0
17724,96,2843.0,151.0
17725,96,4850.0,151.0
17726,96,4607.0,151.0
17727,96,1148.0,194.0
17728,96,634.0,151.0
17729,96,22.0,129.0
17730,96,576.0,115.0
17731,96,592.0,138.0
17732,96,703.0,138.0
17733,96,324.0,181.0
17734,96,30590.0,154.0
17735,96,111225.0,149.0
17736,96,0.0,278.0
17737,96,705.0,133.0
17738,96,702.0,103.0
17739,96,796.0,187.0
17740,96,2243.0,187.0
17741,96,1226.0,180.0
17742,96,381.0,193.0
17743,96,0.0,132.0
17744,96,47.0,132.0
17745,96,990.0,121.0
17746,96,7112.0,354.0
17747,96,7687.0,354.0
17748,96,26336.0,206.0
17749,96,9532.0,206.0
17750,96,12563.0,206.0
17751,96,29.0,115.0
17752,96,2.0,572.0
17753,96,1429.0,132.0
17754,96,5796.0,130.0
17755,96,757.0,121.0
17756,96,60.0,118.0
17757,96,16436.0,175.0
17758,96,29.0,130.0
17759,96,4749.0,132.0
17760,96,7474.0,354.0
17761,96,7271.0,354.0
17762,96,3273.0,139.0
17763,96,6540.0,129.0
17764,96,24.0,141.0
17765,96,24.0,141.0
17766,96,93.0,114.0
17767,96,6224.0,131.0
17768,96,2334.0,128.0
17769,96,30986.0,126.0
17770,96,1091.0,115.0
17771,96,5265.0,158.0
17772,96,1781.0,158.0
17773,96,8283.0,354.0
17774,96,7517.0,354.0
17775,96,8302.0,354.0
17776,96,846.0,121.0
17777,96,438.0,133.0
17778,96,4027.0,124.0
17779,96,4061.0,124.0
17780,96,6502.0,210.0
17781,96,6002.0,210.0
17782,96,113809.0,166.0
17783,96,46290.0,162.0
17784,96,918.0,138.0
17785,96,782.0,151.0
17786,96,7939.0,354.0
17787,96,8190.0,354.0
17788,96,7506.0,354.0
17789,96,7718.0,354.0
17790,96,8989.0,354.0
17791,96,7152.0,354.0
17792,96,8092.0,354.0
17793,96,4165.0,124.0
17794,96,4163.0,124.0
17795,96,4007.0,124.0
17796,96,4209.0,124.0
17797,96,4427.0,124.0
17798,96,4281.0,124.0
17799,96,1380.0,138.0
17800,96,1748.0,138.0
17801,96,780.0,138.0
17802,96,569.0,138.0
17803,96,635.0,134.0
17804,96,83715.0,256.0
17805,96,2801.0,198.0
17806,96,2954.0,198.0
17807,96,400.0,136.0
17808,96,305.0,133.0
17809,96,113.0,127.0
17810,96,4150.0,124.0
17811,96,7409.0,128.0
17812,96,3975.0,124.0
17813,96,5448.0,138.0
17814,96,5123.0,138.0
17815,96,39937.0,400.0
17816,96,84.0,123.0
17817,96,6330.0,129.0
17818,96,28453.0,153.0
17819,96,130.0,127.0
17820,96,184.0,111.0
17821,96,1056.0,176.0
17822,96,1479.0,176.0
17823,96,4175.0,124.0
17824,96,4167.0,124.0
17825,96,408.0,108.0
17826,96,10848.0,354.0
17827,96,113.0,139.0
17828,96,1120.0,108.0
17829,96,25.0,180.0
17830,96,1112.0,122.0
17831,96,23104.0,210.0
17832,96,3732.0,318.0
17833,96,10570.0,182.0
17834,96,3383.0,120.0
17835,96,1565.0,120.0
17836,96,0.0,145.0
17837,96,469.0,121.0
17838,96,1160.0,110.0
17839,96,534.0,101.0
17840,96,6614.0,142.0
17841,96,4237.0,147.0
17842,96,5156.0,138.0
17843,96,4469.0,147.0
17844,96,4461.0,138.0
17845,96,4669.0,138.0
17846,96,4476.0,138.0
17847,96,4470.0,138.0
17848,96,6224.0,138.0
17849,96,5176.0,138.0
17850,96,5026.0,138.0
17851,96,1045.0,219.0
17852,96,406.0,171.0
17853,96,28.0,182.0
17854,96,360.0,191.0
17855,96,2413.0,120.0
17856,96,116.0,223.0
17857,96,4968.0,114.0
17858,96,1575.0,189.0
17859,96,5083.0,138.0
17860,96,5170.0,138.0
17861,96,5014.0,138.0
17862,96,4712.0,138.0
17863,96,4742.0,138.0
17864,96,4383.0,147.0
17865,96,4323.0,147.0
17866,96,4306.0,147.0
17867,96,4416.0,147.0
17868,96,4362.0,147.0
17869,96,4202.0,147.0
17870,96,4363.0,147.0
17871,96,4126.0,147.0
17872,96,4306.0,147.0
17873,96,4161.0,147.0
17874,96,260.0,131.0
17875,96,1627.0,94.0
17876,96,640.0,129.0
17877,96,1563.0,120.0
17878,96,1567.0,120.0
17879,96,645.0,126.0
17880,96,1758.0,210.0
17881,96,1673.0,166.0
17882,96,167.0,166.0
17883,96,637.0,124.0
17884,96,2116.0,125.0
17885,96,4484.0,370.0
17886,96,281.0,394.0
17887,96,3846.0,394.0
17888,96,4820.0,114.0
17889,96,816.0,211.0
17890,96,249.0,246.0
17891,96,4635.0,114.0
17892,96,5371.0,138.0
17893,96,5626.0,138.0
17894,96,5573.0,138.0
17895,96,5863.0,138.0
17896,96,5600.0,138.0
17897,96,248.0,188.0
17898,96,11068.0,245.0
17899,96,300577.0,278.0
17900,96,119.0,140.0
17901,96,5919.0,138.0
17902,96,5932.0,138.0
17903,96,5377.0,138.0
17904,96,5291.0,138.0
17905,96,111.0,133.0
17906,96,1472.0,121.0
17907,96,180288.0,176.0
17908,96,8779.0,401.0
17909,96,810.0,162.0
17910,96,73.0,191.0
17911,96,718.0,149.0
17912,96,2987.0,198.0
17913,96,9374.0,123.0
17914,96,9312.0,123.0
17915,96,9305.0,123.0
17916,96,9536.0,123.0
17917,96,9355.0,123.0
17918,96,4075.0,131.0
17919,96,672.0,82.0
17920,96,1441.0,118.0
17921,96,2882.0,198.0
17922,96,2826.0,198.0
17923,96,2877.0,198.0
17924,96,918.0,178.0
17925,96,134.0,291.0
17926,96,1004.0,291.0
17927,96,42.0,120.0
17928,96,4653.0,114.0
17929,96,4753.0,114.0
17930,96,4760.0,114.0
17931,96,4750.0,114.0
17932,96,4771.0,114.0
17933,96,4930.0,114.0
17934,96,4433.0,114.0
17935,96,4859.0,114.0
17936,96,4734.0,114.0
17937,96,14.0,119.0
17938,96,94.0,124.0
17939,96,95.0,124.0
17940,96,59.0,117.0
17941,96,206.0,142.0
17942,96,2717.0,138.0
17943,96,9268.0,126.0
17944,96,973.0,157.0
17945,96,9136.0,123.0
17946,96,9096.0,123.0
17947,96,9325.0,123.0
17948,96,9295.0,123.0
17949,96,9325.0,123.0
17950,96,10064.0,123.0
17951,96,9897.0,123.0
17952,96,290.0,130.0
17953,96,49.0,121.0
17954,96,48.0,121.0
17955,96,16.0,117.0
17956,96,16.0,117.0
17957,96,9820.0,123.0
17958,96,2408.0,203.0
17959,96,19260.0,189.0
17960,96,762.0,189.0
17961,96,119.0,166.0
17962,96,803.0,122.0
17963,96,3709.0,139.0
17964,96,570.0,340.0
17965,96,622.0,193.0
17966,96,12.0,123.0
17967,96,60.0,117.0
17968,96,14.0,119.0
17969,96,131766.0,135.0
17970,96,173.0,211.0
17971,96,101.0,207.0
17972,96,1451.0,183.0
17973,96,823.0,106.0
17974,96,1562.0,125.0
17975,96,191.0,354.0
17976,96,7857.0,128.0
17977,96,10108.0,153.0
17978,96,5259.0,291.0
17979,96,6.0,114.0
17980,96,770.0,132.0
17981,96,4316.0,374.0
17982,96,366.0,374.0
17983,96,4242.0,374.0
17984,96,44.0,120.0
17985,96,239.0,118.0
17986,96,60.0,129.0
17987,96,5190.0,138.0
17988,96,5300.0,138.0
17989,96,5080.0,138.0
17990,96,349.0,374.0
17991,96,1507.0,358.0
17992,96,1789.0,354.0
17993,96,357.0,354.0
17994,96,213.0,354.0
17995,96,1481.0,354.0
17996,96,338.0,354.0
17997,96,165.0,125.0
17998,96,656.0,112.0
17999,96,339.0,115.0
18000,96,9.0,113.0
18001,96,88.0,200.0
18002,96,957.0,129.0
18003,96,600334.0,160.0
18004,96,894.0,114.0
18005,96,137.0,134.0
18006,96,418.0,134.0
18007,96,436.0,163.0
18008,96,178.0,169.0
18009,96,367.0,181.0
18010,96,3132.0,98.0
18011,96,381.0,116.0
18012,96,229.0,116.0
18013,96,35.0,250.0
18014,96,2.0,122.0
18015,96,3237.0,135.0
18016,96,3304.0,225.0
18017,96,373.0,208.0
18018,96,514.0,139.0
18019,96,5351.0,138.0
18020,96,5001.0,138.0
18021,96,5169.0,138.0
18022,96,4787.0,138.0
18023,96,743.0,104.0
18024,96,936.0,145.0
18025,96,29521.0,193.0
18026,96,16510.0,116.0
18027,96,4963.0,185.0
18028,96,5342.0,185.0
18029,96,4832.0,138.0
18030,96,4438.0,138.0
18031,96,884.0,104.0
18032,96,426.0,199.0
18033,96,49925.0,723.0
18034,96,60143.0,138.0
18035,96,10248.0,76.0
18036,96,4484.0,138.0
18037,96,4559.0,138.0
18038,96,4371.0,138.0
18039,96,671.0,183.0
18040,96,186.0,149.0
18041,96,246.0,149.0
18042,96,239.0,149.0
18043,96,25152.0,145.0
18044,96,456.0,126.0
18045,96,60.0,118.0
18046,96,446.0,389.0
18047,96,435.0,181.0
18048,96,732.0,208.0
18049,96,672.0,363.0
18050,96,761.0,466.0
18051,96,846.0,162.0
18052,96,173.0,191.0
18053,96,2686.0,135.0
18054,96,4602.0,153.0
18055,96,129.0,118.0
18056,96,716.0,209.0
18057,96,2201.0,209.0
18058,96,5503.0,185.0
18059,96,5187.0,192.0
18060,96,3741.0,131.0
18061,96,116.0,131.0
18062,96,3014.0,113.0
18063,96,1917.0,118.0
18064,96,3823.0,125.0
18065,96,29937.0,117.0
18066,96,29966.0,117.0
18067,96,915.0,204.0
18068,96,276.0,115.0
18069,96,1637.0,162.0
18070,96,1554.0,155.0
18071,96,786.0,182.0
18072,96,4029.0,983.0
18073,96,1002.0,146.0
18074,96,5217.0,125.0
18075,96,158.0,133.0
18076,96,133.0,189.0
18077,96,637.0,172.0
18078,96,1293.0,375.0
18079,96,225718.0,119.0
18080,96,279.0,156.0
18081,96,3462.0,105.0
18082,96,245.0,111.0
18083,96,1896.0,127.0
18084,96,1867.0,123.0
18085,96,354.0,103.0
18086,96,1149.0,178.0
18087,96,2983.0,1227.0
18088,96,265.0,115.0
18089,96,561.0,209.0
18090,96,364.0,209.0
18091,96,1071.0,122.0
18092,96,5010.0,185.0
18093,96,5042.0,185.0
18094,96,5163.0,185.0
18095,96,5333.0,185.0
18096,96,6337.0,185.0
18097,96,646.0,116.0
18098,96,584.0,120.0
18099,96,11486.0,128.0
18100,96,35.0,127.0
18101,96,342.0,256.0
18102,96,24637.0,118.0
18103,96,2299.0,147.0
18104,96,11094.0,570.0
18105,96,11146.0,570.0
18106,96,2056.0,210.0
18107,96,15811.0,210.0
18108,96,159.0,143.0
18109,96,8217.0,187.0
18110,96,5837.0,236.0
18111,96,4940.0,185.0
18112,96,989.0,208.0
18113,96,690.0,188.0
18114,96,395.0,130.0
18115,96,412.0,130.0
18116,96,676.0,123.0
18117,96,36.0,123.0
18118,96,339.0,150.0
18119,96,7000.0,121.0
18120,96,247.0,185.0
18121,96,1798.0,123.0
18122,96,22.0,126.0
18123,96,529.0,130.0
18124,96,4416.0,107.0
18125,96,811.0,107.0
18126,96,1944.0,128.0
18127,96,468.0,116.0
18128,96,327.0,116.0
18129,95,187.0,134.0
18130,95,148.0,169.0
18131,95,20908.0,194.0
18132,95,3942.0,172.0
18133,95,111.0,134.0
18134,95,186.0,184.0
18135,95,15365.0,371.0
18136,95,382.0,185.0
18137,95,29.0,198.0
18138,95,86.0,118.0
18139,95,75.0,118.0
18140,95,49.0,118.0
18141,95,121.0,122.0
18142,95,44.0,118.0
18143,95,1868.0,170.0
18144,95,337.0,183.0
18145,95,1592.0,177.0
18146,95,2586.0,227.0
18147,95,1084.0,187.0
18148,95,1016.0,187.0
18149,95,191.0,219.0
18150,95,4345.0,354.0
18151,95,1.0,123.0
18152,95,149.0,216.0
18153,95,476.0,120.0
18154,95,1621.0,129.0
18155,95,2484.0,215.0
18156,95,81.0,183.0
18157,95,1098.0,194.0
18158,95,66.0,123.0
18159,95,198.0,112.0
18160,95,349.0,189.0
18161,95,94.0,184.0
18162,95,2208.0,193.0
18163,95,19869.0,137.0
18164,95,2063.0,127.0
18165,95,2371.0,187.0
18166,95,503.0,204.0
18167,95,976.0,204.0
18168,95,748.0,189.0
18169,95,511.0,189.0
18170,95,2398.0,113.0
18171,95,120.0,187.0
18172,95,0.0,129.0
18173,95,863.0,189.0
18174,95,136.0,189.0
18175,95,105.0,183.0
18176,95,1312.0,147.0
18177,95,2773.0,213.0
18178,95,50392.0,178.0
18179,95,523.0,190.0
18180,95,354.0,177.0
18181,95,1080.0,102.0
18182,95,2274.0,201.0
18183,95,1069.0,129.0
18184,95,974.0,217.0
18185,95,17.0,115.0
18186,95,18.0,115.0
18187,95,373.0,122.0
18188,95,2297.0,191.0
18189,95,232.0,211.0
18190,95,21.0,205.0
18191,95,263.0,120.0
18192,95,24422.0,254.0
18193,95,466.0,173.0
18194,95,1327.0,126.0
18195,95,448.0,460.0
18196,95,34354.0,133.0
18197,95,1014.0,126.0
18198,95,425.0,154.0
18199,95,3398.0,186.0
18200,95,6267.0,180.0
18201,95,2557.0,126.0
18202,95,113.0,120.0
18203,95,130.0,193.0
18204,95,16725.0,206.0
18205,95,30677.0,189.0
18206,95,1017.0,194.0
18207,95,368.0,164.0
18208,95,300.0,203.0
18209,95,23603.0,190.0
18210,95,186.0,115.0
18211,95,65904.0,134.0
18212,95,148.0,185.0
18213,95,389.0,97.0
18214,95,2282.0,117.0
18215,95,32473.0,177.0
18216,95,11658.0,205.0
18217,94,5.0,98.0
18218,94,622.0,177.0
18219,94,1543.0,189.0
18220,94,429.0,112.0
18221,94,181.0,124.0
18222,94,41.0,115.0
18223,94,545.0,104.0
18224,94,752.0,144.0
18225,94,228.0,119.0
18226,94,6.0,124.0
18227,94,6.0,195.0
18228,94,2136.0,114.0
18229,94,5148.0,218.0
18230,94,133.0,180.0
18231,94,12986.0,147.0
18232,94,1038.0,173.0
18233,94,984.0,163.0
18234,94,656.0,181.0
18235,94,1088.0,156.0
18236,94,79.0,116.0
18237,94,121.0,211.0
18238,94,52187.0,126.0
18239,94,624.0,115.0
18240,94,838.0,180.0
18241,94,1163.0,185.0
18242,94,152.0,185.0
18243,94,593.0,127.0
18244,94,24.0,118.0
18245,94,387.0,118.0
18246,94,395.0,124.0
18247,94,17299.0,128.0
18248,94,25.0,189.0
18249,94,22.0,183.0
18250,93,215.0,119.0
18251,93,11948.0,107.0
18252,93,3168.0,125.0
18253,93,339.0,193.0
18254,93,2306.0,130.0
18255,93,234.0,119.0
18256,93,364.0,123.0
18257,93,1027.0,333.0
18258,93,25.0,119.0
18259,93,616.0,221.0
18260,93,2053.0,415.0
18261,93,23.0,124.0
18262,93,10513.0,400.0
18263,93,10480.0,585.0
18264,93,620.0,193.0
18265,93,414.0,115.0
18266,93,23.0,193.0
18267,93,222.0,181.0
18268,93,681.0,172.0
18269,93,17604.0,138.0
18270,93,2739.0,205.0
18271,93,35700.0,184.0
18272,93,110.0,185.0
18273,93,514.0,148.0
18274,93,14438.0,122.0
18275,93,17845.0,139.0
18276,93,8674.0,114.0
18277,93,10.0,121.0
18278,93,1545.0,228.0
18279,93,194.0,119.0
18280,93,5413.0,139.0
18281,93,91.0,195.0
18282,93,14.0,134.0
18283,93,8953.0,267.0
18284,93,23777.0,185.0
18285,93,285.0,120.0
18286,93,550.0,107.0
18287,93,15.0,122.0
18288,93,2130.0,122.0
18289,93,10.0,205.0
18290,92,140.0,141.0
18291,92,81.0,190.0
18292,92,3169.0,124.0
18293,92,156.0,125.0
18294,92,489.0,219.0
18295,92,52.0,126.0
18296,92,181.0,140.0
18297,92,49.0,141.0
18298,92,107995.0,110.0
18299,92,1103.0,298.0
18300,92,36.0,141.0
18301,92,2388.0,170.0
18302,92,3137.0,226.0
18303,92,2960.0,180.0
18304,92,757.0,113.0
18305,92,160.0,225.0
18306,92,131.0,159.0
18307,92,132.0,131.0
18308,92,1184.0,162.0
18309,92,513.0,187.0
18310,92,280.0,131.0
18311,91,3418.0,129.0
18312,91,6037.0,123.0
18313,91,135.0,120.0
18314,91,30267.0,142.0
18315,91,36175.0,220.0
18316,91,73.0,203.0
18317,91,100.0,125.0
18318,91,77.0,192.0
18319,91,93721.0,302.0
18320,91,16330.0,139.0
18321,91,2138.0,175.0
18322,91,22.0,193.0
18323,91,5725.0,121.0
18324,91,233.0,188.0
18325,91,520.0,173.0
18326,91,823.0,93.0
18327,91,886.0,193.0
18328,91,6.0,195.0
18329,91,393.0,144.0
18330,91,14885.0,126.0
18331,91,168.0,107.0
18332,91,175.0,165.0
18333,91,962.0,125.0
18334,91,9204.0,140.0
18335,91,938.0,125.0
18336,90,188.0,104.0
18337,90,601.0,102.0
18338,90,205.0,118.0
18339,90,147.0,348.0
18340,90,3246.0,130.0
18341,90,499.0,132.0
18342,90,3864.0,184.0
18343,90,2073.0,233.0
18344,90,6808.0,327.0
18345,90,872.0,132.0
18346,90,207.0,351.0
18347,90,192340.0,299.0
18348,90,740.0,200.0
18349,90,461.0,181.0
18350,90,140.0,245.0
18351,90,3467.0,189.0
18352,90,11755.0,129.0
18353,90,77.0,168.0
18354,90,2191.0,132.0
18355,90,3472.0,125.0
18356,90,4618.0,122.0
18357,90,211.0,195.0
18358,90,89.0,245.0
18359,90,3896.0,189.0
18360,90,1427.0,200.0
18361,90,2653.0,128.0
18362,89,2886.0,136.0
18363,89,272.0,193.0
18364,89,91.0,203.0
18365,89,13.0,133.0
18366,89,33357.0,134.0
18367,89,36.0,195.0
18368,89,80.0,122.0
18369,89,56.0,92.0
18370,89,230.0,93.0
18371,89,44.0,116.0
18372,89,3038.0,132.0
18373,89,592.0,178.0
18374,89,206.0,114.0
18375,89,789.0,85.0
18376,89,815.0,129.0
18377,89,402.0,129.0
18378,89,13.0,168.0
18379,89,83.0,186.0
18380,88,6450.0,203.0
18381,88,4155.0,89.0
18382,88,354.0,112.0
18383,88,526.0,112.0
18384,88,63356.0,134.0
18385,88,128.0,192.0
18386,88,12.0,158.0
18387,88,1235.0,194.0
18388,88,115.0,177.0
18389,88,7150.0,249.0
18390,88,167.0,177.0
18391,88,8464.0,400.0
18392,88,8119.0,400.0
18393,88,57.0,118.0
18394,88,239.0,167.0
18395,88,3355.0,249.0
18396,88,4077.0,249.0
18397,88,1095.0,121.0
18398,88,34188.0,134.0
18399,88,852.0,199.0
18400,88,76.0,203.0
18401,88,21.0,189.0
18402,88,5833.0,147.0
18403,88,242.0,211.0
18404,88,327.0,209.0
18405,88,27.0,190.0
18406,88,179.0,181.0
18407,88,9.0,189.0
18408,87,278.0,176.0
18409,87,5874.0,231.0
18410,87,2748.0,122.0
18411,87,580.0,107.0
18412,87,128.0,116.0
18413,87,1314.0,186.0
18414,87,134.0,185.0
18415,87,560992.0,132.0
18416,87,64.0,450.0
18417,87,77.0,139.0
18418,87,69.0,121.0
18419,87,684.0,96.0
18420,87,57.0,190.0
18421,87,12.0,128.0
18422,87,11368.0,187.0
18423,87,515.0,139.0
18424,87,221.0,213.0
18425,87,91.0,178.0
18426,87,761.0,131.0
18427,87,41.0,122.0
18428,87,1632.0,171.0
18429,87,6151.0,216.0
18430,87,32095.0,113.0
18431,86,107.0,191.0
18432,86,109.0,213.0
18433,86,1.0,115.0
18434,86,4789.0,189.0
18435,86,314.0,172.0
18436,86,127.0,181.0
18437,86,364.0,116.0
18438,86,3412.0,216.0
18439,86,1253.0,210.0
18440,86,706.0,119.0
18441,86,14099.0,189.0
18442,86,121.0,126.0
18443,86,141.0,181.0
18444,86,499.0,104.0
18445,86,120.0,92.0
18446,86,325.0,119.0
18447,86,335.0,192.0
18448,86,178.0,124.0
18449,86,7.0,181.0
18450,86,35067.0,140.0
18451,86,196.0,162.0
18452,86,33665.0,142.0
18453,86,15479.0,171.0
18454,86,15.0,178.0
18455,86,20.0,124.0
18456,86,183.0,118.0
18457,86,34.0,149.0
18458,86,663.0,195.0
18459,86,23181.0,149.0
18460,86,995.0,208.0
18461,86,1068.0,136.0
18462,86,3609.0,104.0
18463,86,54.0,94.0
18464,86,29875.0,209.0
18465,85,61.0,117.0
18466,85,134.0,203.0
18467,85,1770.0,133.0
18468,85,49.0,118.0
18469,85,37.0,137.0
18470,85,83.0,124.0
18471,85,9.0,181.0
18472,85,9.0,181.0
18473,85,978.0,180.0
18474,85,3876.0,96.0
18475,85,39.0,177.0
18476,85,164.0,120.0
18477,85,26076.0,104.0
18478,85,34703.0,132.0
18479,85,506.0,120.0
18480,85,284.0,208.0
18481,85,127362.0,281.0
18482,85,34.0,199.0
18483,85,20668.0,115.0
18484,85,5.0,111.0
18485,85,477.0,121.0
18486,85,76669.0,137.0
18487,85,576.0,203.0
18488,85,25.0,226.0
18489,85,338.0,190.0
18490,85,418.0,120.0
18491,85,64.0,181.0
18492,85,38.0,133.0
18493,85,339.0,134.0
18494,85,68.0,90.0
18495,85,63.0,91.0
18496,85,5153.0,134.0
18497,85,78.0,105.0
18498,85,1308.0,216.0
18499,85,164284.0,922.0
18500,85,165.0,205.0
18501,85,586.0,186.0
18502,85,33.0,179.0
18503,85,353.0,125.0
18504,85,3981.0,115.0
18505,85,448.0,162.0
18506,85,856.0,189.0
18507,85,2781.0,119.0
18508,84,1685.0,133.0
18509,84,1048.0,102.0
18510,84,29.0,187.0
18511,84,51627.0,169.0
18512,84,51598.0,169.0
18513,84,102.0,203.0
18514,84,294.0,187.0
18515,84,576.0,94.0
18516,84,99.0,136.0
18517,84,5508.0,127.0
18518,84,88.0,136.0
18519,84,38.0,136.0
18520,84,96.0,136.0
18521,84,1373.0,211.0
18522,84,1338.0,211.0
18523,84,8144.0,131.0
18524,84,116.0,195.0
18525,84,755.0,183.0
18526,84,923.0,181.0
18527,84,438.0,203.0
18528,84,70.0,241.0
18529,84,63.0,133.0
18530,84,76.0,203.0
18531,84,28.0,108.0
18532,84,4727.0,120.0
18533,84,251.0,197.0
18534,84,278.0,138.0
18535,84,150.0,136.0
18536,84,1139.0,330.0
18537,84,66.0,136.0
18538,84,132356.0,171.0
18539,84,2308.0,124.0
18540,84,11077.0,370.0
18541,84,177.0,209.0
18542,84,53.0,117.0
18543,84,841.0,189.0
18544,84,10297.0,202.0
18545,84,25493.0,205.0
18546,84,21.0,122.0
18547,84,203.0,119.0
18548,84,2733.0,126.0
18549,84,114.0,201.0
18550,84,179.0,163.0
18551,84,428.0,120.0
18552,84,857.0,126.0
18553,84,23.0,189.0
18554,84,1829.0,123.0
18555,84,65.0,131.0
18556,84,2400.0,126.0
18557,83,749.0,115.0
18558,83,47.0,141.0
18559,83,44.0,115.0
18560,83,6053.0,142.0
18561,83,44.0,137.0
18562,83,640.0,194.0
18563,83,3655.0,301.0
18564,83,36211.0,191.0
18565,83,479.0,188.0
18566,83,195.0,126.0
18567,83,185.0,126.0
18568,83,17.0,111.0
18569,83,325.0,140.0
18570,83,4625.0,140.0
18571,83,111.0,92.0
18572,83,163.0,138.0
18573,83,32819.0,139.0
18574,83,135.0,186.0
18575,83,101.0,186.0
18576,83,12722.0,115.0
18577,83,46.0,133.0
18578,83,1286.0,189.0
18579,83,259.0,142.0
18580,83,814.0,133.0
18581,83,51598.0,127.0
18582,82,1144.0,241.0
18583,82,2159.0,122.0
18584,82,162177.0,922.0
18585,82,1551.0,154.0
18586,82,5446.0,199.0
18587,82,11.0,387.0
18588,82,540.0,151.0
18589,82,45.0,241.0
18590,82,318.0,183.0
18591,82,5699.0,125.0
18592,82,4556.0,306.0
18593,82,310.0,199.0
18594,82,681.0,195.0
18595,82,131.0,203.0
18596,82,18633.0,134.0
18597,82,400.0,151.0
18598,82,77.0,203.0
18599,82,156.0,92.0
18600,82,173.0,92.0
18601,82,468.0,181.0
18602,82,2950.0,204.0
18603,82,138.0,193.0
18604,82,276.0,186.0
18605,82,600041.0,159.0
18606,82,126.0,162.0
18607,82,27.0,161.0
18608,82,4254.0,208.0
18609,82,77.0,181.0
18610,82,5543.0,214.0
18611,82,165.0,185.0
18612,82,376.0,181.0
18613,82,318.0,167.0
18614,82,7016.0,191.0
18615,81,221.0,176.0
18616,81,757.0,181.0
18617,81,24272.0,122.0
18618,81,355.0,89.0
18619,81,1146.0,476.0
18620,81,330.0,182.0
18621,81,43410.0,186.0
18622,81,43410.0,179.0
18623,81,730.0,121.0
18624,81,1785.0,165.0
18625,81,8.0,181.0
18626,81,10410.0,202.0
18627,81,32639.0,177.0
18628,81,7.0,125.0
18629,81,13.0,233.0
18630,81,1146.0,179.0
18631,81,54366.0,400.0
18632,81,1821.0,158.0
18633,81,2091.0,233.0
18634,81,271.0,193.0
18635,81,37606.0,129.0
18636,81,1012.0,204.0
18637,81,2995.0,233.0
18638,81,170.0,120.0
18639,81,10.0,181.0
18640,81,485.0,124.0
18641,81,12.0,181.0
18642,81,11.0,181.0
18643,81,207.0,120.0
18644,81,38083.0,186.0
18645,81,106.0,120.0
18646,81,38083.0,179.0
18647,81,234.0,120.0
18648,81,276.0,211.0
18649,81,25.0,181.0
18650,81,884.0,211.0
18651,81,21.0,181.0
18652,81,220.0,120.0
18653,81,539.0,117.0
18654,81,0.0,123.0
18655,81,156.0,120.0
18656,81,2056.0,136.0
18657,81,4355.0,147.0
18658,81,1265.0,233.0
18659,81,213.0,134.0
18660,81,2452.0,158.0
18661,80,36083.0,128.0
18662,80,262.0,161.0
18663,80,481.0,187.0
18664,80,13.0,192.0
18665,80,191.0,116.0
18666,80,3289.0,129.0
18667,80,1026.0,124.0
18668,80,78.0,182.0
18669,80,63.0,182.0
18670,80,45594.0,197.0
18671,80,711.0,182.0
18672,80,6233.0,182.0
18673,80,132.0,162.0
18674,80,421.0,119.0
18675,80,567.0,111.0
18676,80,11.0,124.0
18677,80,6016.0,116.0
18678,80,97.0,117.0
18679,80,35.0,199.0
18680,80,6009.0,116.0
18681,80,1793.0,113.0
18682,80,202295.0,174.0
18683,80,105383.0,188.0
18684,80,56.0,140.0
18685,80,6.0,118.0
18686,80,412.0,133.0
18687,80,479.0,182.0
18688,80,63.0,139.0
18689,80,313.0,138.0
18690,80,168.0,203.0
18691,80,1762.0,130.0
18692,80,30490.0,141.0
18693,80,377.0,184.0
18694,80,127.0,147.0
18695,80,482.0,167.0
18696,80,6905.0,221.0
18697,80,63.0,182.0
18698,80,309674.0,922.0
18699,79,752.0,117.0
18700,79,3024.0,131.0
18701,79,288185.0,922.0
18702,79,25023.0,216.0
18703,79,685.0,189.0
18704,79,1450.0,159.0
18705,79,125.0,181.0
18706,79,3320.0,181.0
18707,79,557.0,181.0
18708,79,22306.0,112.0
18709,79,3086.0,131.0
18710,79,382.0,181.0
18711,79,448.0,181.0
18712,79,397.0,181.0
18713,79,599.0,181.0
18714,79,70.0,181.0
18715,79,1728.0,176.0
18716,79,717.0,181.0
18717,79,2004.0,143.0
18718,79,2839.0,137.0
18719,79,724.0,113.0
18720,79,69.0,193.0
18721,79,635.0,113.0
18722,79,168.0,213.0
18723,79,77.0,193.0
18724,79,35.0,125.0
18725,79,202.0,105.0
18726,79,32.0,190.0
18727,79,12315.0,213.0
18728,79,7098.0,147.0
18729,79,42.0,179.0
18730,79,225.0,116.0
18731,79,44198.0,206.0
18732,79,4920.0,141.0
18733,79,1300.0,110.0
18734,79,614.0,181.0
18735,79,117.0,181.0
18736,79,393.0,181.0
18737,78,31974.0,142.0
18738,78,124.0,189.0
18739,78,313367.0,922.0
18740,78,115.0,182.0
18741,78,2937.0,231.0
18742,78,61.0,117.0
18743,78,6.0,225.0
18744,78,1946.0,203.0
18745,78,6.0,224.0
18746,78,317975.0,922.0
18747,78,29.0,150.0
18748,78,27.0,150.0
18749,78,289.0,177.0
18750,78,77.0,116.0
18751,78,1087.0,124.0
18752,78,42.0,130.0
18753,78,6149.0,193.0
18754,78,3.0,149.0
18755,78,113.0,228.0
18756,78,78.0,107.0
18757,78,352.0,197.0
18758,78,60.0,131.0
18759,78,663.0,171.0
18760,78,161257.0,922.0
18761,78,356.0,168.0
18762,78,123.0,186.0
18763,78,119.0,118.0
18764,78,6218.0,147.0
18765,78,198.0,112.0
18766,78,3363.0,196.0
18767,78,5710.0,123.0
18768,78,78.0,190.0
18769,78,65.0,170.0
18770,78,200.0,211.0
18771,78,232.0,211.0
18772,78,652.0,148.0
18773,78,8509.0,113.0
18774,78,2664.0,119.0
18775,78,32237.0,135.0
18776,78,312.0,190.0
18777,77,120.0,131.0
18778,77,742.0,139.0
18779,77,15.0,182.0
18780,77,32882.0,213.0
18781,77,4813.0,203.0
18782,77,2817.0,147.0
18783,77,4073.0,224.0
18784,77,17209.0,127.0
18785,77,1890.0,205.0
18786,77,1434.0,224.0
18787,77,211.0,194.0
18788,77,4.0,107.0
18789,77,5949.0,134.0
18790,77,109.0,116.0
18791,77,493.0,180.0
18792,77,312.0,219.0
18793,77,2354.0,137.0
18794,77,2911.0,143.0
18795,77,3793.0,224.0
18796,77,1365.0,224.0
18797,77,787.0,176.0
18798,77,2111.0,131.0
18799,77,154.0,109.0
18800,77,387.0,187.0
18801,77,303.0,131.0
18802,77,43.0,187.0
18803,77,36206.0,139.0
18804,77,216.0,115.0
18805,77,253.0,158.0
18806,77,238.0,117.0
18807,77,2205.0,131.0
18808,77,2887.0,131.0
18809,77,1323.0,102.0
18810,77,6416.0,158.0
18811,77,7.0,197.0
18812,77,682.0,133.0
18813,77,119.0,125.0
18814,77,7.0,126.0
18815,77,78.0,161.0
18816,76,1191.0,124.0
18817,76,2073.0,186.0
18818,76,4291.0,119.0
18819,76,12.0,200.0
18820,76,71.0,203.0
18821,76,337.0,185.0
18822,76,989.0,101.0
18823,76,493.0,114.0
18824,76,32.0,158.0
18825,76,5003.0,191.0
18826,76,684.0,211.0
18827,76,21.0,165.0
18828,76,111.0,172.0
18829,76,194.0,210.0
18830,76,9374.0,150.0
18831,76,1104.0,309.0
18832,76,49971.0,371.0
18833,76,144.0,126.0
18834,76,260.0,98.0
18835,76,191.0,178.0
18836,76,34.0,176.0
18837,76,170.0,95.0
18838,76,221.0,245.0
18839,76,4571.0,175.0
18840,76,136.0,192.0
18841,76,372.0,115.0
18842,76,965.0,134.0
18843,76,9.0,192.0
18844,76,2494.0,132.0
18845,76,72.0,124.0
18846,75,1823.0,134.0
18847,75,180275.0,137.0
18848,75,58.0,115.0
18849,75,300122.0,190.0
18850,75,2126.0,182.0
18851,75,98.0,200.0
18852,75,1761.0,125.0
18853,75,795.0,164.0
18854,75,1595.0,158.0
18855,75,158.0,232.0
18856,75,557.0,114.0
18857,75,34107.0,135.0
18858,75,35346.0,135.0
18859,75,31279.0,138.0
18860,75,6094.0,147.0
18861,75,120732.0,222.0
18862,75,142.0,181.0
18863,75,163.0,125.0
18864,75,639.0,178.0
18865,75,482.0,148.0
18866,75,1211.0,123.0
18867,75,937.0,186.0
18868,75,7342.0,148.0
18869,75,14722.0,188.0
18870,75,221.0,125.0
18871,75,2045.0,122.0
18872,75,3635.0,165.0
18873,74,199.0,163.0
18874,74,3237.0,125.0
18875,74,670.0,176.0
18876,74,17.0,195.0
18877,74,485.0,183.0
18878,74,4786.0,116.0
18879,74,1654.0,162.0
18880,74,231.0,184.0
18881,74,1719.0,124.0
18882,74,344.0,176.0
18883,74,3108.0,129.0
18884,74,2412.0,128.0
18885,74,3026.0,125.0
18886,74,681.0,164.0
18887,74,115.0,161.0
18888,74,22619.0,160.0
18889,74,684.0,206.0
18890,74,762.0,197.0
18891,74,274.0,181.0
18892,74,486.0,193.0
18893,74,163.0,194.0
18894,74,1665.0,186.0
18895,74,704.0,127.0
18896,74,306.0,139.0
18897,74,899.0,126.0
18898,74,4134.0,130.0
18899,74,1388.0,185.0
18900,74,230.0,194.0
18901,74,715.0,112.0
18902,74,339.0,112.0
18903,74,30.0,153.0
18904,74,694.0,125.0
18905,74,47287.0,925.0
18906,74,1775.0,320.0
18907,74,290.0,114.0
18908,74,1035.0,182.0
18909,74,1473.0,178.0
18910,74,1112.0,178.0
18911,74,5331.0,239.0
18912,74,76.0,115.0
18913,74,7.0,185.0
18914,73,94.0,156.0
18915,73,256.0,189.0
18916,73,77322.0,111.0
18917,73,13.0,187.0
18918,73,45.0,158.0
18919,73,105.0,158.0
18920,73,9491.0,217.0
18921,73,3204.0,116.0
18922,73,10668.0,116.0
18923,73,12147.0,117.0
18924,73,2182.0,105.0
18925,73,1640.0,117.0
18926,73,5588.0,117.0
18927,73,12158.0,129.0
18928,73,16.0,318.0
18929,73,1536.0,135.0
18930,73,1603.0,116.0
18931,73,56.0,158.0
18932,73,549.0,151.0
18933,73,47759.0,925.0
18934,73,463.0,123.0
18935,73,117.0,210.0
18936,73,9851.0,196.0
18937,73,36.0,138.0
18938,73,26.0,195.0
18939,73,1365.0,123.0
18940,73,5625.0,147.0
18941,73,488.0,134.0
18942,73,2971.0,158.0
18943,73,198.0,180.0
18944,73,232.0,122.0
18945,73,182473.0,143.0
18946,73,901.0,125.0
18947,73,330.0,146.0
18948,73,302.0,183.0
18949,73,15.0,191.0
18950,73,119.0,163.0
18951,73,197.0,113.0
18952,73,3292.0,119.0
18953,73,274.0,183.0
18954,73,34975.0,136.0
18955,73,63.0,190.0
18956,73,283.0,216.0
18957,73,1904.0,130.0
18958,73,1762.0,130.0
18959,72,110.0,107.0
18960,72,5120.0,221.0
18961,72,187.0,179.0
18962,72,7343.0,110.0
18963,72,5612.0,117.0
18964,72,3428.0,103.0
18965,72,2273.0,185.0
18966,72,0.0,159.0
18967,72,60.0,186.0
18968,72,768.0,177.0
18969,72,4676.0,142.0
18970,72,279.0,127.0
18971,72,371.0,243.0
18972,72,56.0,170.0
18973,72,314869.0,922.0
18974,72,135.0,118.0
18975,72,634.0,192.0
18976,72,161.0,193.0
18977,72,275.0,181.0
18978,72,90.0,174.0
18979,72,127.0,172.0
18980,72,707.0,131.0
18981,72,427.0,193.0
18982,72,555.0,228.0
18983,72,18456.0,149.0
18984,72,1251.0,431.0
18985,72,825.0,187.0
18986,72,25879.0,138.0
18987,72,20584.0,142.0
18988,72,2944.0,188.0
18989,72,181.0,110.0
18990,72,14707.0,127.0
18991,72,68134.0,129.0
18992,72,4593.0,130.0
18993,72,7226.0,121.0
18994,72,4309.0,166.0
18995,72,2687.0,211.0
18996,72,15.0,191.0
18997,72,721.0,110.0
18998,72,363.0,164.0
18999,72,43.0,120.0
19000,72,50.0,120.0
19001,72,320.0,182.0
19002,72,1159.0,113.0
19003,72,2938.0,129.0
19004,72,3255.0,142.0
19005,72,104.0,210.0
19006,72,600079.0,116.0
19007,72,4828.0,191.0
19008,72,483.0,114.0
19009,72,332.0,213.0
19010,72,229.0,182.0
19011,72,166.0,223.0
19012,72,6543.0,211.0
19013,72,5586.0,211.0
19014,72,12.0,143.0
19015,72,3406.0,137.0
19016,72,1751.0,137.0
19017,72,30.0,125.0
19018,72,25804.0,173.0
19019,72,0.0,179.0
19020,72,92.0,181.0
19021,72,795.0,118.0
19022,72,794.0,118.0
19023,72,1043.0,123.0
19024,72,49182.0,236.0
19025,72,530.0,195.0
19026,72,455.0,200.0
19027,72,918.0,187.0
19028,72,95.0,193.0
19029,72,4685.0,172.0
19030,72,502.0,106.0
19031,72,4.0,133.0
19032,72,1711.0,133.0
19033,72,9456.0,126.0
19034,72,61743.0,129.0
19035,72,986.0,180.0
19036,72,1065.0,117.0
19037,72,1245.0,115.0
19038,72,32.0,198.0
19039,72,156.0,208.0
19040,72,72.0,176.0
19041,72,3763.0,189.0
19042,72,9838.0,211.0
19043,72,2351.0,185.0
19044,72,8985.0,464.0
19045,72,40820.0,168.0
19046,72,40820.0,182.0
19047,72,33561.0,168.0
19048,72,33561.0,182.0
19049,72,17167.0,115.0
19050,72,2068.0,127.0
19051,72,131.0,187.0
19052,72,931.0,187.0
19053,72,5593.0,117.0
19054,72,63.0,183.0
19055,72,930.0,120.0
19056,72,11260.0,583.0
19057,72,2379.0,137.0
19058,72,984.0,192.0
19059,72,1169.0,189.0
19060,72,390.0,180.0
19061,72,1021.0,95.0
19062,72,23.0,192.0
19063,72,203.0,186.0
19064,72,697.0,174.0
19065,72,174.0,92.0
19066,72,57.0,180.0
19067,72,28.0,102.0
19068,72,206.0,229.0
19069,72,2713.0,83.0
19070,72,2723.0,134.0
19071,72,1167.0,137.0
19072,72,46974.0,128.0
19073,72,822.0,187.0
19074,72,867.0,187.0
19075,72,989.0,178.0
19076,72,866.0,184.0
19077,72,888.0,203.0
19078,72,16.0,122.0
19079,72,2399.0,93.0
19080,72,159107.0,218.0
19081,72,3.0,128.0
19082,72,1332.0,126.0
19083,72,1730.0,195.0
19084,72,608.0,187.0
19085,72,735.0,124.0
19086,72,369.0,124.0
19087,72,39.0,688.0
19088,72,50804.0,159.0
19089,72,826.0,204.0
19090,72,756.0,196.0
19091,72,280.0,129.0
19092,72,58.0,119.0
19093,72,85581.0,126.0
19094,72,37.0,185.0
19095,72,1223.0,189.0
19096,72,224.0,90.0
19097,72,950.0,182.0
19098,72,478.0,127.0
19099,72,214.0,198.0
19100,72,0.0,107.0
19101,72,220.0,125.0
19102,72,249.0,155.0
19103,71,143.0,117.0
19104,71,81.0,112.0
19105,71,41.0,340.0
19106,71,94.0,143.0
19107,71,59.0,143.0
19108,71,45.0,143.0
19109,71,264.0,183.0
19110,71,1540.0,181.0
19111,71,1447.0,98.0
19112,71,1078.0,116.0
19113,71,146.0,116.0
19114,71,573918.0,142.0
19115,71,4081.0,189.0
19116,71,67.0,180.0
19117,71,315.0,127.0
19118,71,1497.0,129.0
19119,71,46656.0,136.0
19120,71,288.0,117.0
19121,71,9645.0,143.0
19122,71,1446.0,183.0
19123,71,5772.0,354.0
19124,71,796.0,195.0
19125,71,289.0,122.0
19126,71,599.0,133.0
19127,71,124.0,221.0
19128,71,34.0,139.0
19129,71,295.0,90.0
19130,71,5.0,125.0
19131,71,86.0,125.0
19132,71,182.0,184.0
19133,71,131.0,221.0
19134,71,9304.0,183.0
19135,71,32.0,245.0
19136,70,134.0,187.0
19137,70,720.0,186.0
19138,70,299.0,210.0
19139,70,1074.0,193.0
19140,70,168.0,185.0
19141,70,1799.0,200.0
19142,70,1393.0,196.0
19143,70,181.0,179.0
19144,70,751.0,173.0
19145,70,1655.0,200.0
19146,70,283697.0,196.0
19147,70,5362.0,217.0
19148,70,5697.0,217.0
19149,70,243.0,211.0
19150,70,489.0,194.0
19151,70,65.0,115.0
19152,70,36058.0,124.0
19153,70,1008.0,116.0
19154,70,21.0,115.0
19155,70,10864.0,213.0
19156,70,71.0,199.0
19157,70,96.0,134.0
19158,70,206.0,213.0
19159,70,161.0,197.0
19160,70,179.0,107.0
19161,70,99.0,203.0
19162,70,153.0,203.0
19163,70,19338.0,121.0
19164,70,15974.0,191.0
19165,70,599.0,191.0
19166,70,86.0,119.0
19167,70,456.0,95.0
19168,70,1041.0,113.0
19169,70,6301.0,150.0
19170,70,115.0,108.0
19171,70,2708.0,121.0
19172,70,3143.0,165.0
19173,69,6132.0,213.0
19174,69,6601.0,213.0
19175,69,797.0,173.0
19176,69,89.0,217.0
19177,69,32.0,217.0
19178,69,1429.0,213.0
19179,69,2365.0,217.0
19180,69,1626.0,157.0
19181,69,2348.0,217.0
19182,69,2747.0,118.0
19183,69,4834.0,132.0
19184,69,38914.0,139.0
19185,69,107.0,153.0
19186,69,298.0,196.0
19187,69,383.0,121.0
19188,69,252.0,180.0
19189,69,143898.0,164.0
19190,69,25.0,174.0
19191,69,40.0,187.0
19192,69,1532.0,120.0
19193,69,36.0,101.0
19194,69,844.0,151.0
19195,69,2334.0,129.0
19196,69,240.0,176.0
19197,69,7.0,118.0
19198,69,446.0,148.0
19199,69,1961.0,136.0
19200,69,42.0,118.0
19201,69,1.0,121.0
19202,69,51.0,181.0
19203,69,13.0,93.0
19204,69,13672.0,205.0
19205,69,165.0,116.0
19206,69,26.0,177.0
19207,69,398.0,119.0
19208,69,3560.0,197.0
19209,69,49.0,194.0
19210,69,15138.0,909.0
19211,69,116.0,118.0
19212,69,2634.0,148.0
19213,69,27.0,135.0
19214,69,2485.0,128.0
19215,69,242.0,159.0
19216,68,70.0,215.0
19217,68,350.0,115.0
19218,68,1757.0,122.0
19219,68,376.0,149.0
19220,68,1860.0,186.0
19221,68,45.0,119.0
19222,68,44667.0,114.0
19223,68,13382.0,167.0
19224,68,2566.0,124.0
19225,68,52.0,123.0
19226,68,1407.0,186.0
19227,68,24.0,123.0
19228,68,1882.0,171.0
19229,68,175.0,95.0
19230,68,2775.0,205.0
19231,68,401.0,323.0
19232,68,27296.0,400.0
19233,68,20648.0,400.0
19234,68,48418.0,125.0
19235,68,383.0,184.0
19236,68,36.0,184.0
19237,68,1870.0,124.0
19238,68,2225.0,124.0
19239,68,4209.0,155.0
19240,68,918.0,142.0
19241,68,303.0,157.0
19242,68,70.0,153.0
19243,68,13843.0,187.0
19244,68,655.0,159.0
19245,68,127.0,162.0
19246,68,105.0,203.0
19247,68,346.0,112.0
19248,68,27.0,195.0
19249,68,3.0,126.0
19250,68,127.0,203.0
19251,68,270.0,125.0
19252,68,832.0,229.0
19253,68,1905.0,188.0
19254,68,145.0,197.0
19255,68,753.0,195.0
19256,68,48.0,177.0
19257,68,1866.0,124.0
19258,68,2019.0,124.0
19259,68,1552.0,117.0
19260,68,23.0,183.0
19261,68,29.0,172.0
19262,68,26.0,130.0
19263,68,936.0,371.0
19264,68,363.0,93.0
19265,68,24.0,123.0
19266,68,113.0,123.0
19267,68,615.0,211.0
19268,68,605.0,211.0
19269,68,187.0,123.0
19270,68,739.0,123.0
19271,67,546.0,227.0
19272,67,5322.0,186.0
19273,67,1103.0,121.0
19274,67,1007.0,155.0
19275,67,38.0,162.0
19276,67,28.0,191.0
19277,67,13898.0,131.0
19278,67,191.0,140.0
19279,67,349.0,115.0
19280,67,32.0,115.0
19281,67,78.0,203.0
19282,67,1980.0,124.0
19283,67,2465.0,210.0
19284,67,512.0,164.0
19285,67,40.0,184.0
19286,67,119.0,115.0
19287,67,351.0,117.0
19288,67,261.0,212.0
19289,67,1439.0,188.0
19290,67,370.0,192.0
19291,67,25304.0,171.0
19292,67,10636.0,476.0
19293,67,410.0,221.0
19294,67,148.0,186.0
19295,67,384.0,85.0
19296,67,5705.0,187.0
19297,67,47.0,124.0
19298,67,1128.0,86.0
19299,67,146.0,194.0
19300,67,2656.0,98.0
19301,67,438.0,142.0
19302,67,3311.0,123.0
19303,67,420.0,168.0
19304,67,229.0,131.0
19305,67,22.0,98.0
19306,67,14916.0,237.0
19307,67,129.0,124.0
19308,67,38.0,235.0
19309,67,838.0,343.0
19310,67,250.0,117.0
19311,66,103.0,181.0
19312,66,2008.0,213.0
19313,66,475.0,134.0
19314,66,20.0,193.0
19315,66,1175.0,250.0
19316,66,11619.0,140.0
19317,66,1.0,122.0
19318,66,69.0,123.0
19319,66,642.0,162.0
19320,66,38.0,140.0
19321,66,2203.0,235.0
19322,66,12859.0,190.0
19323,66,215.0,128.0
19324,66,11.0,197.0
19325,66,1390.0,140.0
19326,66,53.0,140.0
19327,66,574.0,140.0
19328,66,173.0,140.0
19329,66,152.0,133.0
19330,66,80.0,203.0
19331,66,12.0,194.0
19332,66,599.0,140.0
19333,66,56.0,122.0
19334,66,462.0,186.0
19335,66,103.0,126.0
19336,66,57862.0,126.0
19337,66,15.0,122.0
19338,66,19.0,142.0
19339,66,11581.0,210.0
19340,66,4104.0,124.0
19341,66,250.0,119.0
19342,66,480.0,182.0
19343,66,1577.0,151.0
19344,66,109.0,85.0
19345,66,1203.0,119.0
19346,66,394.0,131.0
19347,66,12877.0,245.0
19348,66,3035.0,141.0
19349,66,58.0,140.0
19350,66,404.0,178.0
19351,66,1475.0,115.0
19352,66,4865.0,135.0
19353,66,166.0,123.0
19354,66,164.0,113.0
19355,66,134.0,126.0
19356,65,255.0,122.0
19357,65,657.0,163.0
19358,65,1555.0,183.0
19359,65,354.0,174.0
19360,65,2680.0,105.0
19361,65,362.0,186.0
19362,65,529.0,186.0
19363,65,873.0,191.0
19364,65,81.0,191.0
19365,65,932.0,193.0
19366,65,333.0,112.0
19367,65,33.0,158.0
19368,65,292.0,120.0
19369,65,2659.0,190.0
19370,65,151.0,140.0
19371,65,8214.0,213.0
19372,65,30.0,203.0
19373,65,1624.0,193.0
19374,65,180.0,219.0
19375,65,11.0,122.0
19376,65,12056.0,144.0
19377,65,3505.0,135.0
19378,65,4113.0,245.0
19379,65,102.0,186.0
19380,65,53.0,130.0
19381,65,2124.0,135.0
19382,65,169.0,193.0
19383,65,1059.0,185.0
19384,65,236.0,131.0
19385,65,1204.0,198.0
19386,65,4.0,117.0
19387,65,852.0,192.0
19388,65,9545.0,145.0
19389,65,50.0,158.0
19390,65,119.0,182.0
19391,65,20099.0,185.0
19392,65,6181.0,210.0
19393,65,84.0,177.0
19394,65,1.0,119.0
19395,65,74.0,124.0
19396,65,41281.0,134.0
19397,65,4670.0,113.0
19398,64,326.0,236.0
19399,64,13.0,123.0
19400,64,1000.0,128.0
19401,64,67207.0,922.0
19402,64,11.0,123.0
19403,64,5649.0,307.0
19404,64,762.0,124.0
19405,64,148.0,309.0
19406,64,24.0,116.0
19407,64,233.0,105.0
19408,64,72.0,139.0
19409,64,4100.0,123.0
19410,64,14742.0,116.0
19411,64,28.0,131.0
19412,64,287.0,194.0
19413,64,19.0,174.0
19414,64,5479.0,121.0
19415,64,7430.0,99.0
19416,64,73.0,207.0
19417,64,21.0,207.0
19418,64,163.0,114.0
19419,64,83.0,118.0
19420,64,104.0,203.0
19421,64,30.0,137.0
19422,64,80.0,203.0
19423,64,4264.0,135.0
19424,64,3541.0,244.0
19425,64,656.0,186.0
19426,64,1616.0,184.0
19427,64,196.0,129.0
19428,64,55.0,203.0
19429,64,73.0,203.0
19430,64,89.0,176.0
19431,64,91.0,203.0
19432,64,82.0,203.0
19433,64,79.0,118.0
19434,64,36669.0,329.0
19435,64,224.0,164.0
19436,64,4345.0,909.0
19437,64,618.0,161.0
19438,64,110.0,200.0
19439,64,125.0,249.0
19440,64,898.0,119.0
19441,64,2051.0,133.0
19442,64,48.0,456.0
19443,64,80.0,119.0
19444,64,623.0,93.0
19445,64,306.0,179.0
19446,64,15044.0,121.0
19447,63,32.0,146.0
19448,63,175.0,103.0
19449,63,1989.0,145.0
19450,63,222.0,205.0
19451,63,2489.0,131.0
19452,63,267.0,101.0
19453,63,143.0,114.0
19454,63,47.0,146.0
19455,63,408.0,194.0
19456,63,208.0,192.0
19457,63,83.0,124.0
19458,63,117.0,181.0
19459,63,2390.0,313.0
19460,63,7267.0,142.0
19461,63,60.0,118.0
19462,63,36191.0,210.0
19463,63,89.0,165.0
19464,63,17954.0,119.0
19465,63,16.0,95.0
19466,63,113.0,198.0
19467,63,192921.0,196.0
19468,63,3366.0,186.0
19469,63,1662.0,360.0
19470,63,1050.0,181.0
19471,63,360430.0,909.0
19472,63,13.0,118.0
19473,63,757.0,118.0
19474,63,17.0,182.0
19475,63,2847.0,189.0
19476,63,1627.0,189.0
19477,63,620.0,192.0
19478,63,10.0,190.0
19479,63,3002.0,127.0
19480,63,815.0,195.0
19481,63,1390.0,198.0
19482,63,366.0,119.0
19483,63,3690.0,129.0
19484,63,4043.0,210.0
19485,63,98.0,117.0
19486,63,39.0,117.0
19487,63,317.0,117.0
19488,62,327.0,233.0
19489,62,166.0,186.0
19490,62,2112.0,227.0
19491,62,329.0,233.0
19492,62,23.0,192.0
19493,62,2712.0,120.0
19494,62,5798.0,121.0
19495,62,3342.0,192.0
19496,62,44.0,118.0
19497,62,39.0,199.0
19498,62,14.0,203.0
19499,62,12.0,179.0
19500,62,3755.0,183.0
19501,62,16059.0,165.0
19502,62,2444.0,132.0
19503,62,3685.0,258.0
19504,62,15.0,109.0
19505,62,22317.0,119.0
19506,62,751.0,116.0
19507,62,23.0,174.0
19508,62,22838.0,125.0
19509,62,634.0,125.0
19510,62,4134.0,185.0
19511,62,336.0,116.0
19512,62,179.0,123.0
19513,62,341.0,117.0
19514,62,8269.0,138.0
19515,62,35347.0,134.0
19516,62,73.0,225.0
19517,62,39166.0,226.0
19518,62,4288.0,188.0
19519,62,13.0,126.0
19520,62,3455.0,201.0
19521,62,46072.0,160.0
19522,61,1074.0,145.0
19523,61,566.0,178.0
19524,61,6515.0,106.0
19525,61,202.0,125.0
19526,61,21.0,190.0
19527,61,1072.0,158.0
19528,61,31.0,158.0
19529,61,2037.0,116.0
19530,61,45.0,156.0
19531,61,2353.0,206.0
19532,61,251679.0,196.0
19533,61,56.0,156.0
19534,61,1751.0,116.0
19535,61,137.0,201.0
19536,61,312.0,113.0
19537,61,3288.0,165.0
19538,61,7793.0,142.0
19539,61,369.0,154.0
19540,61,372.0,154.0
19541,61,593.0,120.0
19542,61,152.0,154.0
19543,61,241.0,154.0
19544,61,3435.0,92.0
19545,61,1301.0,189.0
19546,61,457.0,154.0
19547,61,24910.0,132.0
19548,61,1868.0,165.0
19549,61,706.0,169.0
19550,61,5872.0,154.0
19551,61,373.0,154.0
19552,61,1.0,124.0
19553,61,214.0,189.0
19554,61,5990.0,127.0
19555,61,1864.0,119.0
19556,61,98.0,154.0
19557,61,162.0,169.0
19558,61,423.0,169.0
19559,61,491.0,177.0
19560,61,1427.0,138.0
19561,61,684.0,176.0
19562,61,681.0,169.0
19563,61,126.0,154.0
19564,61,291.0,98.0
19565,61,338.0,116.0
19566,61,97.0,154.0
19567,61,1776.0,92.0
19568,61,103.0,154.0
19569,61,152.0,246.0
19570,61,538.0,176.0
19571,61,56.0,116.0
19572,61,8905.0,105.0
19573,61,7039.0,176.0
19574,61,4519.0,127.0
19575,61,92244.0,178.0
19576,61,86.0,154.0
19577,61,1935.0,688.0
19578,61,201.0,154.0
19579,61,23.0,187.0
19580,61,253.0,154.0
19581,61,71.0,167.0
19582,61,61.0,167.0
19583,61,76.0,154.0
19584,61,65.0,154.0
19585,61,327.0,194.0
19586,61,2966.0,131.0
19587,61,188.0,193.0
19588,61,350.0,229.0
19589,61,105.0,154.0
19590,61,140.0,154.0
19591,61,995.0,154.0
19592,61,942.0,154.0
19593,61,511.0,124.0
19594,61,2896.0,208.0
19595,61,98.0,92.0
19596,61,412.0,154.0
19597,61,123.0,154.0
19598,61,4484.0,154.0
19599,60,651.0,193.0
19600,60,430.0,139.0
19601,60,1380.0,134.0
19602,60,612.0,132.0
19603,60,48.0,188.0
19604,60,30280.0,160.0
19605,60,39.0,174.0
19606,60,284.0,207.0
19607,60,236803.0,106.0
19608,60,9087.0,160.0
19609,60,311.0,144.0
19610,60,37.0,320.0
19611,60,550.0,168.0
19612,60,64.0,117.0
19613,60,43779.0,118.0
19614,60,199.0,198.0
19615,60,190.0,185.0
19616,60,220.0,120.0
19617,60,178.0,221.0
19618,60,33.0,260.0
19619,60,80.0,136.0
19620,60,699.0,175.0
19621,60,6199.0,215.0
19622,60,343.0,112.0
19623,60,1195.0,184.0
19624,60,35608.0,188.0
19625,60,1197.0,142.0
19626,60,345.0,156.0
19627,60,842.0,117.0
19628,60,632.0,194.0
19629,60,103.0,203.0
19630,60,7309.0,177.0
19631,60,11966.0,226.0
19632,60,920.0,124.0
19633,60,198.0,155.0
19634,60,655.0,100.0
19635,60,2093.0,151.0
19636,60,167.0,191.0
19637,60,7398.0,317.0
19638,60,74.0,117.0
19639,60,120.0,200.0
19640,60,12394.0,133.0
19641,60,9377.0,128.0
19642,60,71.0,230.0
19643,60,45.0,206.0
19644,60,260.0,259.0
19645,60,212.0,198.0
19646,60,1867.0,130.0
19647,60,52.0,127.0
19648,60,141.0,120.0
19649,60,32833.0,160.0
19650,60,50.0,118.0
19651,60,6280.0,182.0
19652,60,170.0,115.0
19653,60,977.0,157.0
19654,60,922.0,118.0
19655,60,440.0,151.0
19656,60,1046.0,179.0
19657,60,1002.0,199.0
19658,60,2.0,130.0
19659,60,80.0,205.0
19660,60,44373.0,349.0
19661,60,4316.0,358.0
19662,60,2422.0,151.0
19663,60,2259.0,125.0
19664,60,1171.0,188.0
19665,59,214.0,154.0
19666,59,590.0,194.0
19667,59,930.0,167.0
19668,59,613.0,150.0
19669,59,53.0,196.0
19670,59,63.0,196.0
19671,59,25482.0,329.0
19672,59,302.0,113.0
19673,59,1067.0,192.0
19674,59,85.0,194.0
19675,59,9575.0,200.0
19676,59,2845.0,120.0
19677,59,2961.0,201.0
19678,59,16122.0,164.0
19679,59,18899.0,329.0
19680,59,59.0,133.0
19681,59,613.0,112.0
19682,59,3390.0,116.0
19683,59,4870.0,214.0
19684,59,909.0,203.0
19685,59,639.0,123.0
19686,59,2.0,116.0
19687,59,8635.0,119.0
19688,59,25.0,203.0
19689,59,8295.0,134.0
19690,59,35.0,140.0
19691,59,954.0,203.0
19692,59,787.0,151.0
19693,59,151.0,189.0
19694,59,376.0,232.0
19695,59,33.0,116.0
19696,59,31.0,203.0
19697,59,100.0,205.0
19698,59,14099.0,115.0
19699,59,581.0,114.0
19700,59,975.0,114.0
19701,59,108.0,126.0
19702,59,933.0,126.0
19703,59,596.0,94.0
19704,59,79.0,229.0
19705,59,65.0,235.0
19706,59,1831.0,124.0
19707,59,19708.0,121.0
19708,59,663.0,182.0
19709,59,98.0,186.0
19710,59,1226.0,183.0
19711,59,818.0,128.0
19712,59,62.0,162.0
19713,58,35.0,127.0
19714,58,104.0,110.0
19715,58,93901.0,110.0
19716,58,12.0,195.0
19717,58,2399.0,208.0
19718,58,11175.0,345.0
19719,58,3777.0,190.0
19720,58,1268.0,180.0
19721,58,188.0,116.0
19722,58,242.0,181.0
19723,58,78.0,203.0
19724,58,444.0,123.0
19725,58,117.0,140.0
19726,58,1908.0,126.0
19727,58,73.0,178.0
19728,58,2153.0,165.0
19729,58,111.0,203.0
19730,58,20389.0,130.0
19731,58,600.0,154.0
19732,58,2968.0,154.0
19733,58,219.0,196.0
19734,58,4301.0,119.0
19735,58,1989.0,119.0
19736,58,814.0,124.0
19737,58,219.0,154.0
19738,58,917.0,154.0
19739,58,16768.0,143.0
19740,58,637.0,154.0
19741,58,2402.0,154.0
19742,58,71.0,203.0
19743,58,772.0,151.0
19744,58,422.0,154.0
19745,58,473.0,154.0
19746,58,160.0,126.0
19747,58,103.0,198.0
19748,58,69.0,167.0
19749,58,2012.0,183.0
19750,58,577.0,178.0
19751,58,4274.0,95.0
19752,58,34.0,168.0
19753,58,72.0,120.0
19754,58,8.0,115.0
19755,58,689.0,127.0
19756,58,372.0,129.0
19757,58,1517.0,122.0
19758,58,471.0,216.0
19759,58,7556.0,123.0
19760,58,460.0,134.0
19761,58,356.0,174.0
19762,58,262.0,247.0
19763,58,629.0,112.0
19764,58,348.0,123.0
19765,58,1789.0,162.0
19766,58,15585.0,188.0
19767,58,395.0,195.0
19768,58,132.0,272.0
19769,58,143.0,126.0
19770,58,138.0,114.0
19771,58,10017.0,120.0
19772,58,93.0,200.0
19773,58,625.0,110.0
19774,58,2023.0,154.0
19775,57,3641.0,143.0
19776,57,8910.0,143.0
19777,57,17.0,193.0
19778,57,29499.0,225.0
19779,57,81.0,193.0
19780,57,221.0,155.0
19781,57,16536.0,238.0
19782,57,2999.0,124.0
19783,57,874.0,143.0
19784,57,2386.0,119.0
19785,57,430.0,121.0
19786,57,1282.0,134.0
19787,57,667.0,73.0
19788,57,2557.0,165.0
19789,57,43.0,179.0
19790,57,1572.0,117.0
19791,57,31536.0,171.0
19792,57,40467.0,190.0
19793,57,48304.0,406.0
19794,57,34.0,144.0
19795,57,173.0,144.0
19796,57,3412.0,118.0
19797,57,1562.0,131.0
19798,57,74.0,196.0
19799,57,17091.0,124.0
19800,57,3013.0,137.0
19801,57,30.0,137.0
19802,57,40.0,130.0
19803,57,134.0,142.0
19804,57,945.0,107.0
19805,57,41.0,128.0
19806,57,265.0,99.0
19807,57,46.0,117.0
19808,57,1556.0,134.0
19809,57,2466.0,130.0
19810,57,225.0,191.0
19811,57,3848.0,147.0
19812,57,5214.0,186.0
19813,57,2585.0,158.0
19814,57,240.0,185.0
19815,57,12.0,200.0
19816,57,17446.0,191.0
19817,57,22.0,387.0
19818,57,490.0,185.0
19819,57,790.0,138.0
19820,56,563.0,167.0
19821,56,673.0,177.0
19822,56,218.0,157.0
19823,56,15032.0,119.0
19824,56,2991.0,190.0
19825,56,6078.0,178.0
19826,56,260.0,143.0
19827,56,6559.0,222.0
19828,56,7692.0,146.0
19829,56,4934.0,147.0
19830,56,943.0,119.0
19831,56,313.0,188.0
19832,56,58.0,225.0
19833,56,1454.0,147.0
19834,56,35583.0,187.0
19835,56,2944.0,123.0
19836,56,713.0,172.0
19837,56,176.0,246.0
19838,56,1061.0,128.0
19839,56,1331.0,224.0
19840,56,535.0,140.0
19841,56,11529.0,463.0
19842,56,216.0,205.0
19843,56,293255.0,203.0
19844,56,8487.0,119.0
19845,56,297.0,323.0
19846,56,147.0,117.0
19847,56,43.0,176.0
19848,56,290.0,125.0
19849,56,234.0,120.0
19850,56,10237.0,181.0
19851,56,4981.0,222.0
19852,56,127.0,688.0
19853,56,2323.0,147.0
19854,56,803.0,178.0
19855,56,129.0,123.0
19856,56,8.0,123.0
19857,56,466.0,118.0
19858,56,226.0,118.0
19859,56,1981.0,128.0
19860,56,967.0,136.0
19861,55,28946.0,152.0
19862,55,152.0,180.0
19863,55,4151.0,140.0
19864,55,2624.0,224.0
19865,55,12.0,183.0
19866,55,3078.0,128.0
19867,55,8073.0,128.0
19868,55,27649.0,224.0
19869,55,85.0,147.0
19870,55,10.0,185.0
19871,55,43.0,111.0
19872,55,298.0,105.0
19873,55,218067.0,160.0
19874,55,217.0,189.0
19875,55,925.0,195.0
19876,55,222.0,141.0
19877,55,244.0,145.0
19878,55,53.0,119.0
19879,55,648.0,190.0
19880,55,320.0,105.0
19881,55,11640.0,223.0
19882,55,87.0,179.0
19883,55,37.0,118.0
19884,55,329401.0,585.0
19885,55,41.0,179.0
19886,55,21877.0,187.0
19887,55,19.0,195.0
19888,55,61546.0,127.0
19889,55,171.0,119.0
19890,55,32899.0,220.0
19891,55,13.0,206.0
19892,55,10134.0,135.0
19893,55,2051.0,208.0
19894,55,535.0,159.0
19895,55,98.0,115.0
19896,55,68.0,150.0
19897,55,84.0,254.0
19898,55,2006.0,119.0
19899,55,123.0,105.0
19900,55,1636.0,123.0
19901,55,267.0,211.0
19902,55,1878.0,194.0
19903,55,183.0,122.0
19904,55,33.0,115.0
19905,55,3065.0,198.0
19906,55,617.0,161.0
19907,54,73215.0,160.0
19908,54,62.0,107.0
19909,54,175763.0,164.0
19910,54,373.0,274.0
19911,54,523.0,118.0
19912,54,2152.0,165.0
19913,54,116.0,132.0
19914,54,17746.0,188.0
19915,54,105.0,134.0
19916,54,45.0,199.0
19917,54,785.0,120.0
19918,54,9.0,105.0
19919,54,826.0,111.0
19920,54,1533.0,123.0
19921,54,441303.0,189.0
19922,54,3591.0,165.0
19923,54,607.0,213.0
19924,54,8.0,175.0
19925,54,399331.0,420.0
19926,54,100.0,194.0
19927,54,1111.0,172.0
19928,54,538.0,193.0
19929,54,93.0,128.0
19930,54,20589.0,130.0
19931,54,51.0,182.0
19932,54,171.0,128.0
19933,54,3200.0,115.0
19934,54,405.0,160.0
19935,54,365.0,139.0
19936,54,978.0,179.0
19937,54,2077.0,218.0
19938,54,82.0,203.0
19939,54,1697.0,201.0
19940,54,300202.0,137.0
19941,54,11850.0,184.0
19942,54,942.0,185.0
19943,54,21874.0,148.0
19944,54,78583.0,496.0
19945,54,4680.0,126.0
19946,54,369.0,118.0
19947,54,1043.0,120.0
19948,54,1807.0,103.0
19949,54,94023.0,126.0
19950,54,1430.0,175.0
19951,54,323.0,185.0
19952,54,8.0,197.0
19953,54,45358.0,171.0
19954,54,2590.0,185.0
19955,54,33436.0,180.0
19956,54,6157.0,183.0
19957,54,1471.0,183.0
19958,54,10596.0,121.0
19959,54,279.0,121.0
19960,54,626.0,108.0
19961,54,1714.0,124.0
19962,53,132.0,114.0
19963,53,234.0,283.0
19964,53,68.0,156.0
19965,53,5433.0,122.0
19966,53,1215.0,142.0
19967,53,20483.0,128.0
19968,53,30.0,170.0
19969,53,26.0,109.0
19970,53,3877.0,192.0
19971,53,44.0,123.0
19972,53,1598.0,114.0
19973,53,3864.0,156.0
19974,53,1286.0,197.0
19975,53,330.0,165.0
19976,53,492.0,142.0
19977,53,1613.0,152.0
19978,53,28062.0,191.0
19979,53,611.0,168.0
19980,53,178.0,120.0
19981,53,327.0,156.0
19982,53,16.0,200.0
19983,53,7528.0,151.0
19984,53,100.0,116.0
19985,53,46.0,116.0
19986,53,41.0,249.0
19987,53,467.0,206.0
19988,53,429.0,321.0
19989,53,17881.0,215.0
19990,53,110.0,242.0
19991,53,27.0,177.0
19992,53,765.0,206.0
19993,53,10747.0,115.0
19994,53,229.0,124.0
19995,53,90.0,103.0
19996,53,3529.0,165.0
19997,53,9249.0,188.0
19998,53,115.0,184.0
19999,53,18871.0,118.0
20000,53,4579.0,205.0
20001,53,1878.0,165.0
20002,53,532.0,211.0
20003,53,2726.0,121.0
20004,53,5991.0,202.0
20005,53,63.0,183.0
20006,53,38112.0,160.0
20007,53,13.0,179.0
20008,53,9968.0,199.0
20009,53,77.0,136.0
20010,53,14912.0,128.0
20011,52,837.0,191.0
20012,52,1465.0,159.0
20013,52,322.0,124.0
20014,52,278.0,142.0
20015,52,5485.0,231.0
20016,52,3428.0,122.0
20017,52,268.0,249.0
20018,52,27.0,227.0
20019,52,191.0,249.0
20020,52,8125.0,118.0
20021,52,1888.0,183.0
20022,52,193.0,115.0
20023,52,702.0,159.0
20024,52,29.0,187.0
20025,52,1756.0,270.0
20026,52,86.0,122.0
20027,52,187.0,129.0
20028,52,63698.0,124.0
20029,52,275.0,185.0
20030,52,2667.0,193.0
20031,52,360.0,200.0
20032,52,224.0,113.0
20033,52,103.0,116.0
20034,52,15802.0,117.0
20035,52,274.0,163.0
20036,52,91.0,249.0
20037,52,812.0,137.0
20038,52,31320.0,168.0
20039,52,268.0,198.0
20040,52,416.0,185.0
20041,52,90.0,188.0
20042,52,5511.0,111.0
20043,52,236.0,161.0
20044,52,114.0,249.0
20045,52,2583.0,126.0
20046,52,253.0,126.0
20047,52,114.0,249.0
20048,52,37.0,180.0
20049,52,10495.0,181.0
20050,52,916.0,183.0
20051,52,185.0,197.0
20052,52,1058.0,200.0
20053,52,1886.0,184.0
20054,51,148.0,196.0
20055,51,271.0,99.0
20056,51,216.0,122.0
20057,51,8468.0,140.0
20058,51,124654.0,147.0
20059,51,49.0,156.0
20060,51,161.0,175.0
20061,51,86.0,203.0
20062,51,156529.0,160.0
20063,51,2593.0,224.0
20064,51,40821.0,136.0
20065,51,17273.0,121.0
20066,51,221.0,178.0
20067,51,123596.0,450.0
20068,51,132829.0,160.0
20069,51,665.0,125.0
20070,51,121.0,140.0
20071,51,34523.0,179.0
20072,51,4286.0,152.0
20073,51,3069.0,122.0
20074,51,31.0,195.0
20075,51,50183.0,128.0
20076,51,300.0,111.0
20077,51,9609.0,136.0
20078,51,8716.0,116.0
20079,51,119413.0,160.0
20080,51,399.0,133.0
20081,51,144209.0,160.0
20082,51,244.0,193.0
20083,51,21694.0,206.0
20084,51,1483.0,177.0
20085,51,1816.0,118.0
20086,51,2034.0,192.0
20087,51,100.0,203.0
20088,51,530.0,116.0
20089,51,9344.0,123.0
20090,51,109.0,203.0
20091,51,306.0,263.0
20092,51,324.0,105.0
20093,51,4451.0,123.0
20094,51,385.0,132.0
20095,51,90.0,123.0
20096,51,38433.0,140.0
20097,51,2134.0,199.0
20098,51,14.0,168.0
20099,50,1231.0,185.0
20100,50,15.0,122.0
20101,50,350.0,199.0
20102,50,5995.0,132.0
20103,50,344.0,142.0
20104,50,272.0,199.0
20105,50,12504.0,715.0
20106,50,192.0,184.0
20107,50,8418.0,123.0
20108,50,52875.0,178.0
20109,50,60208.0,132.0
20110,50,2181.0,143.0
20111,50,332.0,125.0
20112,50,2291.0,213.0
20113,50,239.0,125.0
20114,50,2178.0,180.0
20115,50,2.0,191.0
20116,50,479.0,92.0
20117,50,33.0,182.0
20118,50,28462.0,125.0
20119,50,1304.0,336.0
20120,50,255.0,194.0
20121,50,16350.0,238.0
20122,50,347.0,182.0
20123,50,709.0,229.0
20124,50,1033.0,178.0
20125,50,571.0,181.0
20126,50,53.0,195.0
20127,50,969.0,200.0
20128,50,3546.0,156.0
20129,50,74.0,128.0
20130,50,1893.0,139.0
20131,50,194.0,125.0
20132,50,2058.0,200.0
20133,50,9566.0,184.0
20134,50,1975.0,145.0
20135,50,85.0,191.0
20136,50,2902.0,210.0
20137,50,795.0,180.0
20138,50,5638.0,131.0
20139,50,36.0,118.0
20140,50,1205.0,150.0
20141,50,54.0,181.0
20142,50,60054.0,195.0
20143,50,5642.0,140.0
20144,50,1505.0,298.0
20145,50,678.0,140.0
20146,50,0.0,123.0
20147,50,412.0,107.0
20148,50,2121.0,180.0
20149,50,593.0,175.0
20150,50,142.0,137.0
20151,50,42.0,329.0
20152,50,981.0,118.0
20153,50,3443.0,180.0
20154,50,1044.0,180.0
20155,50,262.0,137.0
20156,50,24549.0,136.0
20157,50,3824.0,190.0
20158,50,317.0,150.0
20159,50,25.0,120.0
20160,50,280.0,223.0
20161,50,610.0,183.0
20162,50,354.0,175.0
20163,50,229.0,198.0
20164,50,14.0,158.0
20165,50,328.0,120.0
20166,50,362.0,275.0
20167,50,231.0,275.0
20168,50,658.0,223.0
20169,50,5566.0,180.0
20170,50,19.0,158.0
20171,50,130.0,128.0
20172,50,303.0,140.0
20173,50,75.0,199.0
20174,50,2839.0,140.0
20175,50,269964.0,186.0
20176,50,448.0,181.0
20177,50,542035.0,239.0
20178,50,300061.0,136.0
20179,50,5578.0,143.0
20180,49,1127.0,123.0
20181,49,1090.0,123.0
20182,49,42407.0,207.0
20183,49,34.0,123.0
20184,49,4924.0,155.0
20185,49,1077.0,123.0
20186,49,21.0,136.0
20187,49,957.0,123.0
20188,49,1169.0,123.0
20189,49,490.0,136.0
20190,49,294.0,184.0
20191,49,2041.0,120.0
20192,49,61895.0,131.0
20193,49,247.0,213.0
20194,49,632.0,107.0
20195,49,383.0,121.0
20196,49,7248.0,171.0
20197,49,25234.0,215.0
20198,49,8375.0,188.0
20199,49,28.0,158.0
20200,49,1992.0,189.0
20201,49,9342.0,194.0
20202,49,2382.0,167.0
20203,49,367.0,328.0
20204,49,113.0,177.0
20205,49,574009.0,222.0
20206,49,577011.0,222.0
20207,49,4765.0,133.0
20208,49,10172.0,109.0
20209,49,14681.0,123.0
20210,49,2958.0,101.0
20211,49,141946.0,160.0
20212,49,1668.0,154.0
20213,49,9632.0,134.0
20214,49,18623.0,134.0
20215,49,569974.0,222.0
20216,49,1550.0,254.0
20217,49,88.0,193.0
20218,49,546.0,125.0
20219,49,4.0,167.0
20220,49,438.0,185.0
20221,49,366.0,131.0
20222,49,120.0,131.0
20223,49,49348.0,262.0
20224,49,833.0,189.0
20225,49,1119.0,101.0
20226,49,3830.0,139.0
20227,49,1995.0,133.0
20228,49,257208.0,176.0
20229,49,1430.0,152.0
20230,49,1904.0,152.0
20231,49,13240.0,196.0
20232,49,28.0,213.0
20233,49,286.0,122.0
20234,49,747.0,181.0
20235,49,5165.0,184.0
20236,49,1264.0,188.0
20237,49,10679.0,114.0
20238,49,80.0,91.0
20239,49,19.0,125.0
20240,49,25468.0,216.0
20241,49,19.0,180.0
20242,49,76881.0,113.0
20243,49,32266.0,124.0
20244,49,23343.0,124.0
20245,49,21222.0,124.0
20246,49,60.0,159.0
20247,49,70.0,122.0
20248,49,1927.0,328.0
20249,49,2511.0,190.0
20250,49,4040.0,306.0
20251,49,197.0,306.0
20252,49,131738.0,177.0
20253,49,379.0,181.0
20254,49,909.0,188.0
20255,49,141.0,204.0
20256,49,600326.0,315.0
20257,49,56936.0,124.0
20258,49,39008.0,124.0
20259,49,851.0,461.0
20260,49,11089.0,239.0
20261,49,1857.0,180.0
20262,49,1392.0,114.0
20263,49,629.0,158.0
20264,49,41197.0,431.0
20265,49,1770.0,152.0
20266,49,32.0,181.0
20267,49,21673.0,404.0
20268,49,1138.0,123.0
20269,49,712.0,123.0
20270,49,604.0,123.0
20271,49,986.0,128.0
20272,49,2242.0,192.0
20273,49,2285.0,116.0
20274,48,2058.0,223.0
20275,48,1103.0,105.0
20276,48,196.0,97.0
20277,48,23393.0,356.0
20278,48,26.0,223.0
20279,48,110.0,223.0
20280,48,6648.0,118.0
20281,48,921.0,185.0
20282,48,2551.0,223.0
20283,48,806.0,202.0
20284,48,41.0,121.0
20285,48,24237.0,129.0
20286,48,24254.0,129.0
20287,48,27319.0,129.0
20288,48,1391.0,118.0
20289,48,193.0,119.0
20290,48,107969.0,106.0
20291,48,88.0,143.0
20292,48,8880.0,114.0
20293,48,1993.0,151.0
20294,48,2499.0,123.0
20295,48,1406.0,120.0
20296,48,8335.0,131.0
20297,48,817.0,125.0
20298,48,472.0,343.0
20299,48,750.0,192.0
20300,48,105.0,184.0
20301,48,101131.0,496.0
20302,48,67442.0,128.0
20303,48,472.0,187.0
20304,48,644.0,196.0
20305,48,562.0,192.0
20306,48,10802.0,139.0
20307,48,450.0,129.0
20308,48,16.0,130.0
20309,48,313.0,187.0
20310,48,50.0,187.0
20311,48,887.0,187.0
20312,48,1023.0,117.0
20313,48,97.0,203.0
20314,48,1615.0,140.0
20315,48,24245.0,108.0
20316,48,13155.0,133.0
20317,48,189.0,177.0
20318,48,3343.0,119.0
20319,48,11.0,157.0
20320,48,2410.0,198.0
20321,48,140.0,121.0
20322,48,538.0,189.0
20323,48,1143.0,176.0
20324,48,601.0,113.0
20325,48,560.0,187.0
20326,48,4353.0,140.0
20327,48,505.0,187.0
20328,48,300080.0,149.0
20329,48,733.0,187.0
20330,48,848.0,203.0
20331,48,393.0,215.0
20332,48,41268.0,131.0
20333,48,1068.0,206.0
20334,48,645.0,134.0
20335,48,4282.0,122.0
20336,48,507953.0,106.0
20337,48,100.0,117.0
20338,48,669.0,195.0
20339,48,19005.0,107.0
20340,48,165661.0,132.0
20341,48,26571.0,227.0
20342,48,11747.0,131.0
20343,48,238.0,208.0
20344,48,1054.0,127.0
20345,48,13034.0,122.0
20346,48,15540.0,183.0
20347,48,18.0,125.0
20348,48,194096.0,157.0
20349,48,6539.0,130.0
20350,48,3725.0,196.0
20351,48,2654.0,127.0
20352,48,212.0,99.0
20353,48,299.0,138.0
20354,48,302.0,138.0
20355,48,1869.0,121.0
20356,48,59051.0,118.0
20357,48,7909.0,190.0
20358,48,105022.0,99.0
20359,48,344.0,122.0
20360,48,2067.0,221.0
20361,48,936.0,198.0
20362,48,822.0,204.0
20363,48,17061.0,126.0
20364,48,1253.0,124.0
20365,48,5865.0,159.0
20366,48,1789.0,196.0
20367,48,9457.0,130.0
20368,48,1898.0,172.0
20369,48,2920.0,227.0
20370,48,3623.0,227.0
20371,48,3665.0,227.0
20372,48,3209.0,227.0
20373,48,1241.0,119.0
20374,48,807.0,119.0
20375,48,9964.0,91.0
20376,48,266.0,101.0
20377,48,361.0,120.0
20378,48,1622.0,120.0
20379,48,2166.0,146.0
20380,48,30344.0,133.0
20381,48,1340.0,129.0
20382,48,120.0,123.0
20383,48,172.0,123.0
20384,48,106.0,121.0
20385,48,197.0,95.0
20386,48,62831.0,124.0
20387,48,60301.0,129.0
20388,48,2541.0,126.0
20389,48,3119.0,126.0
20390,48,30.0,187.0
20391,48,2952.0,181.0
20392,48,392.0,113.0
20393,48,3427.0,124.0
20394,48,82914.0,201.0
20395,48,2791.0,199.0
20396,48,91859.0,199.0
20397,48,1210.0,137.0
20398,48,60386.0,129.0
20399,48,451.0,177.0
20400,48,47.0,175.0
20401,48,2875.0,227.0
20402,48,2899.0,100.0
20403,48,22102.0,202.0
20404,48,44146.0,133.0
20405,48,50.0,133.0
20406,48,9113.0,202.0
20407,48,9803.0,202.0
20408,48,5558.0,146.0
20409,48,857.0,146.0
20410,48,5129.0,146.0
20411,48,901.0,115.0
20412,48,198.0,129.0
20413,48,58.0,119.0
20414,48,1080.0,175.0
20415,48,934.0,146.0
20416,48,2857.0,146.0
20417,48,1773.0,129.0
20418,48,165.0,476.0
20419,48,2296.0,146.0
20420,48,720.0,323.0
20421,48,9068.0,117.0
20422,48,3027.0,116.0
20423,48,5.0,130.0
20424,48,7825.0,81.0
20425,48,4420.0,191.0
20426,48,21798.0,133.0
20427,48,2366.0,206.0
20428,48,1484.0,133.0
20429,48,1868.0,133.0
20430,48,11372.0,196.0
20431,48,106.0,191.0
20432,48,3067.0,116.0
20433,48,430.0,90.0
20434,48,2524.0,168.0
20435,48,754.0,168.0
20436,48,2271.0,168.0
20437,48,10053.0,202.0
20438,48,11742.0,202.0
20439,48,26872.0,120.0
20440,48,1060.0,96.0
20441,48,14134.0,119.0
20442,48,476.0,122.0
20443,48,14441.0,127.0
20444,48,2085.0,165.0
20445,48,4737.0,128.0
20446,48,6160.0,199.0
20447,48,90629.0,122.0
20448,48,3305.0,305.0
20449,48,2756.0,345.0
20450,48,67250.0,202.0
20451,48,1889.0,138.0
20452,48,767.0,138.0
20453,48,11330.0,190.0
20454,48,127.0,226.0
20455,48,311.0,123.0
20456,48,11863.0,80.0
20457,48,1915.0,195.0
20458,48,23165.0,225.0
20459,48,2060.0,156.0
20460,48,43.0,133.0
20461,48,471.0,176.0
20462,48,68.0,176.0
20463,48,141.0,246.0
20464,48,2131.0,102.0
20465,48,15384.0,143.0
20466,48,41697.0,122.0
20467,48,2012.0,219.0
20468,48,9240.0,115.0
20469,48,9598.0,115.0
20470,48,2011.0,219.0
20471,48,3512.0,219.0
20472,48,9429.0,118.0
20473,48,10132.0,118.0
20474,48,3805.0,96.0
20475,48,36190.0,967.0
20476,48,53501.0,967.0
20477,48,1282.0,103.0
20478,48,638.0,148.0
20479,48,48838.0,89.0
20480,48,741.0,91.0
20481,48,3173.0,183.0
20482,48,1399.0,102.0
20483,48,34707.0,190.0
20484,48,3067.0,188.0
20485,48,709.0,124.0
20486,48,459.0,180.0
20487,48,91.0,93.0
20488,48,65.0,122.0
20489,48,742.0,117.0
20490,48,4636.0,183.0
20491,48,3662.0,113.0
20492,48,3814.0,115.0
20493,48,1485.0,185.0
20494,48,1728.0,133.0
20495,48,16202.0,135.0
20496,48,169.0,137.0
20497,48,4.0,126.0
20498,48,690.0,219.0
20499,48,457.0,132.0
20500,48,11372.0,190.0
20501,48,1042.0,121.0
20502,48,1480.0,113.0
20503,48,181.0,124.0
20504,48,610.0,213.0
20505,48,69701.0,967.0
20506,48,71254.0,98.0
20507,48,3481.0,189.0
20508,48,11576.0,194.0
20509,48,100048.0,134.0
20510,48,6180.0,105.0
20511,48,1347.0,134.0
20512,48,5146.0,134.0
20513,48,2816.0,134.0
20514,48,10164.0,174.0
20515,48,3.0,194.0
20516,48,3894.0,311.0
20517,48,5693.0,134.0
20518,48,1573.0,174.0
20519,48,1229.0,134.0
20520,48,5479.0,134.0
20521,48,1309.0,134.0
20522,48,41.0,113.0
20523,48,6042.0,133.0
20524,48,1358.0,185.0
20525,48,5898.0,131.0
20526,48,69614.0,241.0
20527,48,114654.0,148.0
20528,48,2867.0,336.0
20529,48,2969.0,320.0
20530,48,2823.0,340.0
20531,48,20428.0,193.0
20532,48,22490.0,224.0
20533,48,6340.0,190.0
20534,48,15376.0,129.0
20535,48,14591.0,130.0
20536,48,3673.0,145.0
20537,48,2084.0,118.0
20538,48,1916.0,211.0
20539,48,2843.0,113.0
20540,48,12828.0,103.0
20541,48,57.0,112.0
20542,48,2542.0,211.0
20543,48,2773.0,211.0
20544,48,22302.0,224.0
20545,48,345.0,218.0
20546,48,2031.0,211.0
20547,48,2068.0,118.0
20548,48,501.0,177.0
20549,48,538.0,160.0
20550,48,86.0,114.0
20551,48,9238.0,180.0
20552,48,3007.0,187.0
20553,48,78.0,114.0
20554,48,89122.0,130.0
20555,48,1725.0,158.0
20556,48,1696.0,158.0
20557,48,2702.0,181.0
20558,48,189.0,199.0
20559,48,335.0,200.0
20560,48,648.0,121.0
20561,48,48.0,225.0
20562,48,1071.0,134.0
20563,48,1560.0,186.0
20564,48,37.0,122.0
20565,48,1226.0,106.0
20566,48,2093.0,193.0
20567,48,1983.0,193.0
20568,48,849.0,108.0
20569,48,58.0,125.0
20570,48,4063.0,315.0
20571,48,4227.0,193.0
20572,48,4158.0,193.0
20573,48,4645.0,193.0
20574,48,4205.0,183.0
20575,48,556.0,121.0
20576,48,8.0,195.0
20577,48,39.0,118.0
20578,48,900.0,160.0
20579,48,115.0,97.0
20580,48,27786.0,205.0
20581,48,3882.0,115.0
20582,48,196349.0,123.0
20583,48,125988.0,123.0
20584,48,3793.0,137.0
20585,48,739.0,160.0
20586,48,872.0,160.0
20587,48,276148.0,189.0
20588,48,276148.0,190.0
20589,48,33285.0,189.0
20590,48,33285.0,190.0
20591,48,1605.0,146.0
20592,48,588.0,182.0
20593,48,2818.0,124.0
20594,48,131.0,128.0
20595,48,82.0,221.0
20596,48,159.0,197.0
20597,48,1959.0,146.0
20598,48,1599.0,148.0
20599,48,2142.0,148.0
20600,48,1709.0,149.0
20601,48,3405.0,193.0
20602,48,2097.0,193.0
20603,48,71790.0,218.0
20604,48,50804.0,218.0
20605,48,280.0,337.0
20606,48,752.0,102.0
20607,48,2871.0,246.0
20608,48,637.0,147.0
20609,48,1214.0,175.0
20610,48,196.0,179.0
20611,48,291.0,188.0
20612,48,4469.0,152.0
20613,48,10008.0,152.0
20614,48,33783.0,188.0
20615,48,58708.0,218.0
20616,48,4064.0,134.0
20617,48,170.0,152.0
20618,48,1816.0,177.0
20619,48,1367.0,134.0
20620,48,185.0,250.0
20621,48,1720.0,289.0
20622,48,3321.0,190.0
20623,48,191.0,156.0
20624,48,2709.0,195.0
20625,48,2755.0,182.0
20626,48,15425.0,120.0
20627,48,4461.0,166.0
20628,48,10372.0,166.0
20629,48,1233.0,134.0
20630,48,489.0,174.0
20631,48,126.0,114.0
20632,48,3581.0,194.0
20633,48,93.0,114.0
20634,48,497.0,172.0
20635,48,1363.0,189.0
20636,48,1724.0,182.0
20637,48,9462.0,175.0
20638,48,77206.0,122.0
20639,48,2016.0,152.0
20640,48,5726.0,191.0
20641,48,5826.0,192.0
20642,48,10605.0,131.0
20643,48,882.0,186.0
20644,48,20.0,118.0
20645,48,9763.0,149.0
20646,48,1193.0,180.0
20647,48,29704.0,158.0
20648,48,1216.0,134.0
20649,48,1022.0,134.0
20650,48,5883.0,134.0
20651,48,2102.0,181.0
20652,48,2355.0,121.0
20653,48,966.0,193.0
20654,48,72.0,126.0
20655,48,4344.0,156.0
20656,48,179.0,99.0
20657,48,20.0,158.0
20658,48,8700.0,152.0
20659,48,2009.0,124.0
20660,48,10355.0,160.0
20661,48,1060.0,143.0
20662,48,934.0,127.0
20663,48,1374.0,108.0
20664,48,3445.0,187.0
20665,48,119245.0,249.0
20666,48,6662.0,185.0
20667,48,1635.0,125.0
20668,48,222.0,184.0
20669,48,18454.0,138.0
20670,48,16036.0,138.0
20671,48,16083.0,138.0
20672,48,653.0,147.0
20673,48,62.0,138.0
20674,48,16779.0,122.0
20675,48,8625.0,148.0
20676,48,4138.0,148.0
20677,48,10422.0,148.0
20678,48,8704.0,131.0
20679,48,639.0,216.0
20680,48,304.0,104.0
20681,48,10077.0,134.0
20682,48,1826.0,181.0
20683,48,2536.0,96.0
20684,48,15401.0,139.0
20685,48,4601.0,131.0
20686,48,12918.0,131.0
20687,48,13.0,223.0
20688,48,4566.0,190.0
20689,48,1063.0,118.0
20690,48,4109.0,118.0
20691,48,7177.0,128.0
20692,48,38.0,158.0
20693,48,298.0,192.0
20694,48,398.0,192.0
20695,48,11608.0,109.0
20696,48,4214.0,196.0
20697,48,15094.0,104.0
20698,48,300069.0,127.0
20699,48,1273.0,132.0
20700,48,103.0,128.0
20701,48,35695.0,115.0
20702,48,9265.0,123.0
20703,48,234.0,295.0
20704,48,597.0,113.0
20705,48,10324.0,104.0
20706,48,183.0,96.0
20707,48,594.0,118.0
20708,48,2927.0,118.0
20709,48,1181.0,137.0
20710,48,14.0,116.0
20711,48,6416.0,181.0
20712,48,2377.0,181.0
20713,48,96198.0,175.0
20714,48,360.0,125.0
20715,48,58.0,119.0
20716,48,160866.0,295.0
20717,48,2346.0,151.0
20718,48,1108.0,106.0
20719,48,1511.0,134.0
20720,48,664.0,125.0
20721,48,1930.0,185.0
20722,48,1775.0,185.0
20723,48,16509.0,131.0
20724,48,203.0,174.0
20725,48,193.0,90.0
20726,48,167465.0,143.0
20727,48,93.0,189.0
20728,48,166452.0,177.0
20729,48,10035.0,137.0
20730,48,39926.0,225.0
20731,48,2190.0,120.0
20732,48,1977.0,100.0
20733,48,10076.0,211.0
20734,48,665.0,137.0
20735,48,2440.0,116.0
20736,48,1856.0,185.0
20737,48,1925.0,185.0
20738,48,4492.0,106.0
20739,48,6493.0,183.0
20740,48,505.0,205.0
20741,48,9315.0,211.0
20742,48,8585.0,205.0
20743,48,242.0,112.0
20744,48,10236.0,126.0
20745,48,1426.0,159.0
20746,48,1064.0,113.0
20747,48,2473.0,111.0
20748,48,2461.0,111.0
20749,48,2451.0,111.0
20750,48,227.0,95.0
20751,48,584.0,95.0
20752,48,102002.0,148.0
20753,48,352.0,86.0
20754,48,199.0,119.0
20755,48,903.0,272.0
20756,48,497.0,102.0
20757,48,313.0,102.0
20758,48,331.0,102.0
20759,48,9830.0,211.0
20760,48,365.0,186.0
20761,48,518.0,155.0
20762,48,1283.0,101.0
20763,48,112.0,128.0
20764,48,1325.0,195.0
20765,48,14957.0,190.0
20766,48,37044.0,131.0
20767,48,1599.0,94.0
20768,48,1293.0,188.0
20769,48,867.0,129.0
20770,48,1738.0,185.0
20771,48,972.0,184.0
20772,48,9028.0,295.0
20773,48,3086.0,190.0
20774,48,1074.0,100.0
20775,48,77.0,123.0
20776,48,63.0,122.0
20777,48,309.0,120.0
20778,48,139.0,120.0
20779,48,1239.0,125.0
20780,48,2163.0,104.0
20781,48,483.0,181.0
20782,48,1038.0,100.0
20783,48,311.0,131.0
20784,48,195.0,131.0
20785,48,2410.0,102.0
20786,48,14081.0,92.0
20787,48,723.0,182.0
20788,48,1086.0,184.0
20789,48,2605.0,194.0
20790,48,55684.0,125.0
20791,48,2431.0,157.0
20792,48,2301.0,124.0
20793,48,380.0,120.0
20794,48,61572.0,120.0
20795,48,11904.0,226.0
20796,48,476.0,180.0
20797,48,295359.0,128.0
20798,48,574.0,182.0
20799,48,395.0,184.0
20800,48,127494.0,134.0
20801,48,6551.0,187.0
20802,48,416.0,119.0
20803,48,1111.0,186.0
20804,48,666.0,185.0
20805,48,2487.0,111.0
20806,48,824.0,178.0
20807,48,161.0,94.0
20808,48,5226.0,83.0
20809,48,4747.0,128.0
20810,48,1158.0,107.0
20811,48,29.0,183.0
20812,48,232.0,129.0
20813,48,1998.0,129.0
20814,48,3139.0,121.0
20815,48,3427.0,185.0
20816,48,139.0,133.0
20817,48,127.0,106.0
20818,48,35605.0,106.0
20819,48,66.0,139.0
20820,48,1656.0,121.0
20821,48,4041.0,172.0
20822,48,21309.0,184.0
20823,48,2747.0,144.0
20824,48,1128.0,172.0
20825,48,495.0,106.0
20826,48,18314.0,341.0
20827,48,113.0,193.0
20828,48,6993.0,117.0
20829,48,2270.0,133.0
20830,48,4784.0,133.0
20831,48,4936.0,193.0
20832,48,4164.0,200.0
20833,48,2122.0,139.0
20834,48,1941.0,139.0
20835,48,2725.0,139.0
20836,48,965.0,105.0
20837,48,172.0,101.0
20838,48,6866.0,129.0
20839,48,2579.0,129.0
20840,48,1886.0,129.0
20841,48,1097.0,129.0
20842,48,2576.0,129.0
20843,48,5749.0,187.0
20844,48,2436.0,223.0
20845,48,2494.0,223.0
20846,48,2529.0,123.0
20847,48,1059.0,108.0
20848,48,303.0,187.0
20849,48,1342.0,120.0
20850,48,410.0,119.0
20851,48,857.0,192.0
20852,48,4510.0,196.0
20853,48,2744.0,186.0
20854,48,23.0,139.0
20855,48,136.0,139.0
20856,48,13136.0,166.0
20857,48,1445.0,223.0
20858,48,37148.0,225.0
20859,48,1737.0,124.0
20860,48,51.0,116.0
20861,48,318.0,127.0
20862,48,1718.0,142.0
20863,48,623.0,189.0
20864,48,89.0,203.0
20865,48,115.0,203.0
20866,48,-35100.0,205.0
20867,48,-18539.0,205.0
20868,48,-40948.0,205.0
20869,48,8164.0,205.0
20870,48,15770.0,391.0
20871,48,544.0,147.0
20872,48,2167.0,139.0
20873,48,16074.0,114.0
20874,48,3593.0,118.0
20875,47,44096.0,136.0
20876,47,16969.0,136.0
20877,47,1806.0,121.0
20878,47,44648.0,134.0
20879,47,991.0,178.0
20880,47,1204.0,178.0
20881,47,184.0,193.0
20882,47,3350.0,207.0
20883,47,127.0,177.0
20884,47,2711.0,208.0
20885,47,46.0,320.0
20886,47,1012.0,187.0
20887,47,3843.0,348.0
20888,47,586.0,195.0
20889,47,7049.0,154.0
20890,47,349.0,188.0
20891,47,30.0,193.0
20892,47,57.0,130.0
20893,47,334.0,157.0
20894,47,448.0,122.0
20895,47,839.0,221.0
20896,47,4957.0,116.0
20897,47,6805.0,207.0
20898,47,7135.0,187.0
20899,47,31206.0,122.0
20900,47,658.0,189.0
20901,47,11.0,176.0
20902,47,1777.0,406.0
20903,47,497.0,185.0
20904,47,397.0,106.0
20905,47,2648.0,249.0
20906,47,600.0,125.0
20907,47,3034.0,125.0
20908,47,12279.0,141.0
20909,47,476.0,346.0
20910,47,6747.0,178.0
20911,47,4791.0,450.0
20912,47,667.0,183.0
20913,47,33.0,183.0
20914,47,0.0,119.0
20915,47,723.0,197.0
20916,47,159.0,116.0
20917,47,472.0,182.0
20918,47,120929.0,191.0
20919,47,519.0,191.0
20920,47,37192.0,188.0
20921,47,1682.0,117.0
20922,47,1025.0,175.0
20923,47,15.0,175.0
20924,47,35.0,185.0
20925,47,576.0,120.0
20926,47,318.0,152.0
20927,47,165.0,162.0
20928,47,37.0,185.0
20929,47,2276.0,123.0
20930,47,196.0,181.0
20931,47,208.0,181.0
20932,47,198.0,181.0
20933,47,301.0,163.0
20934,47,41.0,114.0
20935,47,385.0,181.0
20936,47,6340.0,90.0
20937,47,780.0,336.0
20938,47,47489.0,197.0
20939,47,477.0,189.0
20940,47,284.0,180.0
20941,47,1488.0,133.0
20942,47,3099.0,262.0
20943,47,27.0,201.0
20944,47,182.0,131.0
20945,47,40682.0,126.0
20946,47,13535.0,347.0
20947,47,75.0,121.0
20948,47,1600.0,176.0
20949,47,4.0,109.0
20950,47,366.0,162.0
20951,47,3160.0,114.0
20952,47,40908.0,136.0
20953,47,51885.0,128.0
20954,47,220.0,184.0
20955,47,11237.0,136.0
20956,47,14212.0,134.0
20957,47,354.0,189.0
20958,47,130.0,134.0
20959,47,51385.0,374.0
20960,47,61.0,352.0
20961,47,422.0,94.0
20962,47,2240.0,120.0
20963,47,50931.0,291.0
20964,47,724.0,193.0
20965,47,616.0,193.0
20966,46,6447.0,152.0
20967,46,1549.0,116.0
20968,46,12703.0,216.0
20969,46,185.0,131.0
20970,46,14512.0,133.0
20971,46,11767.0,134.0
20972,46,6813.0,216.0
20973,46,233.0,213.0
20974,46,179.0,116.0
20975,46,1324.0,229.0
20976,46,221.0,179.0
20977,46,122.0,121.0
20978,46,917.0,98.0
20979,46,42132.0,152.0
20980,46,392.0,237.0
20981,46,851.0,157.0
20982,46,45.0,140.0
20983,46,42950.0,134.0
20984,46,48793.0,133.0
20985,46,86.0,119.0
20986,46,201.0,213.0
20987,46,3785.0,123.0
20988,46,505.0,165.0
20989,46,8821.0,123.0
20990,46,58.0,126.0
20991,46,362.0,217.0
20992,46,7767.0,213.0
20993,46,2641.0,190.0
20994,46,143.0,125.0
20995,46,4161.0,478.0
20996,46,892.0,193.0
20997,46,1793.0,170.0
20998,46,500.0,119.0
20999,46,55.0,192.0
21000,46,214.0,217.0
21001,46,670.0,177.0
21002,46,44748.0,136.0
21003,46,10.0,152.0
21004,46,114.0,120.0
21005,46,409.0,114.0
21006,46,22.0,168.0
21007,46,11842.0,192.0
21008,46,457.0,114.0
21009,46,452.0,114.0
21010,46,1137.0,117.0
21011,46,114.0,225.0
21012,46,1215.0,208.0
21013,46,72898.0,187.0
21014,46,4626.0,189.0
21015,46,83559.0,142.0
21016,46,307.0,128.0
21017,46,3278.0,344.0
21018,46,10780.0,136.0
21019,46,246.0,217.0
21020,46,6479.0,235.0
21021,46,216.0,178.0
21022,46,204.0,195.0
21023,46,117.0,120.0
21024,46,950.0,115.0
21025,46,1274.0,182.0
21026,46,125.0,127.0
21027,46,170.0,145.0
21028,46,66.0,195.0
21029,46,1026.0,220.0
21030,46,3274.0,249.0
21031,46,198.0,190.0
21032,46,41762.0,132.0
21033,46,20.0,121.0
21034,46,304.0,336.0
21035,46,4626.0,190.0
21036,46,198.0,189.0
21037,46,18008.0,220.0
21038,46,27246.0,216.0
21039,46,57.0,320.0
21040,46,214.0,119.0
21041,46,477.0,202.0
21042,46,44453.0,142.0
21043,46,9184.0,191.0
21044,46,277.0,107.0
21045,46,74.0,121.0
21046,46,5901.0,210.0
21047,46,910.0,182.0
21048,46,6862.0,217.0
21049,46,3769.0,239.0
21050,46,2809.0,216.0
21051,46,2704.0,216.0
21052,46,6.0,127.0
21053,46,178.0,114.0
21054,46,101.0,117.0
21055,45,26.0,119.0
21056,45,303.0,119.0
21057,45,252.0,191.0
21058,45,8616.0,128.0
21059,45,44848.0,134.0
21060,45,17337.0,212.0
21061,45,167.0,194.0
21062,45,397.0,119.0
21063,45,8770.0,132.0
21064,45,307.0,189.0
21065,45,124.0,180.0
21066,45,9640.0,139.0
21067,45,237.0,176.0
21068,45,21362.0,131.0
21069,45,41913.0,131.0
21070,45,551.0,203.0
21071,45,815.0,175.0
21072,45,49262.0,129.0
21073,45,43837.0,138.0
21074,45,9838.0,138.0
21075,45,332.0,175.0
21076,45,14548.0,134.0
21077,45,21.0,177.0
21078,45,78.0,158.0
21079,45,42153.0,132.0
21080,45,48300.0,132.0
21081,45,159.0,251.0
21082,45,6237.0,201.0
21083,45,1248.0,189.0
21084,45,52.0,194.0
21085,45,3200.0,121.0
21086,45,486.0,200.0
21087,45,414.0,111.0
21088,45,2304.0,124.0
21089,45,44412.0,128.0
21090,45,648.0,101.0
21091,45,328.0,99.0
21092,45,44242.0,130.0
21093,45,2399.0,132.0
21094,45,44197.0,129.0
21095,45,176.0,194.0
21096,45,24289.0,129.0
21097,45,13659.0,642.0
21098,45,11606.0,130.0
21099,45,16339.0,642.0
21100,45,82445.0,861.0
21101,45,11667.0,129.0
21102,45,594.0,186.0
21103,45,45266.0,132.0
21104,45,44894.0,137.0
21105,45,17808.0,137.0
21106,45,11996.0,140.0
21107,45,2921.0,276.0
21108,45,14801.0,143.0
21109,45,268.0,128.0
21110,45,7481.0,170.0
21111,45,1949.0,120.0
21112,45,47702.0,132.0
21113,45,43462.0,152.0
21114,45,3936.0,193.0
21115,45,422.0,180.0
21116,45,354.0,187.0
21117,45,124.0,161.0
21118,45,20203.0,120.0
21119,45,44199.0,134.0
21120,45,11552.0,142.0
21121,45,9351.0,128.0
21122,45,590.0,128.0
21123,45,1132.0,151.0
21124,45,77.0,119.0
21125,45,24965.0,137.0
21126,45,21252.0,132.0
21127,45,47548.0,141.0
21128,45,77.0,182.0
21129,45,13443.0,139.0
21130,45,320.0,179.0
21131,45,47845.0,137.0
21132,45,44415.0,139.0
21133,45,2745.0,212.0
21134,45,39995.0,142.0
21135,45,22303.0,138.0
21136,45,281.0,114.0
21137,45,417.0,170.0
21138,45,17664.0,141.0
21139,45,1026.0,100.0
21140,45,2549.0,142.0
21141,45,10002.0,134.0
21142,45,54285.0,132.0
21143,45,44179.0,132.0
21144,45,58.0,128.0
21145,45,302.0,182.0
21146,45,4.0,122.0
21147,45,17.0,123.0
21148,45,46509.0,138.0
21149,45,54.0,168.0
21150,45,13016.0,109.0
21151,45,1469.0,126.0
21152,45,423.0,136.0
21153,45,1086.0,136.0
21154,45,10278.0,129.0
21155,45,43037.0,129.0
21156,45,3261.0,151.0
21157,45,11809.0,126.0
21158,45,1166.0,125.0
21159,45,44862.0,126.0
21160,45,1706.0,114.0
21161,45,11169.0,193.0
21162,45,18840.0,193.0
21163,45,45308.0,133.0
21164,45,3387.0,178.0
21165,45,41910.0,152.0
21166,45,11384.0,133.0
21167,44,797.0,125.0
21168,44,24928.0,197.0
21169,44,39.0,137.0
21170,44,1539.0,166.0
21171,44,123.0,114.0
21172,44,1440.0,103.0
21173,44,493.0,181.0
21174,44,166.0,213.0
21175,44,378039.0,141.0
21176,44,3838.0,122.0
21177,44,42467.0,130.0
21178,44,35629.0,213.0
21179,44,56.0,124.0
21180,44,44723.0,132.0
21181,44,19910.0,132.0
21182,44,493.0,190.0
21183,44,271.0,190.0
21184,44,726.0,145.0
21185,44,48107.0,144.0
21186,44,10039.0,145.0
21187,44,63.0,119.0
21188,44,871.0,116.0
21189,44,85568.0,144.0
21190,44,670.0,203.0
21191,44,71.0,196.0
21192,44,1186.0,134.0
21193,44,12991.0,135.0
21194,44,670.0,124.0
21195,44,144.0,143.0
21196,44,72.0,134.0
21197,44,12966.0,167.0
21198,44,1176.0,138.0
21199,44,1325.0,93.0
21200,44,8543.0,207.0
21201,44,5694.0,186.0
21202,44,1121.0,193.0
21203,44,3642.0,153.0
21204,44,47396.0,134.0
21205,44,44273.0,136.0
21206,44,11324.0,136.0
21207,44,87867.0,188.0
21208,44,1493.0,119.0
21209,44,1513.0,119.0
21210,44,49422.0,135.0
21211,44,220.0,122.0
21212,44,213.0,124.0
21213,44,45316.0,135.0
21214,44,16439.0,135.0
21215,44,17014.0,134.0
21216,44,104.0,164.0
21217,44,14905.0,297.0
21218,44,185.0,206.0
21219,44,1516.0,155.0
21220,44,123.0,306.0
21221,44,1497.0,177.0
21222,44,993.0,119.0
21223,44,406.0,193.0
21224,44,604.0,121.0
21225,44,1655.0,185.0
21226,44,51.0,194.0
21227,44,233.0,162.0
21228,44,1282.0,105.0
21229,44,837.0,203.0
21230,44,1285.0,162.0
21231,44,667.0,170.0
21232,44,111.0,123.0
21233,44,81.0,134.0
21234,44,1106.0,131.0
21235,44,42924.0,132.0
21236,44,632.0,269.0
21237,44,44831.0,136.0
21238,44,9689.0,136.0
21239,44,6730.0,158.0
21240,44,458.0,140.0
21241,44,43383.0,129.0
21242,44,10901.0,129.0
21243,44,201.0,125.0
21244,44,16478.0,130.0
21245,44,1316.0,105.0
21246,44,223.0,122.0
21247,44,4593.0,132.0
21248,44,3565.0,129.0
21249,44,652.0,112.0
21250,44,781.0,112.0
21251,44,839.0,196.0
21252,44,46103.0,134.0
21253,44,12985.0,134.0
21254,43,28.0,185.0
21255,43,9599.0,141.0
21256,43,45210.0,141.0
21257,43,6538.0,175.0
21258,43,122.0,122.0
21259,43,48748.0,135.0
21260,43,14987.0,135.0
21261,43,122.0,168.0
21262,43,11732.0,135.0
21263,43,45617.0,135.0
21264,43,1124.0,114.0
21265,43,15519.0,124.0
21266,43,2500.0,90.0
21267,43,29.0,199.0
21268,43,180.0,90.0
21269,43,361.0,144.0
21270,43,4777.0,205.0
21271,43,717.0,175.0
21272,43,148.0,126.0
21273,43,1702.0,132.0
21274,43,48168.0,137.0
21275,43,381.0,191.0
21276,43,12558.0,135.0
21277,43,57.0,168.0
21278,43,44589.0,135.0
21279,43,105.0,138.0
21280,43,972.0,90.0
21281,43,311.0,161.0
21282,43,681.0,132.0
21283,43,425.0,116.0
21284,43,22989.0,137.0
21285,43,46451.0,135.0
21286,43,3.0,192.0
21287,43,29.0,138.0
21288,43,2.0,138.0
21289,43,71.0,138.0
21290,43,102.0,203.0
21291,43,10053.0,244.0
21292,43,739.0,138.0
21293,43,114.0,179.0
21294,43,9321.0,135.0
21295,43,1060.0,183.0
21296,43,790.0,181.0
21297,43,604.0,131.0
21298,43,293.0,108.0
21299,43,399347.0,214.0
21300,43,2028.0,208.0
21301,43,84.0,181.0
21302,43,917.0,181.0
21303,43,46408.0,153.0
21304,43,13919.0,152.0
21305,43,12714.0,152.0
21306,43,213.0,179.0
21307,43,6605.0,208.0
21308,43,394.0,182.0
21309,43,1683.0,208.0
21310,43,48184.0,136.0
21311,43,47122.0,136.0
21312,43,91.0,134.0
21313,43,211.0,108.0
21314,43,4480.0,182.0
21315,43,31.0,196.0
21316,43,16.0,200.0
21317,43,846.0,92.0
21318,43,9397.0,191.0
21319,43,142.0,169.0
21320,43,1289.0,258.0
21321,43,305.0,92.0
21322,43,3299.0,92.0
21323,43,27.0,140.0
21324,43,65.0,183.0
21325,43,222.0,148.0
21326,43,536.0,184.0
21327,43,456.0,187.0
21328,43,31.0,138.0
21329,43,237.0,100.0
21330,43,43.0,111.0
21331,43,2142.0,160.0
21332,43,124.0,295.0
21333,42,8.0,127.0
21334,42,288.0,95.0
21335,42,158.0,194.0
21336,42,44.0,178.0
21337,42,217.0,116.0
21338,42,3870.0,135.0
21339,42,3711.0,135.0
21340,42,5550.0,225.0
21341,42,52.0,178.0
21342,42,349.0,185.0
21343,42,1929.0,138.0
21344,42,318.0,180.0
21345,42,1663.0,180.0
21346,42,313.0,163.0
21347,42,706.0,188.0
21348,42,1064.0,195.0
21349,42,39.0,193.0
21350,42,103.0,156.0
21351,42,38941.0,130.0
21352,42,816.0,128.0
21353,42,523.0,98.0
21354,42,56.0,178.0
21355,42,1699.0,216.0
21356,42,466.0,126.0
21357,42,65.0,167.0
21358,42,798.0,128.0
21359,42,515.0,195.0
21360,42,65.0,191.0
21361,42,3163.0,195.0
21362,42,151.0,108.0
21363,42,647.0,206.0
21364,42,10128.0,104.0
21365,42,1331.0,191.0
21366,42,121.0,139.0
21367,42,9910.0,139.0
21368,42,267.0,109.0
21369,42,1141.0,127.0
21370,42,3362.0,131.0
21371,42,180563.0,262.0
21372,42,123.0,120.0
21373,42,186.0,120.0
21374,42,7847.0,183.0
21375,42,1843.0,461.0
21376,42,131.0,210.0
21377,42,159.0,210.0
21378,42,103.0,197.0
21379,42,47.0,185.0
21380,42,3149.0,122.0
21381,42,64.0,203.0
21382,42,45480.0,135.0
21383,42,2991.0,168.0
21384,42,86.0,116.0
21385,42,263.0,195.0
21386,42,132.0,183.0
21387,42,31.0,190.0
21388,42,45907.0,188.0
21389,42,1287.0,130.0
21390,42,11415.0,148.0
21391,42,44350.0,148.0
21392,42,1087.0,199.0
21393,42,387.0,118.0
21394,42,131.0,199.0
21395,42,4336.0,135.0
21396,42,31943.0,152.0
21397,42,1639.0,167.0
21398,42,1648.0,143.0
21399,42,4526.0,135.0
21400,42,384.0,120.0
21401,42,1019.0,332.0
21402,42,10462.0,242.0
21403,42,879.0,126.0
21404,42,621.0,201.0
21405,42,995.0,131.0
21406,42,10.0,140.0
21407,42,4055.0,150.0
21408,42,11619.0,122.0
21409,42,11.0,199.0
21410,42,10.0,201.0
21411,42,481.0,199.0
21412,42,26900.0,118.0
21413,42,150.0,184.0
21414,42,28049.0,118.0
21415,42,235.0,146.0
21416,42,13814.0,135.0
21417,42,1782.0,130.0
21418,42,21.0,200.0
21419,42,107.0,187.0
21420,42,1158.0,182.0
21421,41,770.0,173.0
21422,41,305.0,128.0
21423,41,39.0,199.0
21424,41,1101.0,122.0
21425,41,7.0,115.0
21426,41,4244.0,83.0
21427,41,2234.0,131.0
21428,41,2618.0,199.0
21429,41,116.0,139.0
21430,41,330.0,122.0
21431,41,3126.0,126.0
21432,41,10196.0,133.0
21433,41,47361.0,133.0
21434,41,381.0,189.0
21435,41,1047.0,154.0
21436,41,209.0,212.0
21437,41,1340.0,147.0
21438,41,837.0,189.0
21439,41,446.0,207.0
21440,41,559.0,136.0
21441,41,1196.0,145.0
21442,41,407.0,130.0
21443,41,3606.0,98.0
21444,41,74.0,113.0
21445,41,68880.0,117.0
21446,41,1685.0,200.0
21447,41,20280.0,129.0
21448,41,49022.0,129.0
21449,41,2669.0,129.0
21450,41,99443.0,150.0
21451,41,91.0,212.0
21452,41,117.0,184.0
21453,41,42985.0,207.0
21454,41,1608.0,106.0
21455,41,102776.0,217.0
21456,41,160.0,133.0
21457,41,35351.0,111.0
21458,41,4641.0,270.0
21459,41,1082.0,128.0
21460,41,15.0,203.0
21461,41,338.0,203.0
21462,41,1109.0,688.0
21463,41,107.0,177.0
21464,41,13.0,124.0
21465,41,41.0,156.0
21466,41,562.0,263.0
21467,41,308.0,118.0
21468,41,1.0,119.0
21469,41,403.0,194.0
21470,41,456.0,195.0
21471,40,1376.0,129.0
21472,40,197.0,183.0
21473,40,1088.0,129.0
21474,40,1033.0,129.0
21475,40,1809.0,129.0
21476,40,923.0,129.0
21477,40,686.0,129.0
21478,40,799.0,129.0
21479,40,1143.0,129.0
21480,40,1192.0,129.0
21481,40,849.0,129.0
21482,40,1164.0,129.0
21483,40,926.0,129.0
21484,40,1011.0,129.0
21485,40,283.0,405.0
21486,40,1401.0,122.0
21487,40,30327.0,122.0
21488,40,1197.0,158.0
21489,40,65388.0,219.0
21490,40,22.0,190.0
21491,40,1.0,119.0
21492,40,2.0,111.0
21493,40,4503.0,186.0
21494,40,1087.0,129.0
21495,40,876.0,129.0
21496,40,422.0,177.0
21497,40,12.0,226.0
21498,40,1154.0,195.0
21499,40,2028.0,186.0
21500,40,166.0,176.0
21501,40,18.0,131.0
21502,40,800.0,142.0
21503,40,284.0,126.0
21504,40,507713.0,213.0
21505,40,3538.0,213.0
21506,40,956.0,309.0
21507,40,83890.0,211.0
21508,40,2016.0,248.0
21509,40,11035.0,144.0
21510,40,2098.0,261.0
21511,40,1998.0,196.0
21512,40,1009.0,195.0
21513,40,274.0,216.0
21514,40,13853.0,186.0
21515,40,2740.0,168.0
21516,40,392.0,190.0
21517,40,442.0,129.0
21518,40,18419.0,147.0
21519,40,2081.0,71.0
21520,40,5.0,126.0
21521,40,141.0,126.0
21522,40,437.0,177.0
21523,40,419.0,196.0
21524,40,1093.0,181.0
21525,40,1224.0,142.0
21526,40,1123.0,90.0
21527,40,42.0,181.0
21528,40,11683.0,162.0
21529,40,47604.0,162.0
21530,40,1235.0,193.0
21531,40,1778.0,182.0
21532,40,128.0,183.0
21533,40,408.0,119.0
21534,40,141.0,123.0
21535,40,133.0,125.0
21536,40,418.0,115.0
21537,40,134040.0,132.0
21538,40,247.0,127.0
21539,40,185.0,123.0
21540,40,57.0,272.0
21541,40,31355.0,153.0
21542,40,12164.0,182.0
21543,40,167.0,131.0
21544,40,10471.0,137.0
21545,40,48765.0,137.0
21546,40,3.0,213.0
21547,40,268.0,150.0
21548,40,970.0,129.0
21549,40,841.0,129.0
21550,40,856.0,129.0
21551,40,1046.0,129.0
21552,40,1252.0,129.0
21553,40,210.0,177.0
21554,40,5771.0,164.0
21555,40,773.0,129.0
21556,40,614.0,180.0
21557,40,1036.0,129.0
21558,40,654.0,166.0
21559,40,444.0,209.0
21560,40,894.0,115.0
21561,40,319.0,209.0
21562,40,937.0,129.0
21563,40,784.0,129.0
21564,39,17.0,127.0
21565,39,9.0,223.0
21566,39,743.0,87.0
21567,39,2735.0,131.0
21568,39,2398.0,179.0
21569,39,61.0,167.0
21570,39,40273.0,192.0
21571,39,1844.0,154.0
21572,39,386.0,138.0
21573,39,1271.0,156.0
21574,39,13682.0,141.0
21575,39,163.0,130.0
21576,39,482.0,162.0
21577,39,1133.0,162.0
21578,39,4576.0,128.0
21579,39,242.0,128.0
21580,39,164.0,237.0
21581,39,313.0,181.0
21582,39,763.0,121.0
21583,39,4062.0,121.0
21584,39,58.0,150.0
21585,39,58.0,187.0
21586,39,17700.0,134.0
21587,39,888.0,181.0
21588,39,49821.0,134.0
21589,39,4546.0,190.0
21590,39,1331.0,516.0
21591,39,173.0,187.0
21592,39,1907.0,209.0
21593,39,5164.0,176.0
21594,39,5051.0,128.0
21595,39,4496.0,128.0
21596,39,3492.0,128.0
21597,39,23.0,204.0
21598,39,18.0,195.0
21599,39,515.0,130.0
21600,39,3892.0,128.0
21601,39,4636.0,128.0
21602,39,1231.0,174.0
21603,39,4163.0,128.0
21604,39,3989.0,128.0
21605,39,61744.0,221.0
21606,39,37609.0,106.0
21607,39,21550.0,156.0
21608,39,2566.0,161.0
21609,39,4339.0,128.0
21610,39,1733.0,224.0
21611,39,4647.0,128.0
21612,39,4865.0,128.0
21613,39,5097.0,128.0
21614,39,4685.0,128.0
21615,39,4661.0,128.0
21616,39,4458.0,128.0
21617,39,54874.0,147.0
21618,39,6522.0,128.0
21619,39,4116.0,128.0
21620,39,1133.0,122.0
21621,39,4892.0,188.0
21622,39,6166.0,188.0
21623,39,19.0,125.0
21624,39,87.0,169.0
21625,39,927.0,243.0
21626,39,1881.0,243.0
21627,39,335.0,173.0
21628,39,77.0,175.0
21629,39,2159.0,120.0
21630,39,8349.0,135.0
21631,39,49406.0,135.0
21632,39,830.0,214.0
21633,39,672.0,214.0
21634,39,2832.0,149.0
21635,39,4336.0,128.0
21636,39,3628.0,128.0
21637,39,3481.0,128.0
21638,39,2072.0,128.0
21639,39,2136.0,128.0
21640,39,742.0,195.0
21641,39,34359.0,180.0
21642,39,4433.0,128.0
21643,39,354.0,136.0
21644,39,4000.0,174.0
21645,39,339.0,116.0
21646,39,32.0,116.0
21647,39,90.0,116.0
21648,39,2643.0,143.0
21649,39,323.0,117.0
21650,39,321.0,153.0
21651,39,3033.0,128.0
21652,39,290920.0,152.0
21653,39,639.0,114.0
21654,39,553.0,114.0
21655,39,589.0,232.0
21656,39,22.0,118.0
21657,39,241.0,121.0
21658,39,279.0,121.0
21659,39,30.0,170.0
21660,39,127.0,173.0
21661,39,12505.0,223.0
21662,39,45.0,108.0
21663,38,704.0,126.0
21664,38,707.0,126.0
21665,38,469.0,120.0
21666,38,214.0,99.0
21667,38,11529.0,143.0
21668,38,2324.0,158.0
21669,38,3360.0,158.0
21670,38,8.0,176.0
21671,38,12763.0,128.0
21672,38,570.0,170.0
21673,38,2584.0,184.0
21674,38,1124.0,184.0
21675,38,1311.0,154.0
21676,38,2021.0,138.0
21677,38,45370.0,142.0
21678,38,3634.0,192.0
21679,38,3493.0,136.0
21680,38,1090.0,155.0
21681,38,12.0,124.0
21682,38,15.0,387.0
21683,38,89.0,143.0
21684,38,93.0,124.0
21685,38,1294.0,129.0
21686,38,10642.0,132.0
21687,38,50951.0,132.0
21688,38,1710.0,125.0
21689,38,83.0,119.0
21690,38,864.0,101.0
21691,38,72419.0,165.0
21692,38,4866.0,125.0
21693,38,1170.0,133.0
21694,38,1482.0,187.0
21695,38,20.0,179.0
21696,38,713.0,208.0
21697,38,15456.0,136.0
21698,38,51732.0,136.0
21699,38,100075.0,249.0
21700,38,302.0,120.0
21701,38,152.0,176.0
21702,38,526.0,161.0
21703,38,14650.0,224.0
21704,38,199.0,130.0
21705,38,1057.0,181.0
21706,38,2389.0,119.0
21707,38,3471.0,119.0
21708,38,2391.0,132.0
21709,38,2242.0,132.0
21710,38,12481.0,119.0
21711,38,3506.0,119.0
21712,38,3441.0,132.0
21713,38,513.0,179.0
21714,38,25587.0,132.0
21715,38,50647.0,137.0
21716,38,164.0,192.0
21717,38,57.0,203.0
21718,38,302.0,210.0
21719,38,6847.0,157.0
21720,38,72108.0,105.0
21721,38,46737.0,124.0
21722,38,7.0,118.0
21723,38,11199.0,210.0
21724,38,572.0,177.0
21725,38,61.0,225.0
21726,38,114.0,191.0
21727,38,25374.0,119.0
21728,38,360.0,130.0
21729,38,938.0,128.0
21730,38,1449.0,110.0
21731,38,35.0,186.0
21732,38,13.0,159.0
21733,38,6010.0,119.0
21734,38,1315.0,191.0
21735,38,4574.0,190.0
21736,38,2020.0,137.0
21737,38,2608.0,191.0
21738,38,369.0,213.0
21739,38,31025.0,224.0
21740,38,703.0,187.0
21741,38,236.0,209.0
21742,38,3667.0,135.0
21743,38,10.0,124.0
21744,38,780.0,159.0
21745,38,1262.0,178.0
21746,38,929.0,131.0
21747,38,221.0,127.0
21748,38,179.0,165.0
21749,38,44.0,158.0
21750,38,1463.0,117.0
21751,38,52203.0,352.0
21752,38,261.0,195.0
21753,38,58.0,139.0
21754,38,1059.0,112.0
21755,38,18868.0,197.0
21756,38,18364.0,116.0
21757,37,112.0,181.0
21758,37,887.0,229.0
21759,37,52123.0,134.0
21760,37,10146.0,134.0
21761,37,514.0,143.0
21762,37,56387.0,143.0
21763,37,224.0,161.0
21764,37,144.0,140.0
21765,37,25.0,158.0
21766,37,92.0,149.0
21767,37,1352.0,112.0
21768,37,561.0,169.0
21769,37,647.0,119.0
21770,37,42953.0,227.0
21771,37,11946.0,134.0
21772,37,41.0,196.0
21773,37,50684.0,125.0
21774,37,46.0,175.0
21775,37,1664.0,109.0
21776,37,6100.0,189.0
21777,37,257.0,150.0
21778,37,188.0,187.0
21779,37,369.0,282.0
21780,37,434.0,230.0
21781,37,1740.0,208.0
21782,37,1339.0,174.0
21783,37,2215.0,172.0
21784,37,453.0,205.0
21785,37,429.0,128.0
21786,37,10930.0,205.0
21787,37,72.0,124.0
21788,37,15.0,176.0
21789,37,690.0,205.0
21790,37,1105.0,254.0
21791,37,60.0,190.0
21792,37,441.0,114.0
21793,37,249.0,183.0
21794,37,50872.0,170.0
21795,37,2023.0,200.0
21796,37,229.0,192.0
21797,37,3312.0,127.0
21798,37,53.0,195.0
21799,37,5081.0,203.0
21800,37,279.0,149.0
21801,37,6932.0,152.0
21802,37,455.0,121.0
21803,37,666.0,113.0
21804,37,8896.0,170.0
21805,37,688.0,193.0
21806,37,143.0,142.0
21807,37,92.0,98.0
21808,37,16.0,195.0
21809,37,696.0,114.0
21810,37,1689.0,114.0
21811,37,1972.0,235.0
21812,37,430.0,114.0
21813,37,589.0,120.0
21814,37,54401.0,134.0
21815,37,732.0,108.0
21816,37,2555.0,136.0
21817,37,1510.0,87.0
21818,37,296.0,108.0
21819,37,322.0,250.0
21820,37,1825.0,193.0
21821,37,1913.0,119.0
21822,37,162.0,250.0
21823,37,34.0,158.0
21824,36,491.0,118.0
21825,36,199.0,139.0
21826,36,1487.0,181.0
21827,36,21872.0,106.0
21828,36,20.0,115.0
21829,36,53061.0,133.0
21830,36,154.0,184.0
21831,36,77.0,184.0
21832,36,2298.0,189.0
21833,36,50.0,203.0
21834,36,29.0,125.0
21835,36,2613.0,189.0
21836,36,53380.0,159.0
21837,36,286.0,156.0
21838,36,2662.0,120.0
21839,36,1965.0,158.0
21840,36,101.0,184.0
21841,36,1459.0,139.0
21842,36,33201.0,245.0
21843,36,45.0,180.0
21844,36,1372.0,181.0
21845,36,44.0,184.0
21846,36,158.0,113.0
21847,36,40.0,180.0
21848,36,1562.0,118.0
21849,36,935.0,100.0
21850,36,1185.0,131.0
21851,36,59799.0,130.0
21852,36,819.0,100.0
21853,36,942.0,363.0
21854,36,915.0,87.0
21855,36,13643.0,133.0
21856,36,164.0,117.0
21857,36,10103.0,106.0
21858,36,9889.0,178.0
21859,36,790.0,162.0
21860,36,81.0,159.0
21861,36,18.0,127.0
21862,36,1016.0,182.0
21863,36,2831.0,123.0
21864,36,4037.0,224.0
21865,36,191.0,193.0
21866,36,1101.0,182.0
21867,36,15460.0,131.0
21868,36,8653.0,201.0
21869,36,7878.0,115.0
21870,36,4341.0,157.0
21871,36,10853.0,157.0
21872,36,414.0,200.0
21873,36,27.0,117.0
21874,36,54022.0,131.0
21875,36,100.0,509.0
21876,36,206.0,133.0
21877,36,1716.0,181.0
21878,36,7042.0,186.0
21879,36,8985.0,183.0
21880,36,23908.0,126.0
21881,36,109.0,203.0
21882,36,480.0,129.0
21883,36,9173.0,200.0
21884,36,356.0,123.0
21885,36,312.0,119.0
21886,36,2847.0,178.0
21887,36,3185.0,183.0
21888,36,2524.0,215.0
21889,36,3149.0,215.0
21890,36,25.0,238.0
21891,36,4.0,128.0
21892,36,1761.0,92.0
21893,36,85480.0,185.0
21894,36,750.0,162.0
21895,36,1284.0,309.0
21896,36,97.0,98.0
21897,36,274.0,117.0
21898,36,317.0,117.0
21899,36,493.0,117.0
21900,36,676.0,179.0
21901,36,8.0,173.0
21902,36,520.0,309.0
21903,36,3476.0,152.0
21904,36,3549.0,215.0
21905,36,454.0,166.0
21906,36,4775.0,191.0
21907,36,12.0,133.0
21908,36,244.0,194.0
21909,36,421.0,119.0
21910,36,7585.0,221.0
21911,36,11354.0,186.0
21912,36,183.0,178.0
21913,36,233.0,189.0
21914,36,14108.0,195.0
21915,36,160.0,139.0
21916,36,427.0,117.0
21917,36,82.0,139.0
21918,36,379.0,151.0
21919,36,1454.0,122.0
21920,36,33.0,192.0
21921,36,291.0,183.0
21922,36,30990.0,160.0
21923,36,16.0,206.0
21924,36,63.0,220.0
21925,36,5568.0,464.0
21926,36,240.0,175.0
21927,36,718.0,157.0
21928,36,25593.0,130.0
21929,36,72163.0,126.0
21930,36,33.0,122.0
21931,36,239.0,227.0
21932,36,663.0,125.0
21933,36,127.0,120.0
21934,36,293.0,181.0
21935,36,110.0,181.0
21936,36,1145.0,181.0
21937,36,256.0,181.0
21938,36,2539.0,163.0
21939,36,623.0,193.0
21940,36,31909.0,245.0
21941,36,34731.0,245.0
21942,35,405.0,126.0
21943,35,321.0,128.0
21944,35,226.0,173.0
21945,35,7555.0,131.0
21946,35,53698.0,131.0
21947,35,116.0,132.0
21948,35,890.0,227.0
21949,35,48.0,127.0
21950,35,213.0,191.0
21951,35,8797.0,137.0
21952,35,25601.0,120.0
21953,35,1106.0,173.0
21954,35,603.0,173.0
21955,35,48.0,130.0
21956,35,391.0,101.0
21957,35,3739.0,131.0
21958,35,2137.0,191.0
21959,35,1029.0,117.0
21960,35,2077.0,179.0
21961,35,318.0,185.0
21962,35,459.0,192.0
21963,35,226.0,124.0
21964,35,1205.0,218.0
21965,35,3399.0,201.0
21966,35,7.0,186.0
21967,35,260.0,125.0
21968,35,5443.0,125.0
21969,35,4973.0,124.0
21970,35,1379.0,122.0
21971,35,211.0,185.0
21972,35,76.0,111.0
21973,35,228.0,195.0
21974,35,1013.0,120.0
21975,35,984.0,120.0
21976,35,10094.0,129.0
21977,35,49869.0,129.0
21978,35,17107.0,131.0
21979,35,4091.0,126.0
21980,35,97532.0,195.0
21981,35,85.0,182.0
21982,35,427.0,127.0
21983,35,509.0,298.0
21984,35,18722.0,136.0
21985,35,56902.0,136.0
21986,35,55.0,450.0
21987,35,272.0,252.0
21988,35,82.0,114.0
21989,35,636.0,132.0
21990,35,713.0,132.0
21991,35,644.0,210.0
21992,35,21642.0,210.0
21993,35,211.0,127.0
21994,35,204.0,127.0
21995,35,1466.0,127.0
21996,35,119753.0,175.0
21997,35,13.0,119.0
21998,35,3902.0,117.0
21999,35,1404.0,129.0
22000,35,16348.0,111.0
22001,35,10.0,188.0
22002,35,788.0,124.0
22003,35,461.0,187.0
22004,35,427.0,119.0
22005,35,159710.0,132.0
22006,35,1381.0,125.0
22007,35,2700.0,118.0
22008,35,458.0,184.0
22009,35,88.0,200.0
22010,35,427.0,163.0
22011,35,670.0,105.0
22012,35,159.0,348.0
22013,35,3981.0,113.0
22014,35,53640.0,128.0
22015,35,3634.0,165.0
22016,35,482.0,314.0
22017,35,28052.0,131.0
22018,35,50863.0,124.0
22019,35,26580.0,134.0
22020,35,54035.0,134.0
22021,35,110.0,200.0
22022,35,21299.0,128.0
22023,35,244.0,200.0
22024,35,311.0,200.0
22025,35,222.0,193.0
22026,35,451.0,179.0
22027,35,67.0,203.0
22028,35,53.0,106.0
22029,35,3019.0,140.0
22030,35,267.0,155.0
22031,35,205.0,128.0
22032,35,477.0,309.0
22033,35,260.0,242.0
22034,35,10098.0,159.0
22035,34,8805.0,151.0
22036,34,522.0,127.0
22037,34,181.0,158.0
22038,34,586.0,197.0
22039,34,7723.0,148.0
22040,34,1766.0,113.0
22041,34,168.0,227.0
22042,34,40.0,122.0
22043,34,18.0,122.0
22044,34,233.0,197.0
22045,34,575.0,197.0
22046,34,1814.0,173.0
22047,34,56.0,158.0
22048,34,4986.0,122.0
22049,34,102.0,140.0
22050,34,1414.0,163.0
22051,34,188.0,168.0
22052,34,688.0,306.0
22053,34,129042.0,221.0
22054,34,3710.0,181.0
22055,34,15577.0,172.0
22056,34,10412.0,133.0
22057,34,58363.0,133.0
22058,34,225.0,209.0
22059,34,612.0,201.0
22060,34,1043.0,162.0
22061,34,678.0,186.0
22062,34,1603.0,173.0
22063,34,194.0,237.0
22064,34,417.0,336.0
22065,34,6759.0,124.0
22066,34,42.0,120.0
22067,34,2478.0,173.0
22068,34,6356.0,169.0
22069,34,6616.0,169.0
22070,34,235.0,169.0
22071,34,172.0,125.0
22072,34,11142.0,173.0
22073,34,1600.0,115.0
22074,34,1396.0,400.0
22075,34,36.0,124.0
22076,34,180.0,104.0
22077,34,3616.0,224.0
22078,34,1657.0,194.0
22079,34,167.0,90.0
22080,34,3461.0,90.0
22081,34,1328.0,90.0
22082,34,339.0,191.0
22083,34,531.0,182.0
22084,34,129.0,122.0
22085,34,305.0,306.0
22086,34,1309.0,169.0
22087,34,376.0,178.0
22088,34,22.0,194.0
22089,34,703.0,135.0
22090,34,7626.0,124.0
22091,34,1901.0,156.0
22092,34,8279.0,119.0
22093,34,3166.0,126.0
22094,34,1392.0,126.0
22095,34,109.0,155.0
22096,34,889.0,161.0
22097,34,131.0,123.0
22098,34,3285.0,139.0
22099,34,3285.0,139.0
22100,34,6472.0,175.0
22101,34,4657.0,139.0
22102,34,3470.0,186.0
22103,34,4186.0,139.0
22104,34,7360.0,139.0
22105,34,3802.0,172.0
22106,34,30.0,187.0
22107,34,4968.0,139.0
22108,34,4226.0,139.0
22109,34,3980.0,139.0
22110,34,293.0,139.0
22111,34,5207.0,139.0
22112,34,4129.0,139.0
22113,34,6451.0,139.0
22114,34,4416.0,139.0
22115,34,2855.0,139.0
22116,34,3699.0,139.0
22117,34,3696.0,139.0
22118,34,3497.0,203.0
22119,34,158.0,119.0
22120,34,412.0,220.0
22121,34,4950.0,139.0
22122,34,4428.0,139.0
22123,34,4854.0,139.0
22124,34,4339.0,139.0
22125,34,5637.0,139.0
22126,34,5076.0,139.0
22127,34,4912.0,139.0
22128,34,4421.0,139.0
22129,34,4243.0,139.0
22130,34,2132.0,137.0
22131,34,6881.0,137.0
22132,34,483.0,108.0
22133,34,385.0,109.0
22134,34,453.0,195.0
22135,34,321.0,123.0
22136,34,298.0,123.0
22137,34,908.0,168.0
22138,34,767.0,140.0
22139,34,375.0,185.0
22140,34,6555.0,365.0
22141,34,722.0,200.0
22142,33,900.0,205.0
22143,33,1628.0,152.0
22144,33,3726.0,122.0
22145,33,3866.0,136.0
22146,33,143.0,219.0
22147,33,103.0,180.0
22148,33,971.0,109.0
22149,33,2766.0,155.0
22150,33,37.0,126.0
22151,33,5938.0,221.0
22152,33,104546.0,124.0
22153,33,1571.0,137.0
22154,33,35.0,115.0
22155,33,27.0,116.0
22156,33,570.0,142.0
22157,33,63.0,181.0
22158,33,6630.0,147.0
22159,33,192.0,139.0
22160,33,2654.0,182.0
22161,33,68.0,131.0
22162,33,1428.0,137.0
22163,33,418.0,103.0
22164,33,439.0,187.0
22165,33,24.0,158.0
22166,33,111.0,193.0
22167,33,41817.0,136.0
22168,33,4643.0,221.0
22169,33,1188.0,123.0
22170,33,784.0,123.0
22171,33,51.0,256.0
22172,33,50.0,119.0
22173,33,30478.0,221.0
22174,33,6052.0,221.0
22175,33,1760.0,221.0
22176,33,2117.0,118.0
22177,33,201.0,177.0
22178,33,554.0,180.0
22179,33,81.0,185.0
22180,33,133.0,139.0
22181,33,552.0,201.0
22182,33,2611.0,120.0
22183,33,378.0,161.0
22184,33,300.0,158.0
22185,33,280.0,117.0
22186,33,2091.0,165.0
22187,33,591.0,117.0
22188,33,691.0,184.0
22189,33,2111.0,139.0
22190,33,1459.0,121.0
22191,33,92391.0,226.0
22192,33,142.0,227.0
22193,33,516.0,181.0
22194,33,1552.0,148.0
22195,33,7094.0,122.0
22196,33,42.0,199.0
22197,33,416.0,203.0
22198,33,1705.0,201.0
22199,33,10374.0,139.0
22200,33,98.0,181.0
22201,33,112.0,153.0
22202,33,11947.0,123.0
22203,33,13369.0,203.0
22204,33,2816.0,225.0
22205,33,183.0,181.0
22206,33,471.0,117.0
22207,33,221.0,238.0
22208,33,1435.0,117.0
22209,33,2469.0,117.0
22210,33,69.0,110.0
22211,33,77.0,123.0
22212,33,16675.0,174.0
22213,33,1253.0,114.0
22214,33,1493.0,189.0
22215,33,11.0,176.0
22216,33,158.0,122.0
22217,33,973.0,201.0
22218,33,41.0,116.0
22219,33,36585.0,187.0
22220,33,1592.0,194.0
22221,33,59.0,152.0
22222,33,23.0,200.0
22223,33,788.0,136.0
22224,33,177.0,119.0
22225,33,324.0,186.0
22226,33,544.0,195.0
22227,33,1536.0,137.0
22228,33,8460.0,194.0
22229,33,65761.0,106.0
22230,33,91.0,151.0
22231,33,532.0,162.0
22232,33,33715.0,148.0
22233,33,2463.0,225.0
22234,33,11661.0,220.0
22235,33,2838.0,131.0
22236,33,466.0,116.0
22237,32,3280.0,140.0
22238,32,1586.0,196.0
22239,32,8607.0,181.0
22240,32,1887.0,118.0
22241,32,78.0,174.0
22242,32,1084.0,119.0
22243,32,2107.0,203.0
22244,32,5937.0,120.0
22245,32,2948.0,125.0
22246,32,3087.0,139.0
22247,32,64.0,201.0
22248,32,178.0,179.0
22249,32,1640.0,205.0
22250,32,1071.0,193.0
22251,32,11986.0,135.0
22252,32,18.0,201.0
22253,32,4996.0,216.0
22254,32,16880.0,235.0
22255,32,7248.0,112.0
22256,32,71.0,123.0
22257,32,1940.0,191.0
22258,32,1264.0,182.0
22259,32,595.0,182.0
22260,32,5821.0,122.0
22261,32,1302.0,210.0
22262,32,2973.0,181.0
22263,32,8871.0,124.0
22264,32,3179.0,145.0
22265,32,1829.0,181.0
22266,32,211.0,106.0
22267,32,47032.0,186.0
22268,32,55.0,123.0
22269,32,7011.0,141.0
22270,32,1892.0,236.0
22271,32,498.0,225.0
22272,32,1976.0,154.0
22273,32,247149.0,284.0
22274,32,3297.0,203.0
22275,32,952.0,205.0
22276,32,62.0,124.0
22277,32,413.0,151.0
22278,32,7.0,176.0
22279,32,6.0,176.0
22280,32,377.0,116.0
22281,32,128.0,176.0
22282,32,224.0,115.0
22283,32,573.0,133.0
22284,32,629.0,124.0
22285,32,868.0,184.0
22286,32,14.0,113.0
22287,32,10.0,387.0
22288,32,57.0,124.0
22289,32,3136.0,111.0
22290,32,106.0,131.0
22291,32,1393.0,173.0
22292,32,31131.0,193.0
22293,32,1404.0,197.0
22294,32,76.0,128.0
22295,32,1064.0,133.0
22296,32,8.0,187.0
22297,32,486.0,182.0
22298,32,3611.0,187.0
22299,32,1595.0,182.0
22300,32,636.0,225.0
22301,32,37.0,179.0
22302,32,45.0,185.0
22303,32,33.0,120.0
22304,32,539.0,157.0
22305,32,87.0,195.0
22306,32,416.0,168.0
22307,32,16604.0,235.0
22308,32,54291.0,137.0
22309,32,267.0,133.0
22310,32,4119.0,127.0
22311,32,2969.0,127.0
22312,32,2576.0,315.0
22313,32,237.0,131.0
22314,32,527.0,193.0
22315,32,270.0,195.0
22316,32,164.0,184.0
22317,32,28.0,192.0
22318,32,98.0,182.0
22319,32,792.0,182.0
22320,32,2211.0,208.0
22321,32,31.0,357.0
22322,32,334.0,181.0
22323,32,114.0,180.0
22324,32,34361.0,194.0
22325,32,2673.0,142.0
22326,32,90.0,180.0
22327,32,7811.0,240.0
22328,32,21.0,185.0
22329,32,60.0,193.0
22330,32,3.0,138.0
22331,32,20.0,177.0
22332,32,2948.0,181.0
22333,32,574.0,120.0
22334,32,123.0,116.0
22335,32,1915.0,120.0
22336,32,85416.0,153.0
22337,32,201.0,164.0
22338,32,230.0,183.0
22339,32,44.0,130.0
22340,32,470.0,120.0
22341,32,368.0,153.0
22342,32,1873.0,195.0
22343,32,543.0,192.0
22344,32,354.0,203.0
22345,32,174054.0,185.0
22346,32,372.0,191.0
22347,32,37.0,193.0
22348,32,480.0,194.0
22349,32,906.0,227.0
22350,32,6.0,116.0
22351,32,815.0,121.0
22352,32,56.0,121.0
22353,32,17923.0,178.0
22354,32,1897.0,184.0
22355,32,123.0,131.0
22356,32,90.0,121.0
22357,31,143.0,183.0
22358,31,1819.0,191.0
22359,31,4379.0,134.0
22360,31,287.0,116.0
22361,31,232.0,210.0
22362,31,37.0,210.0
22363,31,104.0,181.0
22364,31,18.0,337.0
22365,31,211.0,214.0
22366,31,687.0,203.0
22367,31,15246.0,177.0
22368,31,387.0,166.0
22369,31,705.0,197.0
22370,31,1336.0,120.0
22371,31,58.0,148.0
22372,31,882.0,137.0
22373,31,7477.0,182.0
22374,31,10829.0,210.0
22375,31,2544.0,184.0
22376,31,4714.0,234.0
22377,31,24.0,120.0
22378,31,583.0,161.0
22379,31,970.0,127.0
22380,31,23586.0,152.0
22381,31,2350.0,147.0
22382,31,121.0,202.0
22383,31,2.0,159.0
22384,31,3209.0,139.0
22385,31,4301.0,186.0
22386,31,1913.0,114.0
22387,31,586.0,130.0
22388,31,965.0,181.0
22389,31,1583.0,187.0
22390,31,2096.0,172.0
22391,31,299.0,229.0
22392,31,213.0,159.0
22393,31,7965.0,128.0
22394,31,225.0,134.0
22395,31,48.0,170.0
22396,31,8417.0,143.0
22397,31,12908.0,133.0
22398,31,48035.0,226.0
22399,31,4009.0,203.0
22400,31,1257.0,249.0
22401,31,441.0,216.0
22402,31,472.0,143.0
22403,31,718.0,270.0
22404,31,755.0,83.0
22405,31,637.0,189.0
22406,31,316.0,198.0
22407,31,10643.0,130.0
22408,31,2371.0,163.0
22409,31,7929.0,226.0
22410,31,90.0,134.0
22411,31,714.0,125.0
22412,31,234.0,203.0
22413,31,523.0,108.0
22414,31,16.0,116.0
22415,31,19.0,116.0
22416,31,83.0,183.0
22417,31,5400.0,181.0
22418,31,15.0,116.0
22419,31,1325.0,154.0
22420,31,1379.0,242.0
22421,31,64181.0,130.0
22422,31,3233.0,190.0
22423,31,166.0,124.0
22424,31,467.0,126.0
22425,31,1405.0,124.0
22426,31,144.0,220.0
22427,31,13950.0,221.0
22428,31,361.0,191.0
22429,31,15282.0,155.0
22430,31,99874.0,219.0
22431,31,32.0,199.0
22432,31,76.0,195.0
22433,31,124.0,187.0
22434,31,12.0,176.0
22435,31,401.0,119.0
22436,31,437.0,185.0
22437,31,214.0,153.0
22438,31,4.0,159.0
22439,31,68886.0,125.0
22440,31,605.0,119.0
22441,31,564.0,167.0
22442,31,1791.0,154.0
22443,31,624.0,193.0
22444,31,82082.0,188.0
22445,31,525.0,161.0
22446,30,926.0,163.0
22447,30,905.0,102.0
22448,30,13092.0,131.0
22449,30,74.0,148.0
22450,30,97.0,203.0
22451,30,1950.0,210.0
22452,30,115.0,135.0
22453,30,29965.0,123.0
22454,30,169.0,213.0
22455,30,6900.0,139.0
22456,30,17.0,186.0
22457,30,742.0,115.0
22458,30,2699.0,158.0
22459,30,1962.0,152.0
22460,30,2971.0,194.0
22461,30,109.0,139.0
22462,30,456.0,115.0
22463,30,466.0,169.0
22464,30,2393.0,124.0
22465,30,784.0,118.0
22466,30,35.0,178.0
22467,30,12003.0,197.0
22468,30,5347.0,146.0
22469,30,2100.0,151.0
22470,30,912.0,105.0
22471,30,293.0,126.0
22472,30,2127.0,126.0
22473,30,270.0,163.0
22474,30,600.0,227.0
22475,30,8760.0,123.0
22476,30,137.0,196.0
22477,30,799.0,136.0
22478,30,575.0,323.0
22479,30,153.0,194.0
22480,30,3023.0,150.0
22481,30,1146.0,189.0
22482,30,48.0,122.0
22483,30,1498.0,114.0
22484,30,1613.0,193.0
22485,30,429.0,120.0
22486,30,444.0,120.0
22487,30,20.0,122.0
22488,30,1067.0,115.0
22489,30,5311.0,184.0
22490,30,2007.0,126.0
22491,30,722.0,212.0
22492,30,15.0,150.0
22493,30,198.0,185.0
22494,30,285.0,185.0
22495,30,1258.0,110.0
22496,30,544.0,213.0
22497,30,1527.0,224.0
22498,30,146.0,174.0
22499,30,49.0,139.0
22500,30,624.0,170.0
22501,30,93539.0,124.0
22502,30,93767.0,124.0
22503,30,270.0,188.0
22504,30,19611.0,207.0
22505,30,1545.0,207.0
22506,30,331.0,124.0
22507,30,5088.0,116.0
22508,30,3134.0,118.0
22509,30,174.0,195.0
22510,30,192.0,158.0
22511,30,206458.0,210.0
22512,30,6706.0,241.0
22513,30,305.0,175.0
22514,30,18.0,191.0
22515,30,185.0,184.0
22516,30,1649.0,151.0
22517,30,123.0,220.0
22518,30,499.0,123.0
22519,30,265.0,171.0
22520,30,3759.0,187.0
22521,30,837.0,128.0
22522,30,79.0,216.0
22523,30,5155.0,99.0
22524,30,30.0,181.0
22525,30,520.0,123.0
22526,30,50.0,192.0
22527,30,3345.0,149.0
22528,30,283.0,227.0
22529,30,43120.0,133.0
22530,30,2034.0,352.0
22531,30,867.0,194.0
22532,30,107.0,123.0
22533,30,490.0,98.0
22534,30,69.0,509.0
22535,30,10807.0,198.0
22536,30,572.0,158.0
22537,30,193.0,182.0
22538,30,17227.0,203.0
22539,30,161.0,183.0
22540,30,362.0,139.0
22541,30,374.0,200.0
22542,30,9.0,114.0
22543,30,67.0,118.0
22544,30,740.0,190.0
22545,30,179.0,124.0
22546,30,256.0,117.0
22547,30,19028.0,119.0
22548,30,94.0,185.0
22549,30,258.0,115.0
22550,30,5839.0,161.0
22551,30,105.0,187.0
22552,30,5439.0,119.0
22553,30,226.0,177.0
22554,30,639.0,143.0
22555,30,61168.0,119.0
22556,30,316.0,123.0
22557,30,55.0,158.0
22558,30,303.0,122.0
22559,30,559.0,194.0
22560,30,719.0,173.0
22561,30,466.0,115.0
22562,30,456.0,169.0
22563,29,1585.0,160.0
22564,29,2644.0,132.0
22565,29,71.0,140.0
22566,29,2055.0,119.0
22567,29,21834.0,333.0
22568,29,324.0,103.0
22569,29,1132.0,169.0
22570,29,64.0,134.0
22571,29,4467.0,125.0
22572,29,12742.0,200.0
22573,29,145.0,140.0
22574,29,381.0,203.0
22575,29,518.0,327.0
22576,29,74.0,121.0
22577,29,757.0,182.0
22578,29,125941.0,126.0
22579,29,24.0,129.0
22580,29,1679.0,179.0
22581,29,16307.0,509.0
22582,29,255094.0,160.0
22583,29,1374.0,124.0
22584,29,10915.0,96.0
22585,29,1724.0,120.0
22586,29,476.0,178.0
22587,29,2849.0,167.0
22588,29,5031.0,123.0
22589,29,1452.0,185.0
22590,29,4316.0,124.0
22591,29,38.0,209.0
22592,29,2075.0,194.0
22593,29,29.0,357.0
22594,29,61.0,120.0
22595,29,157.0,184.0
22596,29,21.0,193.0
22597,29,55.0,193.0
22598,29,1148.0,125.0
22599,29,2198.0,211.0
22600,29,404.0,183.0
22601,29,73.0,161.0
22602,29,332.0,189.0
22603,29,348.0,233.0
22604,29,186.0,175.0
22605,29,4060.0,127.0
22606,29,14.0,168.0
22607,29,353.0,151.0
22608,29,16.0,168.0
22609,29,1212.0,116.0
22610,29,3226.0,174.0
22611,29,567.0,101.0
22612,29,39.0,357.0
22613,29,68.0,120.0
22614,29,124.0,116.0
22615,29,417.0,193.0
22616,29,39405.0,218.0
22617,29,14673.0,179.0
22618,29,1595.0,203.0
22619,29,1322.0,181.0
22620,29,395.0,115.0
22621,29,504.0,167.0
22622,29,57584.0,176.0
22623,29,3042.0,113.0
22624,29,2543.0,215.0
22625,29,257.0,137.0
22626,29,1423.0,181.0
22627,29,1673.0,181.0
22628,29,341.0,243.0
22629,29,3465.0,149.0
22630,29,349.0,178.0
22631,29,3498.0,119.0
22632,29,100800.0,688.0
22633,29,23472.0,218.0
22634,29,220180.0,505.0
22635,29,30558.0,185.0
22636,29,212.0,205.0
22637,29,315.0,150.0
22638,29,84.0,245.0
22639,29,261.0,337.0
22640,29,3570.0,207.0
22641,29,1101.0,177.0
22642,29,5062.0,211.0
22643,29,36187.0,156.0
22644,29,132.0,123.0
22645,29,816.0,117.0
22646,29,76.0,183.0
22647,29,138344.0,165.0
22648,29,1754.0,228.0
22649,29,1193.0,192.0
22650,29,106.0,118.0
22651,29,5410.0,177.0
22652,29,560.0,203.0
22653,29,356.0,202.0
22654,29,2820.0,177.0
22655,29,419.0,160.0
22656,29,461.0,160.0
22657,29,18.0,168.0
22658,29,315.0,189.0
22659,29,44.0,199.0
22660,29,80.0,129.0
22661,29,4280.0,324.0
22662,29,415.0,226.0
22663,29,19.0,168.0
22664,29,390.0,207.0
22665,29,13.0,176.0
22666,29,22379.0,210.0
22667,29,473.0,205.0
22668,29,971.0,122.0
22669,29,272.0,182.0
22670,28,1158.0,197.0
22671,28,1185.0,179.0
22672,28,955.0,179.0
22673,28,1517.0,231.0
22674,28,1403.0,113.0
22675,28,975.0,128.0
22676,28,1058.0,113.0
22677,28,625.0,95.0
22678,28,159.0,195.0
22679,28,153.0,195.0
22680,28,44.0,140.0
22681,28,40.0,195.0
22682,28,37.0,140.0
22683,28,466.0,130.0
22684,28,1435.0,145.0
22685,28,524.0,199.0
22686,28,675.0,184.0
22687,28,2996.0,145.0
22688,28,576.0,145.0
22689,28,155.0,138.0
22690,28,70517.0,133.0
22691,28,143.0,127.0
22692,28,350.0,337.0
22693,28,26.0,357.0
22694,28,533.0,195.0
22695,28,892.0,182.0
22696,28,521.0,151.0
22697,28,948.0,242.0
22698,28,92.0,181.0
22699,28,2420.0,127.0
22700,28,376.0,126.0
22701,28,4382.0,122.0
22702,28,2736.0,205.0
22703,28,14647.0,191.0
22704,28,19739.0,218.0
22705,28,22.0,195.0
22706,28,91796.0,126.0
22707,28,103.0,152.0
22708,28,39.0,189.0
22709,28,121758.0,119.0
22710,28,12948.0,221.0
22711,28,131.0,178.0
22712,28,2.0,158.0
22713,28,18124.0,241.0
22714,28,399.0,123.0
22715,28,56.0,105.0
22716,28,719.0,181.0
22717,28,5251.0,118.0
22718,28,477.0,112.0
22719,28,573.0,213.0
22720,28,331.0,186.0
22721,28,505.0,195.0
22722,28,2244.0,173.0
22723,28,259.0,173.0
22724,28,82.0,124.0
22725,28,83.0,509.0
22726,28,1230.0,125.0
22727,28,511.0,131.0
22728,28,85.0,188.0
22729,28,39.0,131.0
22730,28,48.0,179.0
22731,28,238.0,158.0
22732,28,2068.0,117.0
22733,28,13.0,179.0
22734,28,6220.0,186.0
22735,28,849.0,173.0
22736,28,15679.0,123.0
22737,28,4992.0,146.0
22738,28,2772.0,146.0
22739,28,395.0,178.0
22740,28,1686.0,181.0
22741,28,458.0,181.0
22742,28,306.0,120.0
22743,28,3106.0,122.0
22744,28,289.0,180.0
22745,28,34.0,176.0
22746,28,38961.0,144.0
22747,28,3756.0,172.0
22748,28,33.0,120.0
22749,28,13700.0,131.0
22750,28,4097.0,165.0
22751,28,814.0,99.0
22752,28,13.0,195.0
22753,28,97.0,118.0
22754,28,2386.0,130.0
22755,28,1770.0,179.0
22756,28,159.0,149.0
22757,28,1577.0,205.0
22758,28,353.0,178.0
22759,28,970.0,172.0
22760,28,845.0,124.0
22761,28,71.0,124.0
22762,28,12.0,122.0
22763,28,2734.0,118.0
22764,28,3056.0,116.0
22765,28,166806.0,337.0
22766,28,82.0,190.0
22767,28,1533.0,174.0
22768,28,970.0,147.0
22769,28,109.0,185.0
22770,28,128.0,120.0
22771,28,372.0,185.0
22772,28,395.0,185.0
22773,28,516.0,196.0
22774,28,10.0,122.0
22775,28,7593.0,182.0
22776,28,1102.0,172.0
22777,28,9.0,183.0
22778,28,2498.0,136.0
22779,28,2570.0,231.0
22780,28,3777.0,185.0
22781,28,293.0,155.0
22782,28,104.0,144.0
22783,28,303.0,101.0
22784,28,259.0,197.0
22785,28,68.0,178.0
22786,28,686.0,392.0
22787,28,286.0,337.0
22788,28,68.0,197.0
22789,28,424.0,688.0
22790,28,1182.0,167.0
22791,28,296.0,282.0
22792,28,2015.0,118.0
22793,28,1947.0,158.0
22794,28,17.0,183.0
22795,28,64.0,137.0
22796,28,1082.0,116.0
22797,28,2701.0,116.0
22798,28,1686.0,161.0
22799,28,975.0,161.0
22800,28,1497.0,181.0
22801,28,39.0,197.0
22802,28,290.0,170.0
22803,28,657.0,185.0
22804,28,5015.0,228.0
22805,28,362.0,178.0
22806,28,24.0,168.0
22807,28,186.0,195.0
22808,28,176.0,151.0
22809,28,16.0,122.0
22810,28,161505.0,275.0
22811,28,297.0,122.0
22812,28,44.0,116.0
22813,28,563.0,185.0
22814,28,4951.0,387.0
22815,28,1064.0,127.0
22816,28,7.0,137.0
22817,28,912.0,205.0
22818,27,3786.0,158.0
22819,27,586.0,214.0
22820,27,403.0,214.0
22821,27,808.0,126.0
22822,27,6315.0,53.0
22823,27,180.0,263.0
22824,27,226.0,205.0
22825,27,69.0,138.0
22826,27,5.0,160.0
22827,27,7873.0,293.0
22828,27,20618.0,114.0
22829,27,5061.0,160.0
22830,27,257.0,191.0
22831,27,6193.0,188.0
22832,27,10618.0,210.0
22833,27,88.0,152.0
22834,27,240.0,163.0
22835,27,3071.0,190.0
22836,27,11275.0,203.0
22837,27,333.0,197.0
22838,27,97.0,190.0
22839,27,208.0,155.0
22840,27,1310.0,170.0
22841,27,67.0,116.0
22842,27,184.0,137.0
22843,27,202.0,175.0
22844,27,738.0,229.0
22845,27,84.0,107.0
22846,27,30534.0,167.0
22847,27,49.0,187.0
22848,27,236.0,116.0
22849,27,69.0,254.0
22850,27,67990.0,134.0
22851,27,11330.0,134.0
22852,27,204.0,189.0
22853,27,368.0,182.0
22854,27,4305.0,182.0
22855,27,206.0,306.0
22856,27,43983.0,203.0
22857,27,12051.0,143.0
22858,27,37802.0,114.0
22859,27,51.0,196.0
22860,27,167.0,122.0
22861,27,2394.0,185.0
22862,27,674.0,170.0
22863,27,24025.0,131.0
22864,27,1736.0,214.0
22865,27,1665.0,214.0
22866,27,6639.0,214.0
22867,27,1570.0,170.0
22868,27,165.0,193.0
22869,27,42389.0,221.0
22870,27,17292.0,182.0
22871,27,457.0,133.0
22872,27,528.0,164.0
22873,27,843.0,181.0
22874,27,29899.0,121.0
22875,27,108.0,175.0
22876,27,232.0,212.0
22877,27,870524.0,880.0
22878,27,21.0,133.0
22879,27,100496.0,137.0
22880,27,99.0,254.0
22881,27,103724.0,126.0
22882,27,58205.0,214.0
22883,27,8702.0,214.0
22884,27,6317.0,214.0
22885,27,534.0,214.0
22886,27,7.0,238.0
22887,27,201.0,182.0
22888,27,61.0,158.0
22889,27,1057.0,93.0
22890,27,590.0,111.0
22891,27,1320.0,123.0
22892,27,434.0,122.0
22893,27,39.0,190.0
22894,27,3918.0,139.0
22895,27,152256.0,220.0
22896,27,83.0,171.0
22897,27,1236.0,168.0
22898,27,26257.0,128.0
22899,27,2957.0,208.0
22900,27,59.0,185.0
22901,27,7802.0,129.0
22902,27,9913.0,183.0
22903,27,252.0,203.0
22904,27,3784.0,220.0
22905,27,565.0,121.0
22906,27,725.0,131.0
22907,27,0.0,209.0
22908,27,104.0,124.0
22909,27,22051.0,245.0
22910,27,12505.0,153.0
22911,27,785.0,197.0
22912,27,225.0,136.0
22913,27,257.0,188.0
22914,27,507.0,121.0
22915,27,81.0,197.0
22916,27,0.0,160.0
22917,27,190.0,117.0
22918,27,270.0,155.0
22919,27,297837.0,203.0
22920,27,447.0,199.0
22921,27,3.0,160.0
22922,27,1273.0,210.0
22923,27,793.0,159.0
22924,27,29.0,197.0
22925,27,1164.0,133.0
22926,27,35195.0,148.0
22927,27,587.0,214.0
22928,27,1728.0,118.0
22929,27,17464.0,205.0
22930,27,4561.0,205.0
22931,27,147.0,132.0
22932,27,139.0,149.0
22933,27,1398.0,199.0
22934,27,22.0,199.0
22935,26,2765.0,126.0
22936,26,2465.0,126.0
22937,26,1115.0,168.0
22938,26,576063.0,142.0
22939,26,214.0,120.0
22940,26,532.0,387.0
22941,26,5043.0,222.0
22942,26,5207.0,227.0
22943,26,203.0,180.0
22944,26,195.0,117.0
22945,26,2294.0,128.0
22946,26,71.0,136.0
22947,26,797.0,156.0
22948,26,649.0,145.0
22949,26,52721.0,925.0
22950,26,961.0,123.0
22951,26,4335.0,123.0
22952,26,27267.0,153.0
22953,26,9876.0,245.0
22954,26,88.0,154.0
22955,26,22.0,200.0
22956,26,2386.0,101.0
22957,26,838.0,145.0
22958,26,156.0,187.0
22959,26,1343.0,541.0
22960,26,738.0,75.0
22961,26,25344.0,185.0
22962,26,1325.0,193.0
22963,26,220.0,141.0
22964,26,1485.0,192.0
22965,26,729.0,189.0
22966,26,432.0,108.0
22967,26,2403.0,98.0
22968,26,41.0,124.0
22969,26,305.0,197.0
22970,26,13.0,115.0
22971,26,2088.0,125.0
22972,26,1871.0,125.0
22973,26,20485.0,178.0
22974,26,56226.0,488.0
22975,26,304.0,179.0
22976,26,1567.0,121.0
22977,26,300071.0,156.0
22978,26,541.0,149.0
22979,26,1060.0,149.0
22980,26,932.0,149.0
22981,26,2270.0,125.0
22982,26,2311.0,155.0
22983,26,69.0,132.0
22984,26,47.0,104.0
22985,26,222.0,117.0
22986,26,103.0,132.0
22987,26,45230.0,153.0
22988,26,465.0,243.0
22989,26,139723.0,374.0
22990,26,859.0,186.0
22991,26,4.0,213.0
22992,26,3.0,121.0
22993,26,915.0,116.0
22994,26,230991.0,188.0
22995,26,2285.0,179.0
22996,26,14.0,236.0
22997,26,139.0,182.0
22998,26,363.0,182.0
22999,26,1135.0,121.0
23000,26,12383.0,167.0
23001,26,183.0,131.0
23002,26,3896.0,123.0
23003,26,55655.0,146.0
23004,26,83.0,131.0
23005,26,11858.0,196.0
23006,26,433.0,248.0
23007,26,242274.0,214.0
23008,26,914.0,187.0
23009,26,595.0,162.0
23010,26,49.0,126.0
23011,26,20.0,126.0
23012,26,743.0,184.0
23013,26,1648.0,201.0
23014,26,44237.0,137.0
23015,26,377.0,120.0
23016,26,1626.0,120.0
23017,26,363.0,151.0
23018,26,2868.0,131.0
23019,26,2962.0,188.0
23020,26,5934.0,137.0
23021,26,72.0,114.0
23022,26,4126.0,154.0
23023,26,748.0,119.0
23024,26,15.0,123.0
23025,26,3309.0,100.0
23026,26,109547.0,382.0
23027,26,1821.0,315.0
23028,26,54.0,203.0
23029,26,5475.0,147.0
23030,26,4066.0,152.0
23031,26,121920.0,272.0
23032,26,1319.0,89.0
23033,26,5712.0,221.0
23034,26,1790.0,114.0
23035,26,766.0,177.0
23036,26,8456.0,134.0
23037,26,4034.0,152.0
23038,26,112.0,122.0
23039,26,141.0,122.0
23040,26,5166.0,228.0
23041,26,139.0,121.0
23042,26,227.0,175.0
23043,26,1985.0,178.0
23044,26,24049.0,213.0
23045,26,738.0,112.0
23046,26,8.0,176.0
23047,26,4301.0,149.0
23048,26,552.0,149.0
23049,26,802.0,214.0
23050,26,1899.0,179.0
23051,26,84.0,177.0
23052,26,11566.0,138.0
23053,26,1269.0,184.0
23054,26,143.0,181.0
23055,26,131.0,139.0
23056,26,810.0,151.0
23057,26,2463.0,121.0
23058,26,178.0,122.0
23059,26,571.0,229.0
23060,26,623.0,115.0
23061,26,41671.0,205.0
23062,26,46.0,158.0
23063,26,256.0,137.0
23064,26,10964.0,155.0
23065,26,244.0,133.0
23066,26,8789.0,122.0
23067,26,257.0,114.0
23068,26,179.0,152.0
23069,26,90531.0,211.0
23070,26,2344.0,180.0
23071,26,7234.0,203.0
23072,26,1124.0,129.0
23073,26,3272.0,132.0
23074,26,103.0,101.0
23075,26,216.0,137.0
23076,26,15262.0,226.0
23077,26,3256.0,137.0
23078,26,361.0,155.0
23079,26,241.0,214.0
23080,26,90.0,135.0
23081,26,67101.0,132.0
23082,26,477.0,169.0
23083,26,202.0,115.0
23084,26,83.0,127.0
23085,26,683.0,195.0
23086,26,1596.0,128.0
23087,26,38523.0,141.0
23088,26,417.0,124.0
23089,26,1269.0,126.0
23090,25,22.0,193.0
23091,25,138909.0,132.0
23092,25,34.0,193.0
23093,25,13298.0,880.0
23094,25,843.0,119.0
23095,25,1466.0,138.0
23096,25,1092.0,138.0
23097,25,183.0,158.0
23098,25,16180.0,117.0
23099,25,785.0,138.0
23100,25,73694.0,221.0
23101,25,381.0,214.0
23102,25,6432.0,132.0
23103,25,2608.0,189.0
23104,25,6390.0,211.0
23105,25,1027.0,180.0
23106,25,7932.0,263.0
23107,25,3960.0,139.0
23108,25,7362.0,188.0
23109,25,1303.0,187.0
23110,25,299849.0,154.0
23111,25,2306.0,158.0
23112,25,251.0,185.0
23113,25,674.0,127.0
23114,25,5067.0,132.0
23115,25,30225.0,144.0
23116,25,1099.0,214.0
23117,25,50.0,177.0
23118,25,150.0,134.0
23119,25,5368.0,134.0
23120,25,3534.0,126.0
23121,25,2149.0,180.0
23122,25,5771.0,178.0
23123,25,129.0,193.0
23124,25,649.0,178.0
23125,25,28205.0,197.0
23126,25,2601.0,188.0
23127,25,156340.0,204.0
23128,25,19987.0,113.0
23129,25,220.0,213.0
23130,25,32259.0,113.0
23131,25,247.0,138.0
23132,25,1008.0,168.0
23133,25,157461.0,173.0
23134,25,1096.0,122.0
23135,25,1095.0,122.0
23136,25,570646.0,291.0
23137,25,87633.0,138.0
23138,25,3669.0,124.0
23139,25,49480.0,218.0
23140,25,308.0,134.0
23141,25,592.0,195.0
23142,25,4902.0,173.0
23143,25,23530.0,245.0
23144,25,2369.0,203.0
23145,25,1211.0,187.0
23146,25,3566.0,148.0
23147,25,11716.0,148.0
23148,25,1462.0,156.0
23149,25,5007.0,175.0
23150,25,41152.0,178.0
23151,25,30926.0,178.0
23152,25,15761.0,148.0
23153,25,315.0,196.0
23154,25,72575.0,228.0
23155,25,831.0,236.0
23156,25,1438.0,154.0
23157,25,111.0,126.0
23158,25,140.0,103.0
23159,25,32436.0,178.0
23160,25,336.0,113.0
23161,25,489.0,85.0
23162,25,495.0,112.0
23163,25,196.0,139.0
23164,25,1124.0,139.0
23165,25,2244.0,223.0
23166,25,7101.0,137.0
23167,25,585.0,177.0
23168,25,37.0,209.0
23169,25,1167.0,198.0
23170,25,404.0,186.0
23171,25,426.0,125.0
23172,25,32362.0,961.0
23173,25,2592.0,138.0
23174,25,275535.0,130.0
23175,25,19430.0,272.0
23176,25,245.0,180.0
23177,25,600084.0,222.0
23178,25,9901.0,91.0
23179,25,600197.0,291.0
23180,25,283.0,145.0
23181,25,3301.0,133.0
23182,25,18383.0,132.0
23183,25,844.0,201.0
23184,25,577.0,174.0
23185,25,32384.0,212.0
23186,25,4369.0,107.0
23187,25,58372.0,147.0
23188,25,32134.0,211.0
23189,25,523.0,159.0
23190,25,72378.0,211.0
23191,25,869.0,172.0
23192,25,588.0,190.0
23193,25,18.0,114.0
23194,25,160.0,159.0
23195,25,1807.0,125.0
23196,25,50.0,159.0
23197,25,26901.0,496.0
23198,25,67560.0,193.0
23199,25,2345.0,464.0
23200,25,6652.0,148.0
23201,25,41787.0,108.0
23202,25,19607.0,217.0
23203,25,538.0,107.0
23204,25,4891.0,138.0
23205,25,955.0,173.0
23206,25,122795.0,124.0
23207,25,657.0,119.0
23208,25,426.0,161.0
23209,25,19777.0,143.0
23210,25,36834.0,124.0
23211,25,17.0,121.0
23212,25,20558.0,122.0
23213,25,475.0,131.0
23214,25,251.0,188.0
23215,25,1012.0,186.0
23216,25,591.0,201.0
23217,25,1229.0,191.0
23218,25,117.0,117.0
23219,25,6592.0,115.0
23220,25,6636.0,132.0
23221,25,122.0,187.0
23222,25,213.0,158.0
23223,25,3026.0,126.0
23224,25,42273.0,119.0
23225,25,50406.0,119.0
23226,25,180.0,155.0
23227,25,5741.0,159.0
23228,25,4645.0,159.0
23229,25,489.0,263.0
23230,25,3245.0,159.0
23231,25,6298.0,159.0
23232,25,1693.0,161.0
23233,25,5319.0,161.0
23234,25,763.0,203.0
23235,25,3056.0,239.0
23236,25,5729.0,161.0
23237,25,2961.0,161.0
23238,25,6592.0,161.0
23239,25,1875.0,160.0
23240,25,5622.0,160.0
23241,25,3794.0,156.0
23242,25,8891.0,137.0
23243,25,5285.0,156.0
23244,25,58.0,115.0
23245,25,1774.0,161.0
23246,25,22138.0,114.0
23247,25,35945.0,201.0
23248,25,601517.0,274.0
23249,25,159.0,196.0
23250,25,16.0,179.0
23251,25,91.0,188.0
23252,25,138324.0,186.0
23253,25,13.0,117.0
23254,25,58.0,160.0
23255,25,145.0,134.0
23256,25,0.0,120.0
23257,25,161.0,190.0
23258,25,10377.0,121.0
23259,25,119.0,161.0
23260,25,3728.0,132.0
23261,25,2000.0,185.0
23262,25,4058.0,124.0
23263,25,431.0,307.0
23264,25,136735.0,131.0
23265,25,31.0,128.0
23266,25,40197.0,138.0
23267,25,37014.0,149.0
23268,25,38609.0,189.0
23269,25,89.0,254.0
23270,25,1591.0,223.0
23271,25,9582.0,139.0
23272,25,67.0,119.0
23273,25,33355.0,219.0
23274,25,158.0,177.0
23275,25,2751.0,119.0
23276,24,4564.0,126.0
23277,24,2274.0,126.0
23278,24,536.0,223.0
23279,24,3265.0,191.0
23280,24,5129.0,167.0
23281,24,1572.0,115.0
23282,24,386.0,115.0
23283,24,496.0,104.0
23284,24,129894.0,161.0
23285,24,12268.0,144.0
23286,24,3070.0,119.0
23287,24,19683.0,127.0
23288,24,2298.0,119.0
23289,24,335.0,126.0
23290,24,74038.0,125.0
23291,24,69289.0,125.0
23292,24,7751.0,181.0
23293,24,1015.0,196.0
23294,24,1288.0,130.0
23295,24,4592.0,224.0
23296,24,2829.0,128.0
23297,24,535.0,196.0
23298,24,33232.0,120.0
23299,24,27273.0,211.0
23300,24,49263.0,130.0
23301,24,1506.0,182.0
23302,24,80.0,206.0
23303,24,683.0,139.0
23304,24,2767.0,180.0
23305,24,2681.0,184.0
23306,24,2714.0,184.0
23307,24,25139.0,131.0
23308,24,14782.0,131.0
23309,24,82.0,131.0
23310,24,4707.0,129.0
23311,24,1817.0,129.0
23312,24,3578.0,129.0
23313,24,1988.0,141.0
23314,24,2701.0,141.0
23315,24,2732.0,139.0
23316,24,76.0,98.0
23317,24,3857.0,131.0
23318,24,11682.0,178.0
23319,24,2251.0,157.0
23320,24,11093.0,464.0
23321,24,2516.0,149.0
23322,24,2350.0,181.0
23323,24,72638.0,125.0
23324,24,10292.0,168.0
23325,24,4820.0,122.0
23326,24,574.0,118.0
23327,24,3004.0,185.0
23328,24,2293.0,177.0
23329,24,1314.0,215.0
23330,24,3184.0,218.0
23331,24,2731.0,213.0
23332,24,4257.0,219.0
23333,24,23518.0,158.0
23334,24,66.0,96.0
23335,24,7643.0,371.0
23336,24,704.0,126.0
23337,24,1432.0,88.0
23338,24,2477.0,126.0
23339,24,55.0,136.0
23340,24,6597.0,152.0
23341,24,635.0,136.0
23342,24,3172.0,209.0
23343,24,31834.0,221.0
23344,24,89219.0,191.0
23345,24,52.0,213.0
23346,24,3508.0,134.0
23347,24,584.0,170.0
23348,24,152.0,156.0
23349,24,153480.0,190.0
23350,24,63.0,132.0
23351,24,1226.0,200.0
23352,24,86.0,128.0
23353,24,1320.0,225.0
23354,24,10771.0,151.0
23355,24,353.0,151.0
23356,24,34.0,151.0
23357,24,985.0,116.0
23358,24,1325.0,117.0
23359,24,360.0,115.0
23360,24,28047.0,126.0
23361,24,14949.0,126.0
23362,24,4972.0,126.0
23363,24,974.0,118.0
23364,24,13501.0,125.0
23365,24,34023.0,119.0
23366,24,33801.0,117.0
23367,24,4933.0,146.0
23368,24,10975.0,146.0
23369,24,501.0,125.0
23370,24,375.0,125.0
23371,24,1595.0,192.0
23372,24,4897.0,210.0
23373,24,3498.0,123.0
23374,24,3142.0,123.0
23375,24,3826.0,125.0
23376,24,2607.0,219.0
23377,24,3368.0,219.0
23378,24,1099.0,114.0
23379,24,3654.0,185.0
23380,24,395.0,182.0
23381,24,3100.0,139.0
23382,24,180.0,184.0
23383,24,505.0,115.0
23384,24,131506.0,199.0
23385,24,7514.0,118.0
23386,24,4880.0,208.0
23387,24,26459.0,139.0
23388,24,26549.0,139.0
23389,24,9648.0,169.0
23390,24,26764.0,203.0
23391,24,67626.0,203.0
23392,24,1707.0,101.0
23393,24,450.0,118.0
23394,24,1568.0,219.0
23395,24,369.0,102.0
23396,24,834.0,197.0
23397,24,2492.0,139.0
23398,24,2878.0,181.0
23399,24,3002.0,184.0
23400,24,73.0,223.0
23401,24,420.0,182.0
23402,24,68.0,123.0
23403,24,4701.0,125.0
23404,24,4711.0,125.0
23405,24,2536.0,118.0
23406,24,150.0,119.0
23407,24,643.0,248.0
23408,24,970.0,295.0
23409,24,89058.0,203.0
23410,24,101925.0,203.0
23411,24,75325.0,203.0
23412,24,52484.0,203.0
23413,24,5252.0,140.0
23414,24,2678.0,205.0
23415,24,5042.0,126.0
23416,24,4094.0,126.0
23417,24,2968.0,126.0
23418,24,103531.0,195.0
23419,24,1208.0,124.0
23420,24,154704.0,195.0
23421,24,58434.0,203.0
23422,24,35777.0,203.0
23423,24,7473.0,182.0
23424,24,2143.0,112.0
23425,24,3933.0,336.0
23426,24,1596.0,204.0
23427,24,391.0,118.0
23428,24,67.0,139.0
23429,24,58645.0,203.0
23430,24,54339.0,203.0
23431,24,57417.0,203.0
23432,24,14947.0,144.0
23433,24,904.0,134.0
23434,24,1902.0,141.0
23435,24,721.0,199.0
23436,24,4438.0,184.0
23437,24,2649.0,186.0
23438,24,23.0,184.0
23439,24,239.0,219.0
23440,24,144.0,187.0
23441,24,274.0,187.0
23442,24,773.0,121.0
23443,24,1638.0,142.0
23444,24,45332.0,140.0
23445,24,5464.0,173.0
23446,24,25565.0,278.0
23447,24,353.0,269.0
23448,24,426.0,191.0
23449,24,40.0,112.0
23450,24,38225.0,203.0
23451,24,46663.0,203.0
23452,24,61932.0,203.0
23453,24,34230.0,203.0
23454,24,47093.0,203.0
23455,24,94262.0,203.0
23456,24,40632.0,203.0
23457,24,38803.0,203.0
23458,24,846.0,182.0
23459,24,32886.0,203.0
23460,24,98893.0,203.0
23461,24,2406.0,117.0
23462,24,3415.0,115.0
23463,24,3567.0,118.0
23464,24,3548.0,1227.0
23465,24,1704.0,182.0
23466,24,817.0,182.0
23467,24,6332.0,186.0
23468,24,632.0,114.0
23469,24,4129.0,119.0
23470,24,19329.0,131.0
23471,24,11027.0,112.0
23472,24,1086.0,125.0
23473,24,124.0,194.0
23474,24,194.0,194.0
23475,24,3255.0,201.0
23476,24,4787.0,173.0
23477,24,42392.0,203.0
23478,24,765.0,117.0
23479,24,1187.0,122.0
23480,24,18.0,122.0
23481,24,2345.0,237.0
23482,24,57.0,237.0
23483,24,59539.0,191.0
23484,24,17165.0,354.0
23485,24,9561.0,354.0
23486,24,8543.0,354.0
23487,24,9405.0,354.0
23488,24,9826.0,354.0
23489,24,2550.0,138.0
23490,24,40436.0,203.0
23491,24,1628.0,120.0
23492,24,4881.0,120.0
23493,24,22842.0,354.0
23494,24,10995.0,354.0
23495,24,9345.0,354.0
23496,24,84672.0,203.0
23497,24,46959.0,203.0
23498,24,1601.0,146.0
23499,24,1974.0,132.0
23500,24,33650.0,203.0
23501,24,50477.0,203.0
23502,24,8506.0,132.0
23503,24,1280.0,132.0
23504,24,2281.0,132.0
23505,24,2002.0,132.0
23506,24,894.0,122.0
23507,24,35015.0,203.0
23508,24,79651.0,203.0
23509,24,18191.0,354.0
23510,24,10755.0,354.0
23511,24,13209.0,354.0
23512,24,12739.0,354.0
23513,24,12898.0,354.0
23514,24,8862.0,354.0
23515,24,9587.0,354.0
23516,24,10571.0,354.0
23517,24,965.0,114.0
23518,24,741.0,227.0
23519,24,1594.0,153.0
23520,24,5386.0,201.0
23521,24,4390.0,117.0
23522,24,20.0,113.0
23523,24,387.0,116.0
23524,24,1386.0,116.0
23525,24,11795.0,157.0
23526,24,4025.0,111.0
23527,24,1110.0,115.0
23528,24,12290.0,354.0
23529,24,9467.0,354.0
23530,24,9915.0,354.0
23531,24,473.0,144.0
23532,24,3206.0,128.0
23533,24,72374.0,124.0
23534,24,16151.0,210.0
23535,24,100.0,343.0
23536,24,11778.0,163.0
23537,24,9521.0,214.0
23538,24,11709.0,163.0
23539,24,528.0,113.0
23540,24,15189.0,354.0
23541,24,15796.0,354.0
23542,24,13940.0,354.0
23543,24,31359.0,125.0
23544,24,1134.0,125.0
23545,24,4013.0,127.0
23546,24,229.0,111.0
23547,24,578.0,131.0
23548,24,557.0,131.0
23549,24,24738.0,209.0
23550,24,17870.0,183.0
23551,24,17770.0,110.0
23552,24,7987.0,110.0
23553,24,12394.0,110.0
23554,24,12097.0,110.0
23555,24,-41692.0,205.0
23556,24,2818.0,164.0
23557,24,2327.0,124.0
23558,24,33.0,124.0
23559,24,2193.0,118.0
23560,24,9486.0,354.0
23561,24,9338.0,354.0
23562,24,1107.0,155.0
23563,24,97.0,209.0
23564,24,42.0,137.0
23565,24,9264.0,101.0
23566,24,3332.0,223.0
23567,24,344.0,125.0
23568,24,4224.0,137.0
23569,24,4614.0,125.0
23570,24,4052.0,125.0
23571,24,12016.0,214.0
23572,24,9674.0,354.0
23573,24,629.0,161.0
23574,24,14654.0,158.0
23575,24,3398.0,154.0
23576,24,4688.0,336.0
23577,24,5552.0,206.0
23578,24,7440.0,198.0
23579,24,160.0,112.0
23580,24,1055.0,141.0
23581,24,5582.0,168.0
23582,24,604.0,112.0
23583,24,631.0,111.0
23584,24,634.0,111.0
23585,24,4884.0,122.0
23586,24,1599.0,114.0
23587,24,108312.0,180.0
23588,24,7914.0,194.0
23589,24,6906.0,122.0
23590,24,325.0,194.0
23591,24,923.0,128.0
23592,24,881.0,137.0
23593,24,11487.0,117.0
23594,24,25.0,221.0
23595,24,712.0,122.0
23596,24,116237.0,126.0
23597,24,651.0,110.0
23598,24,7205.0,118.0
23599,24,108.0,126.0
23600,24,67405.0,158.0
23601,24,5789.0,115.0
23602,24,444.0,146.0
23603,24,111.0,194.0
23604,24,1410.0,161.0
23605,24,13197.0,111.0
23606,24,4367.0,182.0
23607,24,4210.0,176.0
23608,24,179.0,196.0
23609,24,4716.0,127.0
23610,24,9058.0,116.0
23611,24,9.0,122.0
23612,24,117.0,120.0
23613,24,2184.0,160.0
23614,24,843.0,187.0
23615,24,2065.0,103.0
23616,24,836.0,122.0
23617,24,10420.0,131.0
23618,24,137094.0,156.0
23619,24,6112.0,120.0
23620,24,125.0,217.0
23621,24,827.0,114.0
23622,24,498.0,131.0
23623,24,2362.0,271.0
23624,24,2387.0,185.0
23625,24,3232.0,122.0
23626,24,7431.0,143.0
23627,24,4010.0,226.0
23628,24,2360.0,224.0
23629,24,126.0,185.0
23630,24,677.0,118.0
23631,24,1358.0,120.0
23632,24,125.0,134.0
23633,24,824.0,186.0
23634,24,150.0,134.0
23635,24,9622.0,141.0
23636,24,35.0,128.0
23637,24,522.0,195.0
23638,24,601942.0,158.0
23639,24,7155.0,205.0
23640,24,1199.0,125.0
23641,24,1510.0,125.0
23642,24,599.0,230.0
23643,24,710.0,230.0
23644,24,747.0,230.0
23645,24,779.0,153.0
23646,24,170.0,121.0
23647,24,1294.0,121.0
23648,24,26775.0,134.0
23649,24,28620.0,193.0
23650,24,66423.0,175.0
23651,24,89060.0,184.0
23652,24,2004.0,233.0
23653,24,880.0,230.0
23654,24,536.0,230.0
23655,24,9439.0,124.0
23656,24,4245.0,119.0
23657,24,124919.0,120.0
23658,24,4541.0,117.0
23659,24,4073.0,122.0
23660,24,0.0,112.0
23661,24,0.0,112.0
23662,24,641.0,193.0
23663,24,157.0,180.0
23664,24,798.0,120.0
23665,24,2639.0,392.0
23666,24,1978.0,175.0
23667,24,853.0,244.0
23668,24,890.0,116.0
23669,24,11490.0,139.0
23670,24,1154.0,170.0
23671,24,99.0,146.0
23672,24,7517.0,146.0
23673,24,6100.0,120.0
23674,24,6610.0,201.0
23675,24,8823.0,118.0
23676,24,107.0,114.0
23677,24,185.0,121.0
23678,24,610.0,134.0
23679,24,442.0,125.0
23680,24,874.0,131.0
23681,24,648.0,122.0
23682,24,3610.0,89.0
23683,24,5948.0,89.0
23684,24,25677.0,89.0
23685,24,1748.0,180.0
23686,24,442.0,197.0
23687,24,588.0,119.0
23688,24,9186.0,184.0
23689,24,3782.0,126.0
23690,24,3862.0,123.0
23691,24,4470.0,120.0
23692,24,3790.0,122.0
23693,24,4117.0,120.0
23694,24,4078.0,122.0
23695,24,4016.0,123.0
23696,24,4161.0,124.0
23697,24,4380.0,120.0
23698,24,3503.0,120.0
23699,24,5402.0,116.0
23700,24,671.0,115.0
23701,24,3300.0,127.0
23702,24,3908.0,123.0
23703,24,9.0,116.0
23704,24,169.0,183.0
23705,24,3010.0,148.0
23706,24,635.0,119.0
23707,24,2546.0,195.0
23708,24,3810.0,119.0
23709,24,4643.0,120.0
23710,24,4479.0,125.0
23711,24,99.0,122.0
23712,24,92.0,122.0
23713,24,10699.0,114.0
23714,24,56.0,187.0
23715,24,3124.0,223.0
23716,24,7109.0,154.0
23717,24,4340.0,122.0
23718,24,4239.0,120.0
23719,24,4518.0,123.0
23720,24,3273.0,124.0
23721,24,4244.0,120.0
23722,24,4245.0,122.0
23723,24,3599.0,120.0
23724,24,4128.0,115.0
23725,24,4381.0,121.0
23726,24,2738.0,245.0
23727,24,4089.0,123.0
23728,24,1139.0,117.0
23729,24,748.0,129.0
23730,24,13.0,112.0
23731,24,1214.0,198.0
23732,24,23069.0,122.0
23733,24,1744.0,194.0
23734,24,1198.0,99.0
23735,24,53.0,131.0
23736,24,97.0,132.0
23737,24,1228.0,114.0
23738,24,2736.0,114.0
23739,24,5841.0,122.0
23740,24,169.0,121.0
23741,24,113.0,121.0
23742,24,13183.0,136.0
23743,24,1212.0,183.0
23744,24,1653.0,343.0
23745,24,1124.0,193.0
23746,24,29504.0,131.0
23747,24,4762.0,122.0
23748,24,4231.0,121.0
23749,24,243.0,124.0
23750,24,10687.0,186.0
23751,24,131360.0,797.0
23752,24,1433.0,192.0
23753,24,470.0,249.0
23754,24,214.0,125.0
23755,24,2498.0,113.0
23756,24,48.0,115.0
23757,24,3496.0,115.0
23758,24,1084.0,201.0
23759,24,5328.0,98.0
23760,24,1793.0,387.0
23761,24,550.0,113.0
23762,24,751.0,112.0
23763,24,4216.0,185.0
23764,24,7567.0,128.0
23765,24,455.0,137.0
23766,24,120.0,122.0
23767,24,1681.0,122.0
23768,24,19199.0,121.0
23769,24,80009.0,132.0
23770,24,258.0,127.0
23771,24,38.0,179.0
23772,24,566.0,201.0
23773,24,4270.0,122.0
23774,24,4440.0,119.0
23775,24,439.0,229.0
23776,24,3995.0,100.0
23777,24,51519.0,131.0
23778,24,31.0,120.0
23779,24,1980.0,101.0
23780,24,17711.0,128.0
23781,24,13769.0,108.0
23782,24,8911.0,108.0
23783,24,8455.0,108.0
23784,24,570.0,115.0
23785,24,6824.0,198.0
23786,24,1433.0,198.0
23787,24,44888.0,131.0
23788,24,3431.0,186.0
23789,24,1406.0,182.0
23790,24,10033.0,168.0
23791,24,572.0,219.0
23792,24,49.0,113.0
23793,24,13190.0,124.0
23794,24,8168.0,127.0
23795,24,300029.0,127.0
23796,24,13613.0,183.0
23797,24,642.0,161.0
23798,24,7569.0,200.0
23799,24,105721.0,291.0
23800,24,3769.0,124.0
23801,24,4189.0,122.0
23802,24,4310.0,123.0
23803,24,3906.0,124.0
23804,24,4230.0,122.0
23805,24,1080.0,193.0
23806,24,74.0,112.0
23807,24,2383.0,146.0
23808,24,1021.0,125.0
23809,24,486.0,214.0
23810,24,5133.0,190.0
23811,24,2225.0,175.0
23812,24,43110.0,147.0
23813,24,45.0,139.0
23814,24,1098.0,154.0
23815,24,1290.0,154.0
23816,24,45058.0,280.0
23817,24,159.0,127.0
23818,24,845.0,122.0
23819,24,1470.0,219.0
23820,24,939.0,122.0
23821,24,1053.0,127.0
23822,24,145.0,237.0
23823,24,265.0,127.0
23824,24,2842.0,191.0
23825,24,40918.0,192.0
23826,24,39.0,129.0
23827,24,860.0,129.0
23828,24,134.0,100.0
23829,24,8617.0,128.0
23830,24,40558.0,128.0
23831,24,2.0,187.0
23832,24,2.0,110.0
23833,24,189.0,185.0
23834,24,13.0,182.0
23835,24,23.0,158.0
23836,24,871.0,125.0
23837,24,54.0,118.0
23838,24,651.0,132.0
23839,24,1798.0,121.0
23840,24,122.0,121.0
23841,24,2209.0,187.0
23842,24,2835.0,128.0
23843,24,1062.0,167.0
23844,24,41731.0,137.0
23845,24,755.0,126.0
23846,24,79046.0,138.0
23847,24,4243.0,126.0
23848,24,185579.0,142.0
23849,24,166.0,184.0
23850,24,192.0,197.0
23851,24,439.0,123.0
23852,24,628.0,124.0
23853,24,9699.0,281.0
23854,24,1307.0,125.0
23855,24,1063.0,125.0
23856,24,16179.0,144.0
23857,24,22137.0,124.0
23858,24,22905.0,124.0
23859,24,69296.0,124.0
23860,24,16964.0,127.0
23861,24,7132.0,157.0
23862,24,9746.0,276.0
23863,24,8908.0,276.0
23864,24,4108.0,117.0
23865,24,47282.0,133.0
23866,24,37238.0,124.0
23867,24,35466.0,124.0
23868,24,43898.0,124.0
23869,24,2220.0,127.0
23870,24,602.0,122.0
23871,24,382.0,122.0
23872,24,238.0,121.0
23873,24,1086.0,121.0
23874,24,3788.0,123.0
23875,24,8262.0,123.0
23876,24,7820.0,123.0
23877,24,13822.0,174.0
23878,24,13759.0,174.0
23879,24,14539.0,124.0
23880,24,59467.0,184.0
23881,24,1958.0,203.0
23882,24,244.0,205.0
23883,24,365.0,129.0
23884,24,16439.0,132.0
23885,24,431.0,116.0
23886,24,2918.0,291.0
23887,24,14537.0,124.0
23888,24,46.0,128.0
23889,24,88.0,102.0
23890,24,1526.0,184.0
23891,24,1623.0,158.0
23892,24,180.0,142.0
23893,24,12574.0,124.0
23894,24,86584.0,117.0
23895,24,322.0,203.0
23896,24,29194.0,291.0
23897,24,836.0,122.0
23898,24,2288.0,178.0
23899,24,12732.0,130.0
23900,24,20780.0,130.0
23901,24,1678.0,113.0
23902,24,21203.0,146.0
23903,24,4920.0,128.0
23904,24,4237.0,130.0
23905,24,1678.0,144.0
23906,24,13332.0,174.0
23907,24,13382.0,174.0
23908,24,13729.0,174.0
23909,24,485.0,126.0
23910,24,1427.0,199.0
23911,24,1837.0,144.0
23912,24,7619.0,116.0
23913,24,13.0,177.0
23914,24,32812.0,221.0
23915,24,4047.0,147.0
23916,24,36146.0,191.0
23917,24,2369.0,191.0
23918,24,1656.0,120.0
23919,24,77.0,156.0
23920,24,2413.0,136.0
23921,24,77214.0,214.0
23922,24,27067.0,145.0
23923,24,19073.0,291.0
23924,24,25554.0,124.0
23925,24,22005.0,291.0
23926,24,1635.0,101.0
23927,24,484.0,191.0
23928,24,977.0,131.0
23929,24,128.0,188.0
23930,24,177.0,129.0
23931,24,4121.0,118.0
23932,24,162346.0,179.0
23933,24,437.0,99.0
23934,24,280.0,126.0
23935,24,379.0,193.0
23936,24,21609.0,193.0
23937,24,835.0,125.0
23938,24,7476.0,118.0
23939,24,331.0,129.0
23940,24,288223.0,129.0
23941,24,379.0,216.0
23942,24,33.0,156.0
23943,24,387.0,147.0
23944,24,939.0,137.0
23945,24,978.0,193.0
23946,24,1982.0,133.0
23947,24,19034.0,222.0
23948,24,11905.0,188.0
23949,24,2437.0,134.0
23950,24,187.0,125.0
23951,24,206.0,125.0
23952,24,708.0,122.0
23953,24,4701.0,201.0
23954,24,100369.0,193.0
23955,24,141.0,117.0
23956,24,36487.0,211.0
23957,24,28.0,123.0
23958,24,10728.0,130.0
23959,24,664.0,181.0
23960,24,1183.0,128.0
23961,24,10411.0,121.0
23962,24,1920.0,121.0
23963,24,1360.0,129.0
23964,24,3768.0,189.0
23965,24,982.0,189.0
23966,24,9011.0,107.0
23967,24,947.0,225.0
23968,24,694.0,178.0
23969,24,4033.0,136.0
23970,24,18018.0,136.0
23971,24,3010.0,130.0
23972,24,2811.0,216.0
23973,24,233.0,137.0
23974,24,461.0,122.0
23975,24,1293.0,125.0
23976,24,2842.0,112.0
23977,24,30536.0,138.0
23978,24,12153.0,158.0
23979,24,856.0,123.0
23980,24,18583.0,184.0
23981,24,588.0,179.0
23982,24,5834.0,179.0
23983,24,3879.0,127.0
23984,24,11757.0,133.0
23985,24,3716.0,193.0
23986,24,858.0,193.0
23987,24,11988.0,131.0
23988,24,1433.0,85.0
23989,24,2086.0,95.0
23990,24,1125.0,190.0
23991,24,3925.0,128.0
23992,24,19501.0,152.0
23993,24,38967.0,152.0
23994,24,19912.0,177.0
23995,24,259304.0,233.0
23996,24,23985.0,123.0
23997,24,3422.0,124.0
23998,24,147.0,192.0
23999,24,103.0,192.0
24000,24,8906.0,178.0
24001,24,1874.0,351.0
24002,24,8930.0,177.0
24003,24,546.0,114.0
24004,24,694.0,177.0
24005,24,18014.0,961.0
24006,24,14576.0,185.0
24007,24,564.0,186.0
24008,24,89155.0,176.0
24009,24,113470.0,176.0
24010,24,2918.0,190.0
24011,24,1814.0,246.0
24012,24,151412.0,192.0
24013,24,2805.0,178.0
24014,24,1247.0,178.0
24015,24,2815.0,94.0
24016,24,1006.0,122.0
24017,24,10926.0,181.0
24018,24,1350.0,129.0
24019,24,204584.0,150.0
24020,24,2165.0,120.0
24021,24,2803.0,105.0
24022,24,185.0,190.0
24023,24,1951.0,195.0
24024,24,1391.0,178.0
24025,24,3871.0,178.0
24026,24,937.0,178.0
24027,24,27.0,178.0
24028,24,1403.0,178.0
24029,24,564.0,200.0
24030,24,15804.0,231.0
24031,24,656.0,187.0
24032,24,124780.0,192.0
24033,24,59.0,176.0
24034,24,21186.0,166.0
24035,24,4125.0,123.0
24036,24,31.0,116.0
24037,24,233.0,152.0
24038,24,29192.0,202.0
24039,24,369.0,213.0
24040,24,6825.0,111.0
24041,24,3634.0,1227.0
24042,24,26.0,235.0
24043,24,100601.0,161.0
24044,24,149.0,151.0
24045,24,1513.0,103.0
24046,24,154.0,121.0
24047,24,336.0,125.0
24048,24,30995.0,278.0
24049,24,3447.0,117.0
24050,24,7418.0,125.0
24051,24,42323.0,190.0
24052,24,175256.0,176.0
24053,24,56290.0,221.0
24054,24,3015.0,190.0
24055,24,1902.0,117.0
24056,24,10665.0,153.0
24057,24,104.0,122.0
24058,24,979.0,178.0
24059,24,1141.0,178.0
24060,24,188315.0,250.0
24061,24,1224.0,189.0
24062,24,419.0,101.0
24063,24,16843.0,101.0
24064,24,265.0,183.0
24065,24,1525.0,183.0
24066,24,424.0,178.0
24067,24,2734.0,194.0
24068,24,5359.0,152.0
24069,24,1842.0,182.0
24070,24,681.0,191.0
24071,24,112.0,192.0
24072,24,4443.0,123.0
24073,24,1897.0,114.0
24074,24,41.0,189.0
24075,24,126505.0,245.0
24076,24,599.0,210.0
24077,24,34103.0,155.0
24078,24,48.0,225.0
24079,24,1281.0,230.0
24080,24,1971.0,125.0
24081,24,125021.0,140.0
24082,24,5392.0,333.0
24083,24,3238.0,333.0
24084,24,1922.0,189.0
24085,24,5791.0,197.0
24086,24,1358.0,197.0
24087,24,14290.0,153.0
24088,24,6011.0,135.0
24089,24,3305.0,115.0
24090,24,8103.0,124.0
24091,24,510.0,181.0
24092,24,1069.0,125.0
24093,24,5753.0,178.0
24094,24,10276.0,178.0
24095,24,60.0,142.0
24096,24,1337.0,178.0
24097,24,1846.0,124.0
24098,24,10576.0,124.0
24099,24,10428.0,126.0
24100,24,12554.0,108.0
24101,24,15955.0,124.0
24102,24,538.0,192.0
24103,24,30617.0,121.0
24104,24,32329.0,217.0
24105,24,51788.0,119.0
24106,24,9671.0,112.0
24107,24,2833.0,139.0
24108,24,1074.0,178.0
24109,24,1614.0,178.0
24110,24,7004.0,182.0
24111,24,2513.0,200.0
24112,24,90.0,119.0
24113,24,6504.0,124.0
24114,24,1114.0,187.0
24115,24,1257.0,173.0
24116,24,371.0,223.0
24117,24,12996.0,184.0
24118,24,37.0,111.0
24119,24,10722.0,120.0
24120,24,19286.0,117.0
24121,24,1256.0,208.0
24122,24,1640.0,208.0
24123,24,6817.0,191.0
24124,24,337.0,131.0
24125,24,90.0,190.0
24126,24,261.0,168.0
24127,24,17479.0,102.0
24128,24,2303.0,102.0
24129,24,6858.0,177.0
24130,24,349.0,116.0
24131,24,145.0,193.0
24132,24,4124.0,126.0
24133,24,2427.0,185.0
24134,24,3871.0,195.0
24135,24,13383.0,329.0
24136,24,8.0,126.0
24137,24,967.0,131.0
24138,24,74879.0,129.0
24139,24,100047.0,129.0
24140,24,43878.0,194.0
24141,24,100.0,117.0
24142,24,408.0,131.0
24143,24,1697.0,223.0
24144,24,8140.0,177.0
24145,24,501.0,181.0
24146,24,786.0,178.0
24147,24,205.0,179.0
24148,24,8488.0,177.0
24149,24,21089.0,278.0
24150,24,1273.0,126.0
24151,24,2029.0,200.0
24152,24,20248.0,182.0
24153,24,594.0,142.0
24154,24,1485.0,161.0
24155,24,158.0,129.0
24156,24,127.0,129.0
24157,24,151.0,129.0
24158,24,238.0,128.0
24159,24,376.0,178.0
24160,24,15153.0,177.0
24161,24,979.0,127.0
24162,24,4018.0,125.0
24163,24,524.0,199.0
24164,24,70.0,126.0
24165,24,9511.0,126.0
24166,24,1551.0,179.0
24167,24,2716.0,178.0
24168,24,551.0,178.0
24169,24,8987.0,131.0
24170,24,152315.0,194.0
24171,24,47900.0,194.0
24172,24,2041.0,114.0
24173,24,1198.0,172.0
24174,24,5609.0,99.0
24175,24,5436.0,117.0
24176,24,358.0,94.0
24177,24,25.0,118.0
24178,24,3042.0,124.0
24179,24,3201.0,128.0
24180,24,817.0,198.0
24181,24,81.0,186.0
24182,24,123.0,179.0
24183,24,208.0,189.0
24184,24,6707.0,139.0
24185,24,1236.0,134.0
24186,24,1401.0,134.0
24187,24,4202.0,115.0
24188,24,1016.0,209.0
24189,24,3439.0,145.0
24190,24,23675.0,120.0
24191,24,949.0,235.0
24192,24,230559.0,190.0
24193,24,300136.0,117.0
24194,24,19871.0,188.0
24195,24,20542.0,184.0
24196,24,230664.0,184.0
24197,24,2081.0,125.0
24198,24,5497.0,129.0
24199,24,781.0,143.0
24200,24,739.0,128.0
24201,24,6635.0,119.0
24202,24,1294.0,119.0
24203,24,1884.0,212.0
24204,24,709.0,121.0
24205,24,708.0,126.0
24206,24,375.0,181.0
24207,24,1575.0,122.0
24208,24,1998.0,119.0
24209,24,6991.0,119.0
24210,24,29.0,279.0
24211,24,23367.0,181.0
24212,24,21603.0,201.0
24213,24,19.0,120.0
24214,24,367.0,120.0
24215,24,369.0,120.0
24216,24,97.0,120.0
24217,24,101.0,120.0
24218,24,2290.0,249.0
24219,24,27046.0,183.0
24220,24,2695.0,194.0
24221,24,4191.0,101.0
24222,24,12516.0,125.0
24223,24,781.0,119.0
24224,24,20133.0,572.0
24225,24,150350.0,137.0
24226,24,1825.0,148.0
24227,24,6150.0,151.0
24228,24,685.0,189.0
24229,24,8922.0,249.0
24230,24,351.0,111.0
24231,24,178.0,107.0
24232,24,172.0,107.0
24233,24,86.0,107.0
24234,24,129.0,129.0
24235,24,126.0,129.0
24236,24,42605.0,189.0
24237,24,188.0,180.0
24238,24,1310.0,117.0
24239,24,1210.0,178.0
24240,24,18040.0,116.0
24241,24,5569.0,128.0
24242,24,28887.0,186.0
24243,24,2268.0,180.0
24244,24,23.0,120.0
24245,24,2725.0,131.0
24246,24,2733.0,131.0
24247,24,8072.0,143.0
24248,24,17664.0,118.0
24249,24,119708.0,118.0
24250,24,1865.0,121.0
24251,24,10343.0,160.0
24252,24,1453.0,195.0
24253,24,7280.0,131.0
24254,24,9349.0,131.0
24255,24,20866.0,191.0
24256,24,230674.0,191.0
24257,24,2420.0,139.0
24258,24,477.0,109.0
24259,24,2.0,119.0
24260,24,18193.0,249.0
24261,24,2280.0,190.0
24262,24,510.0,215.0
24263,24,12259.0,114.0
24264,24,1228.0,161.0
24265,24,30752.0,146.0
24266,24,228.0,114.0
24267,24,1247.0,184.0
24268,24,1437.0,184.0
24269,24,44.0,184.0
24270,24,15053.0,174.0
24271,24,255.0,167.0
24272,24,4.0,136.0
24273,24,506.0,180.0
24274,24,7582.0,151.0
24275,24,6800.0,151.0
24276,24,3667.0,112.0
24277,24,20144.0,190.0
24278,24,614.0,119.0
24279,24,17594.0,140.0
24280,24,714.0,185.0
24281,24,994.0,185.0
24282,24,12453.0,174.0
24283,24,85.0,126.0
24284,24,5047.0,126.0
24285,24,586.0,131.0
24286,24,311765.0,309.0
24287,24,74643.0,194.0
24288,24,2001.0,139.0
24289,24,97.0,162.0
24290,24,6464.0,184.0
24291,24,6712.0,184.0
24292,24,2269.0,190.0
24293,24,30596.0,177.0
24294,24,6798.0,190.0
24295,24,574.0,182.0
24296,24,699.0,182.0
24297,24,49.0,131.0
24298,24,901.0,149.0
24299,24,887.0,149.0
24300,24,22944.0,104.0
24301,24,57903.0,193.0
24302,24,70155.0,193.0
24303,24,457.0,119.0
24304,24,2702.0,97.0
24305,24,558.0,462.0
24306,24,2462.0,228.0
24307,24,616.0,124.0
24308,24,586.0,124.0
24309,24,1197.0,113.0
24310,24,432.0,187.0
24311,24,366.0,187.0
24312,24,144.0,107.0
24313,24,143.0,107.0
24314,24,16974.0,278.0
24315,24,43774.0,119.0
24316,24,523.0,121.0
24317,24,6403.0,189.0
24318,24,375.0,185.0
24319,24,168920.0,185.0
24320,24,190.0,132.0
24321,24,428.0,195.0
24322,24,6979.0,133.0
24323,24,8075.0,187.0
24324,24,453.0,175.0
24325,24,30141.0,119.0
24326,24,4823.0,184.0
24327,24,945.0,149.0
24328,24,978.0,149.0
24329,24,104.0,115.0
24330,24,61.0,225.0
24331,24,213.0,121.0
24332,24,228.0,120.0
24333,24,1924.0,228.0
24334,24,34736.0,135.0
24335,24,858.0,135.0
24336,24,448.0,119.0
24337,24,1255.0,197.0
24338,24,1179.0,113.0
24339,24,1197.0,113.0
24340,24,1202.0,113.0
24341,24,187189.0,848.0
24342,24,10778.0,141.0
24343,24,834.0,137.0
24344,24,1010.0,137.0
24345,24,70452.0,137.0
24346,24,5673.0,121.0
24347,24,1284.0,118.0
24348,24,775.0,149.0
24349,24,929.0,149.0
24350,24,1165.0,199.0
24351,24,3058.0,126.0
24352,24,12.0,126.0
24353,24,8384.0,119.0
24354,24,6490.0,114.0
24355,24,34669.0,119.0
24356,24,46231.0,119.0
24357,24,27277.0,135.0
24358,24,542.0,184.0
24359,24,354.0,184.0
24360,24,400.0,178.0
24361,24,16.0,128.0
24362,24,22730.0,199.0
24363,24,898.0,149.0
24364,24,1440.0,118.0
24365,24,66.0,305.0
24366,24,152.0,119.0
24367,24,234.0,117.0
24368,24,378.0,124.0
24369,24,1864.0,120.0
24370,24,18948.0,188.0
24371,24,154169.0,128.0
24372,24,787.0,181.0
24373,24,137.0,186.0
24374,24,1684.0,116.0
24375,24,23.0,97.0
24376,24,246.0,118.0
24377,24,1197.0,213.0
24378,24,11349.0,140.0
24379,24,351.0,228.0
24380,24,3502.0,119.0
24381,24,112.0,175.0
24382,24,762.0,133.0
24383,24,5388.0,183.0
24384,24,110.0,141.0
24385,24,103.0,141.0
24386,24,59705.0,130.0
24387,24,354.0,124.0
24388,24,441.0,164.0
24389,24,259.0,206.0
24390,24,1841.0,196.0
24391,24,10916.0,120.0
24392,24,2044.0,184.0
24393,24,30868.0,292.0
24394,24,8500.0,129.0
24395,24,660.0,185.0
24396,24,1468.0,186.0
24397,24,1288.0,125.0
24398,24,2347.0,165.0
24399,24,2962.0,165.0
24400,24,2874.0,165.0
24401,24,182.0,210.0
24402,24,714.0,144.0
24403,24,4838.0,144.0
24404,24,2256.0,185.0
24405,24,843.0,184.0
24406,24,189.0,139.0
24407,24,1168.0,139.0
24408,24,48469.0,143.0
24409,24,6591.0,124.0
24410,24,3691.0,126.0
24411,24,40.0,125.0
24412,24,8735.0,191.0
24413,24,1477.0,167.0
24414,24,662.0,167.0
24415,24,12.0,134.0
24416,24,10245.0,145.0
24417,24,2805.0,124.0
24418,24,239.0,212.0
24419,24,1095.0,196.0
24420,24,190706.0,206.0
24421,24,26036.0,238.0
24422,24,243.0,115.0
24423,24,806.0,148.0
24424,24,765.0,148.0
24425,24,159.0,159.0
24426,24,188.0,159.0
24427,24,4022.0,196.0
24428,24,109403.0,121.0
24429,24,15332.0,159.0
24430,24,410.0,117.0
24431,24,5442.0,202.0
24432,24,706.0,121.0
24433,24,1441.0,143.0
24434,24,197.0,141.0
24435,24,965.0,122.0
24436,24,432.0,298.0
24437,24,1518.0,138.0
24438,24,776.0,159.0
24439,24,2811.0,291.0
24440,24,118848.0,291.0
24441,24,85657.0,291.0
24442,24,1213.0,203.0
24443,24,2808.0,93.0
24444,24,45218.0,138.0
24445,24,947.0,130.0
24446,24,945.0,167.0
24447,24,503.0,128.0
24448,24,5562.0,204.0
24449,24,380.0,97.0
24450,24,8710.0,142.0
24451,24,37584.0,192.0
24452,24,3479.0,204.0
24453,24,3056.0,118.0
24454,24,84.0,185.0
24455,24,87.0,189.0
24456,24,3114.0,180.0
24457,24,46940.0,119.0
24458,24,370910.0,304.0
24459,24,434.0,154.0
24460,24,2210.0,291.0
24461,24,97.0,175.0
24462,24,2586.0,159.0
24463,24,307.0,134.0
24464,24,6583.0,127.0
24465,24,222.0,187.0
24466,24,1514.0,138.0
24467,24,736.0,125.0
24468,24,1767.0,138.0
24469,24,2946.0,206.0
24470,24,1067.0,319.0
24471,24,1263.0,319.0
24472,24,758.0,194.0
24473,24,61670.0,104.0
24474,24,304.0,121.0
24475,24,296.0,121.0
24476,24,662.0,119.0
24477,24,811.0,125.0
24478,24,5618.0,125.0
24479,24,846.0,124.0
24480,24,13213.0,150.0
24481,24,4373.0,205.0
24482,24,36.0,131.0
24483,24,933.0,211.0
24484,24,173.0,124.0
24485,24,394.0,197.0
24486,24,75.0,186.0
24487,24,2004.0,118.0
24488,24,72811.0,204.0
24489,24,9534.0,204.0
24490,24,68751.0,291.0
24491,24,23723.0,133.0
24492,24,73.0,166.0
24493,24,68.0,166.0
24494,24,12362.0,187.0
24495,24,2774.0,245.0
24496,24,333.0,211.0
24497,24,6469.0,142.0
24498,24,34088.0,191.0
24499,24,495.0,181.0
24500,24,13284.0,133.0
24501,24,3655.0,117.0
24502,24,1767.0,117.0
24503,24,1842.0,142.0
24504,24,2932.0,119.0
24505,24,188.0,187.0
24506,24,21118.0,148.0
24507,24,1032.0,139.0
24508,24,724.0,139.0
24509,24,6828.0,128.0
24510,24,152.0,176.0
24511,24,86.0,120.0
24512,24,2142.0,128.0
24513,24,16.0,211.0
24514,24,65919.0,137.0
24515,24,18830.0,215.0
24516,24,3642.0,184.0
24517,24,1570.0,189.0
24518,24,1715.0,189.0
24519,24,675.0,128.0
24520,24,7506.0,205.0
24521,24,237.0,120.0
24522,24,694.0,120.0
24523,24,15834.0,204.0
24524,24,13247.0,204.0
24525,24,774.0,204.0
24526,24,10074.0,204.0
24527,24,8.0,193.0
24528,24,109.0,193.0
24529,24,41.0,193.0
24530,24,239.0,125.0
24531,24,55.0,199.0
24532,24,8500.0,117.0
24533,24,3389.0,193.0
24534,24,8.0,193.0
24535,24,3187.0,138.0
24536,24,19948.0,142.0
24537,24,24021.0,167.0
24538,24,633.0,167.0
24539,24,1305.0,216.0
24540,24,1792.0,216.0
24541,24,1370.0,112.0
24542,24,1760.0,126.0
24543,24,7607.0,115.0
24544,24,206.0,115.0
24545,24,2533.0,129.0
24546,24,107.0,90.0
24547,24,658.0,120.0
24548,24,573.0,181.0
24549,24,2378.0,119.0
24550,24,3510.0,119.0
24551,24,2433.0,119.0
24552,24,1195.0,119.0
24553,24,3715.0,117.0
24554,24,472.0,116.0
24555,24,452.0,118.0
24556,24,2144.0,144.0
24557,24,1182.0,186.0
24558,24,2512.0,186.0
24559,24,319.0,211.0
24560,24,2777.0,198.0
24561,24,790.0,192.0
24562,24,800.0,131.0
24563,24,649.0,114.0
24564,24,3918.0,126.0
24565,24,132071.0,184.0
24566,24,1937.0,120.0
24567,24,1290.0,120.0
24568,24,3407.0,163.0
24569,24,446.0,118.0
24570,24,60768.0,204.0
24571,24,3566.0,134.0
24572,24,7330.0,151.0
24573,24,479.0,123.0
24574,24,15916.0,123.0
24575,24,15917.0,123.0
24576,24,5540.0,193.0
24577,24,571.0,204.0
24578,24,1968.0,204.0
24579,24,35.0,118.0
24580,24,208.0,116.0
24581,24,114.0,145.0
24582,24,147.0,145.0
24583,24,112.0,128.0
24584,24,112.0,128.0
24585,24,197.0,128.0
24586,24,211.0,128.0
24587,24,217425.0,145.0
24588,24,1333.0,205.0
24589,24,6955.0,203.0
24590,24,3335.0,195.0
24591,24,1330.0,189.0
24592,24,1602.0,189.0
24593,24,35.0,177.0
24594,24,201.0,124.0
24595,24,8527.0,151.0
24596,24,17902.0,189.0
24597,24,158.0,121.0
24598,24,788.0,157.0
24599,24,12672.0,224.0
24600,24,163.0,208.0
24601,24,817.0,323.0
24602,24,16850.0,184.0
24603,24,1205.0,122.0
24604,24,1494.0,122.0
24605,24,6574.0,201.0
24606,24,966.0,126.0
24607,24,639.0,197.0
24608,24,8230.0,151.0
24609,24,7453.0,151.0
24610,24,8131.0,120.0
24611,24,807.0,461.0
24612,24,5133.0,205.0
24613,24,54006.0,202.0
24614,24,4099.0,202.0
24615,24,1588.0,133.0
24616,24,3246.0,103.0
24617,24,7230.0,190.0
24618,24,48.0,189.0
24619,24,13006.0,138.0
24620,24,98.0,181.0
24621,24,30732.0,162.0
24622,24,862.0,114.0
24623,24,2509.0,92.0
24624,24,708.0,185.0
24625,24,57.0,128.0
24626,24,1715.0,185.0
24627,24,136.0,134.0
24628,24,155.0,134.0
24629,24,1633.0,158.0
24630,24,15869.0,186.0
24631,24,115.0,132.0
24632,24,892.0,114.0
24633,24,3083.0,116.0
24634,24,219.0,116.0
24635,24,570.0,175.0
24636,24,1067.0,100.0
24637,24,107424.0,237.0
24638,24,18734.0,130.0
24639,24,1941.0,123.0
24640,24,700.0,152.0
24641,24,7607.0,152.0
24642,24,90961.0,135.0
24643,24,112.0,197.0
24644,24,3172.0,215.0
24645,24,1991.0,100.0
24646,24,1116.0,124.0
24647,24,2386.0,120.0
24648,24,1994.0,179.0
24649,24,3271.0,176.0
24650,24,794.0,193.0
24651,24,60927.0,104.0
24652,24,6922.0,189.0
24653,24,275.0,107.0
24654,24,599.0,128.0
24655,24,1354.0,210.0
24656,24,230.0,127.0
24657,24,110351.0,124.0
24658,24,517.0,315.0
24659,24,2271.0,128.0
24660,24,3740.0,125.0
24661,24,714.0,123.0
24662,24,1360.0,123.0
24663,24,1547.0,116.0
24664,24,727.0,141.0
24665,24,300367.0,215.0
24666,24,330.0,157.0
24667,24,2263.0,118.0
24668,24,616.0,185.0
24669,24,1376.0,200.0
24670,24,1370.0,154.0
24671,24,3424.0,125.0
24672,24,279707.0,193.0
24673,24,6539.0,96.0
24674,24,1585.0,154.0
24675,24,557.0,117.0
24676,24,415.0,128.0
24677,24,1.0,159.0
24678,24,2.0,159.0
24679,24,63059.0,142.0
24680,24,275.0,116.0
24681,24,4259.0,126.0
24682,24,1142.0,129.0
24683,24,1096.0,183.0
24684,24,1600.0,135.0
24685,24,11622.0,188.0
24686,24,3689.0,125.0
24687,24,1266.0,187.0
24688,24,4019.0,219.0
24689,24,1433.0,154.0
24690,24,1310.0,123.0
24691,24,5757.0,178.0
24692,24,600104.0,223.0
24693,24,1810.0,190.0
24694,24,1804.0,182.0
24695,24,32724.0,214.0
24696,24,38861.0,214.0
24697,24,279837.0,214.0
24698,24,5320.0,123.0
24699,24,268.0,192.0
24700,24,394.0,207.0
24701,24,110.0,115.0
24702,24,9208.0,135.0
24703,24,995.0,211.0
24704,24,1983.0,193.0
24705,24,553.0,193.0
24706,24,1218.0,154.0
24707,24,804.0,124.0
24708,24,4804.0,126.0
24709,24,1146.0,202.0
24710,24,12295.0,151.0
24711,24,455.0,162.0
24712,24,30490.0,142.0
24713,24,398.0,205.0
24714,24,807.0,152.0
24715,24,122.0,132.0
24716,24,25.0,166.0
24717,24,18668.0,311.0
24718,24,4828.0,311.0
24719,24,4297.0,311.0
24720,24,70470.0,119.0
24721,24,23510.0,119.0
24722,24,772.0,126.0
24723,24,301.0,187.0
24724,24,1347.0,234.0
24725,24,3810.0,200.0
24726,24,2625.0,189.0
24727,24,1413.0,189.0
24728,24,410.0,126.0
24729,24,845.0,115.0
24730,24,2608.0,121.0
24731,24,582.0,121.0
24732,24,8822.0,130.0
24733,24,1393.0,128.0
24734,24,12065.0,124.0
24735,24,338.0,133.0
24736,24,301.0,133.0
24737,24,303.0,215.0
24738,24,291.0,215.0
24739,24,5114.0,118.0
24740,24,498.0,107.0
24741,24,8498.0,93.0
24742,24,31163.0,213.0
24743,24,544.0,140.0
24744,24,328.0,209.0
24745,24,11.0,112.0
24746,24,860.0,189.0
24747,24,30473.0,118.0
24748,24,495.0,128.0
24749,24,3001.0,177.0
24750,24,170284.0,215.0
24751,24,3271.0,133.0
24752,24,4756.0,132.0
24753,24,4180.0,127.0
24754,24,2058.0,187.0
24755,24,552.0,116.0
24756,24,1752.0,116.0
24757,24,5902.0,198.0
24758,24,48100.0,198.0
24759,24,181163.0,123.0
24760,24,179711.0,123.0
24761,24,178377.0,123.0
24762,24,196280.0,123.0
24763,24,178.0,160.0
24764,24,590.0,126.0
24765,24,1111.0,126.0
24766,24,259458.0,123.0
24767,24,269646.0,123.0
24768,24,3119.0,204.0
24769,24,909.0,114.0
24770,24,2231.0,188.0
24771,24,6203.0,185.0
24772,24,142.0,119.0
24773,24,2802.0,267.0
24774,24,206.0,118.0
24775,24,34921.0,108.0
24776,24,452.0,119.0
24777,24,450.0,119.0
24778,24,5797.0,347.0
24779,24,5145.0,204.0
24780,24,2873.0,186.0
24781,24,1107.0,212.0
24782,24,4230.0,118.0
24783,24,5051.0,117.0
24784,24,9.0,176.0
24785,24,1770.0,184.0
24786,24,540.0,133.0
24787,24,381.0,126.0
24788,24,482.0,174.0
24789,24,16494.0,119.0
24790,24,20827.0,119.0
24791,24,441.0,188.0
24792,24,15673.0,188.0
24793,24,3929.0,185.0
24794,24,1716.0,185.0
24795,24,8120.0,116.0
24796,24,4.0,121.0
24797,24,28848.0,135.0
24798,24,8693.0,114.0
24799,24,866.0,121.0
24800,24,2473.0,227.0
24801,24,4266.0,227.0
24802,24,3275.0,221.0
24803,24,29541.0,135.0
24804,24,678.0,114.0
24805,24,4475.0,130.0
24806,24,1798.0,162.0
24807,24,1832.0,227.0
24808,24,3116.0,184.0
24809,24,362.0,129.0
24810,24,448.0,110.0
24811,24,260.0,187.0
24812,24,792.0,98.0
24813,24,995.0,131.0
24814,24,3873.0,193.0
24815,24,883.0,192.0
24816,24,5623.0,131.0
24817,24,2315.0,227.0
24818,24,6683.0,227.0
24819,24,1376.0,129.0
24820,24,168.0,180.0
24821,24,671.0,123.0
24822,24,7995.0,151.0
24823,24,8504.0,151.0
24824,24,29128.0,135.0
24825,24,3461.0,125.0
24826,24,5990.0,347.0
24827,24,33511.0,166.0
24828,24,982.0,115.0
24829,24,7887.0,115.0
24830,24,26285.0,136.0
24831,24,559.0,136.0
24832,24,2249.0,197.0
24833,24,507.0,115.0
24834,24,3580.0,143.0
24835,24,581.0,127.0
24836,24,12441.0,113.0
24837,24,92816.0,263.0
24838,24,112.0,190.0
24839,24,2720.0,215.0
24840,24,4271.0,122.0
24841,24,16.0,127.0
24842,24,931.0,116.0
24843,24,1471.0,101.0
24844,24,21159.0,120.0
24845,24,630.0,116.0
24846,24,3151.0,227.0
24847,24,3428.0,227.0
24848,24,384.0,160.0
24849,24,7728.0,151.0
24850,24,159.0,195.0
24851,24,617.0,193.0
24852,24,3395.0,189.0
24853,23,1449.0,117.0
24854,23,539.0,118.0
24855,23,2098.0,126.0
24856,23,1862.0,177.0
24857,23,826.0,184.0
24858,23,8864.0,165.0
24859,23,5801.0,127.0
24860,23,211.0,225.0
24861,23,4135.0,189.0
24862,23,3723.0,153.0
24863,23,52018.0,216.0
24864,23,2063.0,177.0
24865,23,427.0,177.0
24866,23,922.0,177.0
24867,23,1312.0,178.0
24868,23,1648.0,121.0
24869,23,36.0,118.0
24870,23,106.0,118.0
24871,23,13.0,118.0
24872,23,2499.0,143.0
24873,23,210.0,120.0
24874,23,2506.0,107.0
24875,23,950.0,211.0
24876,23,2981.0,186.0
24877,23,133.0,171.0
24878,23,2392.0,115.0
24879,23,322.0,225.0
24880,23,143.0,216.0
24881,23,1191.0,225.0
24882,23,1274.0,173.0
24883,23,4487.0,187.0
24884,23,786.0,187.0
24885,23,563.0,178.0
24886,23,717.0,298.0
24887,23,6112.0,114.0
24888,23,35.0,175.0
24889,23,166.0,154.0
24890,23,334.0,187.0
24891,23,28697.0,177.0
24892,23,4052.0,176.0
24893,23,2543.0,115.0
24894,23,9.0,187.0
24895,23,494.0,91.0
24896,23,1203.0,154.0
24897,23,57.0,144.0
24898,23,5008.0,122.0
24899,23,1406.0,218.0
24900,23,43.0,152.0
24901,23,160.0,181.0
24902,23,5.0,168.0
24903,23,4928.0,122.0
24904,23,515818.0,122.0
24905,23,2665.0,161.0
24906,23,21620.0,159.0
24907,23,127.0,152.0
24908,23,328908.0,199.0
24909,23,322739.0,199.0
24910,23,2732.0,161.0
24911,23,3484.0,213.0
24912,23,201.0,122.0
24913,23,291809.0,193.0
24914,23,2296.0,211.0
24915,23,874.0,138.0
24916,23,71344.0,203.0
24917,23,86.0,193.0
24918,23,618.0,143.0
24919,23,193.0,203.0
24920,23,127.0,137.0
24921,23,1962.0,126.0
24922,23,204.0,155.0
24923,23,166.0,122.0
24924,23,560.0,199.0
24925,23,435.0,143.0
24926,23,402.0,143.0
24927,23,60836.0,143.0
24928,23,64.0,108.0
24929,23,10604.0,217.0
24930,23,2699.0,217.0
24931,23,329.0,141.0
24932,23,394.0,122.0
24933,23,73.0,131.0
24934,23,98.0,131.0
24935,23,114.0,131.0
24936,23,11.0,114.0
24937,23,341.0,97.0
24938,23,1728.0,138.0
24939,23,43628.0,128.0
24940,23,1528.0,134.0
24941,23,179.0,307.0
24942,23,676.0,188.0
24943,23,1390.0,152.0
24944,23,179.0,122.0
24945,23,2627.0,209.0
24946,23,680.0,688.0
24947,23,666.0,241.0
24948,23,3839.0,194.0
24949,23,41.0,139.0
24950,23,151191.0,124.0
24951,23,4268.0,119.0
24952,23,523.0,124.0
24953,23,12331.0,217.0
24954,23,612.0,201.0
24955,23,3888.0,213.0
24956,23,1587.0,168.0
24957,23,1105.0,204.0
24958,23,32944.0,122.0
24959,23,2228.0,123.0
24960,23,108803.0,186.0
24961,23,1230.0,197.0
24962,23,404.0,120.0
24963,23,68342.0,121.0
24964,23,241.0,173.0
24965,23,456220.0,149.0
24966,23,889.0,185.0
24967,23,17081.0,182.0
24968,23,721.0,215.0
24969,23,8.0,122.0
24970,23,199.0,205.0
24971,23,113.0,141.0
24972,23,145.0,141.0
24973,23,51365.0,124.0
24974,23,257.0,181.0
24975,23,11474.0,260.0
24976,23,9376.0,118.0
24977,23,72746.0,118.0
24978,23,34698.0,204.0
24979,23,2402.0,215.0
24980,23,551.0,181.0
24981,23,9370.0,176.0
24982,23,3040.0,217.0
24983,23,879.0,205.0
24984,23,1249.0,184.0
24985,23,591.0,221.0
24986,23,43.0,128.0
24987,23,192.0,180.0
24988,23,19019.0,111.0
24989,23,17990.0,183.0
24990,23,115.0,229.0
24991,23,2190.0,106.0
24992,23,834.0,178.0
24993,23,553.0,118.0
24994,23,57.0,203.0
24995,23,0.0,121.0
24996,23,2307.0,105.0
24997,23,692.0,118.0
24998,23,8135.0,187.0
24999,23,3863.0,135.0
25000,23,34784.0,135.0
25001,23,622.0,123.0
25002,23,3000.0,187.0
25003,23,2879.0,215.0
25004,23,10914.0,134.0
25005,23,1180.0,134.0
25006,23,3568.0,118.0
25007,23,509.0,118.0
25008,23,550.0,205.0
25009,23,9082.0,189.0
25010,23,514.0,124.0
25011,23,41578.0,206.0
25012,23,12.0,186.0
25013,23,14560.0,203.0
25014,23,26120.0,203.0
25015,23,1790.0,277.0
25016,23,2474.0,203.0
25017,23,1955.0,203.0
25018,23,8139.0,203.0
25019,23,4470.0,203.0
25020,23,1109.0,184.0
25021,23,37491.0,201.0
25022,23,1334.0,148.0
25023,23,5086.0,118.0
25024,23,12342.0,213.0
25025,23,6747.0,213.0
25026,23,13659.0,213.0
25027,23,48262.0,203.0
25028,23,7027.0,217.0
25029,23,1055.0,217.0
25030,23,200.0,153.0
25031,23,11904.0,142.0
25032,23,0.0,149.0
25033,23,31011.0,124.0
25034,23,45504.0,188.0
25035,23,4119.0,183.0
25036,23,1571.0,120.0
25037,23,1573.0,120.0
25038,23,323.0,105.0
25039,23,1305.0,194.0
25040,23,897.0,213.0
25041,23,1064.0,299.0
25042,23,957.0,117.0
25043,23,19428.0,167.0
25044,23,7423.0,123.0
25045,23,20.0,193.0
25046,23,4179.0,192.0
25047,23,282.0,227.0
25048,22,19331.0,245.0
25049,22,2765.0,210.0
25050,22,149.0,196.0
25051,22,1092.0,127.0
25052,22,20707.0,128.0
25053,22,999.0,187.0
25054,22,387.0,200.0
25055,22,92.0,221.0
25056,22,1555.0,176.0
25057,22,304.0,191.0
25058,22,1944.0,216.0
25059,22,479.0,212.0
25060,22,903.0,178.0
25061,22,637.0,187.0
25062,22,1714.0,120.0
25063,22,19.0,125.0
25064,22,870.0,134.0
25065,22,18.0,168.0
25066,22,2108.0,124.0
25067,22,2258.0,130.0
25068,22,24.0,176.0
25069,22,100.0,176.0
25070,22,117.0,126.0
25071,22,207.0,185.0
25072,22,12165.0,143.0
25073,22,591.0,131.0
25074,22,166.0,203.0
25075,22,633.0,191.0
25076,22,1560.0,181.0
25077,22,2734.0,225.0
25078,22,3039.0,129.0
25079,22,66818.0,316.0
25080,22,68.0,148.0
25081,22,7544.0,169.0
25082,22,4599.0,169.0
25083,22,89.0,136.0
25084,22,1166.0,189.0
25085,22,135.0,129.0
25086,22,15.0,188.0
25087,22,4230.0,107.0
25088,22,25.0,122.0
25089,22,1118.0,127.0
25090,22,186.0,124.0
25091,22,4010.0,196.0
25092,22,1704.0,115.0
25093,22,137.0,415.0
25094,22,2291.0,195.0
25095,22,66812.0,219.0
25096,22,111.0,178.0
25097,22,12882.0,196.0
25098,22,782.0,181.0
25099,22,118.0,187.0
25100,22,274.0,173.0
25101,22,78.0,131.0
25102,22,38264.0,181.0
25103,22,1008.0,173.0
25104,22,372.0,125.0
25105,22,2406.0,93.0
25106,22,1986.0,179.0
25107,22,52.0,221.0
25108,22,79.0,221.0
25109,22,162.0,221.0
25110,22,349.0,183.0
25111,22,38.0,183.0
25112,22,180294.0,176.0
25113,22,2739.0,146.0
25114,22,93.0,120.0
25115,22,1577.0,165.0
25116,22,7228.0,122.0
25117,22,318.0,117.0
25118,22,305.0,121.0
25119,22,29.0,184.0
25120,22,35.0,139.0
25121,22,9.0,179.0
25122,22,3711.0,123.0
25123,22,673.0,182.0
25124,22,2212.0,114.0
25125,22,9605.0,187.0
25126,22,2933.0,127.0
25127,22,1855.0,136.0
25128,22,95.0,121.0
25129,22,431.0,185.0
25130,22,15.0,305.0
25131,22,106.0,131.0
25132,22,45.0,177.0
25133,22,48.0,100.0
25134,22,823.0,185.0
25135,22,10514.0,113.0
25136,22,3832.0,113.0
25137,22,214022.0,202.0
25138,22,1989.0,401.0
25139,22,3325.0,115.0
25140,22,296.0,187.0
25141,22,195.0,155.0
25142,22,738.0,282.0
25143,22,3645.0,186.0
25144,22,4744.0,110.0
25145,22,1398.0,184.0
25146,22,99.0,119.0
25147,22,203.0,179.0
25148,22,17494.0,131.0
25149,22,227.0,235.0
25150,22,613.0,162.0
25151,22,4015.0,235.0
25152,22,101544.0,203.0
25153,22,555.0,187.0
25154,22,9513.0,111.0
25155,22,9474.0,111.0
25156,22,13.0,147.0
25157,22,6099.0,117.0
25158,22,5092.0,130.0
25159,22,62.0,134.0
25160,22,522.0,119.0
25161,22,2397.0,139.0
25162,22,15.0,191.0
25163,22,76.0,131.0
25164,22,4690.0,116.0
25165,22,233.0,192.0
25166,22,939.0,186.0
25167,22,464.0,222.0
25168,22,161.0,123.0
25169,22,2436.0,93.0
25170,22,28.0,158.0
25171,22,34.0,221.0
25172,22,202.0,387.0
25173,22,1485.0,132.0
25174,22,992.0,170.0
25175,22,409.0,221.0
25176,22,25126.0,118.0
25177,22,1453.0,155.0
25178,22,1503.0,187.0
25179,22,744.0,188.0
25180,22,1717.0,119.0
25181,22,3513.0,160.0
25182,22,90.0,181.0
25183,22,13.0,133.0
25184,22,106312.0,126.0
25185,22,65.0,246.0
25186,22,190.0,141.0
25187,22,204.0,137.0
25188,22,184.0,194.0
25189,22,1151.0,206.0
25190,22,6.0,194.0
25191,22,1979.0,194.0
25192,22,1182.0,227.0
25193,22,5270.0,119.0
25194,22,32968.0,193.0
25195,22,48813.0,137.0
25196,22,2317.0,182.0
25197,22,2059.0,182.0
25198,22,75.0,221.0
25199,22,25.0,221.0
25200,22,592.0,120.0
25201,22,1257.0,128.0
25202,22,641.0,206.0
25203,22,339.0,116.0
25204,22,27474.0,178.0
25205,22,993.0,215.0
25206,22,23.0,159.0
25207,22,647.0,113.0
25208,22,2527.0,123.0
25209,22,1750.0,135.0
25210,22,937.0,103.0
25211,22,319.0,120.0
25212,22,2861.0,191.0
25213,22,1006.0,203.0
25214,22,717.0,203.0
25215,22,114.0,215.0
25216,22,224.0,197.0
25217,22,121.0,102.0
25218,22,1117.0,132.0
25219,22,210.0,114.0
25220,22,309.0,183.0
25221,22,169.0,186.0
25222,22,254.0,165.0
25223,22,192.0,199.0
25224,22,4481.0,148.0
25225,22,767.0,105.0
25226,22,39.0,199.0
25227,22,21644.0,148.0
25228,22,79386.0,299.0
25229,22,146.0,98.0
25230,22,51123.0,253.0
25231,22,1708.0,207.0
25232,22,10.0,176.0
25233,22,28.0,138.0
25234,21,1287.0,184.0
25235,21,219.0,225.0
25236,21,2586.0,176.0
25237,21,10523.0,168.0
25238,21,1140.0,203.0
25239,21,453.0,203.0
25240,21,2248.0,165.0
25241,21,929.0,139.0
25242,21,145.0,331.0
25243,21,104.0,120.0
25244,21,2028.0,138.0
25245,21,80.0,130.0
25246,21,335.0,139.0
25247,21,1018.0,194.0
25248,21,119.0,118.0
25249,21,685.0,197.0
25250,21,375.0,139.0
25251,21,27906.0,193.0
25252,21,15115.0,193.0
25253,21,211.0,164.0
25254,21,23339.0,210.0
25255,21,3146.0,139.0
25256,21,628.0,180.0
25257,21,5244.0,191.0
25258,21,59.0,125.0
25259,21,291.0,203.0
25260,21,64.0,134.0
25261,21,1658.0,203.0
25262,21,2017.0,203.0
25263,21,652.0,203.0
25264,21,438.0,122.0
25265,21,1554.0,130.0
25266,21,11038.0,149.0
25267,21,372.0,170.0
25268,21,8686.0,202.0
25269,21,444.0,181.0
25270,21,447.0,113.0
25271,21,176.0,112.0
25272,21,684.0,120.0
25273,21,523.0,138.0
25274,21,239.0,171.0
25275,21,117.0,178.0
25276,21,16248.0,150.0
25277,21,3022.0,125.0
25278,21,31242.0,204.0
25279,21,646.0,203.0
25280,21,421.0,203.0
25281,21,30742.0,181.0
25282,21,886.0,246.0
25283,21,950.0,121.0
25284,21,1919.0,117.0
25285,21,82.0,154.0
25286,21,11726.0,145.0
25287,21,1165.0,121.0
25288,21,1010.0,207.0
25289,21,224675.0,130.0
25290,21,102.0,129.0
25291,21,599.0,116.0
25292,21,871.0,203.0
25293,21,16016.0,171.0
25294,21,6781.0,185.0
25295,21,13001.0,146.0
25296,21,420.0,146.0
25297,21,164.0,146.0
25298,21,2454.0,149.0
25299,21,18.0,135.0
25300,21,537.0,135.0
25301,21,226.0,185.0
25302,21,573.0,132.0
25303,21,40340.0,193.0
25304,21,9732.0,181.0
25305,21,42.0,189.0
25306,21,1665.0,124.0
25307,21,208.0,203.0
25308,21,489.0,203.0
25309,21,620.0,203.0
25310,21,431.0,209.0
25311,21,325.0,116.0
25312,21,305.0,224.0
25313,21,22746.0,132.0
25314,21,627.0,121.0
25315,21,293.0,121.0
25316,21,843.0,149.0
25317,21,3054.0,203.0
25318,21,128.0,237.0
25319,21,64.0,179.0
25320,21,8423.0,119.0
25321,21,410.0,205.0
25322,21,46784.0,169.0
25323,21,36.0,118.0
25324,21,3491.0,320.0
25325,21,9.0,128.0
25326,21,5.0,128.0
25327,21,279.0,198.0
25328,21,9997.0,106.0
25329,21,201.0,203.0
25330,21,7175.0,203.0
25331,21,399.0,203.0
25332,21,357.0,203.0
25333,21,298.0,203.0
25334,21,643.0,165.0
25335,21,187.0,114.0
25336,21,1623.0,143.0
25337,21,140.0,161.0
25338,21,2344.0,174.0
25339,21,17263.0,185.0
25340,21,508.0,191.0
25341,21,508.0,119.0
25342,21,687.0,186.0
25343,21,133.0,184.0
25344,21,3511.0,203.0
25345,21,1047.0,151.0
25346,21,913.0,175.0
25347,21,31.0,140.0
25348,21,5818.0,115.0
25349,21,1173.0,122.0
25350,21,2673.0,123.0
25351,21,29.0,121.0
25352,21,148.0,137.0
25353,21,314.0,158.0
25354,21,17.0,156.0
25355,21,181.0,242.0
25356,21,378.0,185.0
25357,21,53.0,182.0
25358,21,1223.0,412.0
25359,21,174.0,178.0
25360,21,479.0,282.0
25361,21,66.0,138.0
25362,21,217.0,203.0
25363,21,367.0,126.0
25364,21,228.0,155.0
25365,21,2475.0,224.0
25366,21,125.0,183.0
25367,21,155.0,119.0
25368,21,257.0,175.0
25369,21,296.0,168.0
25370,21,157.0,210.0
25371,21,72.0,209.0
25372,21,599.0,125.0
25373,21,3085.0,141.0
25374,21,278.0,323.0
25375,21,605.0,200.0
25376,21,2283.0,181.0
25377,21,906.0,143.0
25378,21,3406.0,173.0
25379,21,41875.0,128.0
25380,21,640.0,203.0
25381,21,120.0,127.0
25382,21,746.0,188.0
25383,21,404.0,168.0
25384,21,110350.0,136.0
25385,21,829.0,203.0
25386,21,242.0,114.0
25387,21,2376.0,151.0
25388,21,260.0,188.0
25389,21,715.0,102.0
25390,21,234.0,161.0
25391,21,5130.0,193.0
25392,21,132.0,136.0
25393,21,373.0,158.0
25394,21,93.0,168.0
25395,20,479.0,183.0
25396,20,559.0,123.0
25397,20,1135.0,225.0
25398,20,77.0,139.0
25399,20,54.0,181.0
25400,20,1384.0,182.0
25401,20,804.0,163.0
25402,20,31843.0,180.0
25403,20,47769.0,135.0
25404,20,133.0,135.0
25405,20,973.0,188.0
25406,20,729.0,176.0
25407,20,4.0,158.0
25408,20,524.0,217.0
25409,20,2073.0,179.0
25410,20,79.0,232.0
25411,20,16.0,158.0
25412,20,35.0,107.0
25413,20,729.0,119.0
25414,20,16.0,158.0
25415,20,1780.0,195.0
25416,20,2432.0,109.0
25417,20,37.0,108.0
25418,20,6029.0,149.0
25419,20,16.0,133.0
25420,20,8.0,176.0
25421,20,216.0,122.0
25422,20,1466.0,175.0
25423,20,427.0,203.0
25424,20,119.0,200.0
25425,20,39.0,125.0
25426,20,145.0,197.0
25427,20,32.0,245.0
25428,20,1407.0,179.0
25429,20,2248.0,125.0
25430,20,3144.0,125.0
25431,20,2575.0,125.0
25432,20,1420.0,201.0
25433,20,216.0,155.0
25434,20,275.0,175.0
25435,20,84.0,191.0
25436,20,28.0,196.0
25437,20,151.0,159.0
25438,20,12.0,117.0
25439,20,385.0,179.0
25440,20,154.0,181.0
25441,20,1303.0,130.0
25442,20,690.0,138.0
25443,20,336.0,195.0
25444,20,510.0,149.0
25445,20,911.0,126.0
25446,20,354.0,200.0
25447,20,14844.0,124.0
25448,20,33.0,158.0
25449,20,414.0,209.0
25450,20,160.0,198.0
25451,20,105.0,131.0
25452,20,1661.0,131.0
25453,20,1100.0,149.0
25454,20,61.0,149.0
25455,20,863.0,149.0
25456,20,3348.0,149.0
25457,20,541.0,173.0
25458,20,898.0,184.0
25459,20,839.0,184.0
25460,20,130.0,203.0
25461,20,4477.0,122.0
25462,20,77.0,174.0
25463,20,280.0,121.0
25464,20,276.0,183.0
25465,20,214.0,149.0
25466,20,469.0,250.0
25467,20,1260.0,162.0
25468,20,440.0,183.0
25469,20,6454.0,125.0
25470,20,18.0,125.0
25471,20,2242.0,127.0
25472,20,524.0,197.0
25473,20,549.0,149.0
25474,20,755.0,149.0
25475,20,54.0,142.0
25476,20,59.0,213.0
25477,20,77.0,213.0
25478,20,30388.0,153.0
25479,20,40.0,98.0
25480,20,384.0,98.0
25481,20,75.0,114.0
25482,20,12466.0,120.0
25483,20,165.0,187.0
25484,20,1153.0,126.0
25485,20,779.0,229.0
25486,20,2194.0,156.0
25487,20,8311.0,209.0
25488,20,3556.0,209.0
25489,20,2648.0,182.0
25490,20,68.0,191.0
25491,20,108.0,147.0
25492,20,3319.0,194.0
25493,20,385.0,152.0
25494,20,2543.0,156.0
25495,20,27594.0,382.0
25496,20,1176.0,143.0
25497,20,37006.0,132.0
25498,20,4684.0,117.0
25499,20,2300.0,127.0
25500,20,818.0,203.0
25501,20,1131.0,118.0
25502,20,1722.0,118.0
25503,20,4011.0,130.0
25504,20,3040.0,186.0
25505,20,13441.0,186.0
25506,20,6249.0,192.0
25507,20,111036.0,129.0
25508,20,75.0,130.0
25509,20,414.0,149.0
25510,20,429.0,149.0
25511,20,6349.0,137.0
25512,20,464.0,204.0
25513,20,590.0,204.0
25514,20,108.0,145.0
25515,20,183.0,195.0
25516,20,2280.0,172.0
25517,20,208.0,209.0
25518,20,29.0,183.0
25519,20,92.0,125.0
25520,20,497.0,450.0
25521,20,1995.0,165.0
25522,20,720.0,122.0
25523,20,550.0,114.0
25524,20,205.0,119.0
25525,20,82.0,122.0
25526,20,44704.0,131.0
25527,20,1531.0,387.0
25528,20,29291.0,197.0
25529,20,142.0,122.0
25530,20,17887.0,105.0
25531,20,53.0,217.0
25532,20,8.0,176.0
25533,20,398.0,141.0
25534,20,1741.0,182.0
25535,20,1827.0,182.0
25536,20,108.0,122.0
25537,20,388.0,137.0
25538,20,47.0,103.0
25539,20,1198.0,179.0
25540,20,620.0,241.0
25541,20,546.0,320.0
25542,20,3543.0,190.0
25543,20,4746.0,190.0
25544,20,713.0,203.0
25545,20,935.0,142.0
25546,20,35.0,123.0
25547,20,88471.0,181.0
25548,20,1238.0,181.0
25549,20,31.0,131.0
25550,20,204.0,186.0
25551,20,5.0,120.0
25552,20,186.0,122.0
25553,20,315.0,140.0
25554,20,1264.0,114.0
25555,20,336.0,208.0
25556,20,5586.0,178.0
25557,20,5082.0,182.0
25558,20,1525.0,163.0
25559,20,421.0,135.0
25560,20,1920.0,144.0
25561,20,2910.0,123.0
25562,20,6702.0,129.0
25563,20,1030.0,129.0
25564,20,105.0,155.0
25565,20,225.0,128.0
25566,20,94.0,120.0
25567,20,1787.0,190.0
25568,20,184.0,117.0
25569,20,43415.0,374.0
25570,20,167.0,195.0
25571,20,153.0,216.0
25572,20,177.0,191.0
25573,20,4364.0,178.0
25574,20,366.0,185.0
25575,20,633.0,123.0
25576,20,6054.0,122.0
25577,20,80.0,147.0
25578,20,1276.0,123.0
25579,20,7794.0,176.0
25580,20,51319.0,123.0
25581,19,3950.0,121.0
25582,19,7682.0,225.0
25583,19,106.0,205.0
25584,19,3.0,173.0
25585,19,55.0,139.0
25586,19,278.0,205.0
25587,19,1926.0,205.0
25588,19,77.0,205.0
25589,19,398.0,115.0
25590,19,589.0,204.0
25591,19,981.0,204.0
25592,19,798.0,204.0
25593,19,739.0,204.0
25594,19,299.0,205.0
25595,19,3882.0,132.0
25596,19,1121.0,125.0
25597,19,2017.0,246.0
25598,19,24187.0,87.0
25599,19,485.0,204.0
25600,19,799.0,204.0
25601,19,583.0,204.0
25602,19,461.0,204.0
25603,19,35.0,115.0
25604,19,157.0,115.0
25605,19,1039.0,204.0
25606,19,1463.0,99.0
25607,19,15.0,147.0
25608,19,701.0,204.0
25609,19,517.0,204.0
25610,19,638.0,204.0
25611,19,641.0,191.0
25612,19,163.0,125.0
25613,19,24.0,179.0
25614,19,350.0,169.0
25615,19,49.0,269.0
25616,19,917.0,104.0
25617,19,1254.0,161.0
25618,19,877.0,212.0
25619,19,1757.0,189.0
25620,19,8.0,120.0
25621,19,263.0,120.0
25622,19,440.0,120.0
25623,19,423.0,120.0
25624,19,575.0,120.0
25625,19,77.0,168.0
25626,19,28.0,182.0
25627,19,3726.0,206.0
25628,19,1498.0,146.0
25629,19,7037.0,124.0
25630,19,24068.0,192.0
25631,19,292.0,181.0
25632,19,863.0,204.0
25633,19,766.0,204.0
25634,19,668.0,204.0
25635,19,986.0,180.0
25636,19,981.0,236.0
25637,19,703.0,90.0
25638,19,882.0,181.0
25639,19,1847.0,205.0
25640,19,327.0,128.0
25641,19,8389.0,101.0
25642,19,641.0,201.0
25643,19,983.0,116.0
25644,19,6828.0,220.0
25645,19,5.0,150.0
25646,19,5540.0,140.0
25647,19,1863.0,147.0
25648,19,22.0,118.0
25649,19,31.0,123.0
25650,19,3500.0,126.0
25651,19,963.0,204.0
25652,19,5195.0,52.0
25653,19,200883.0,123.0
25654,19,2698.0,125.0
25655,19,737.0,125.0
25656,19,22657.0,387.0
25657,19,4.0,120.0
25658,19,482.0,140.0
25659,19,594.0,209.0
25660,19,266.0,116.0
25661,19,455.0,142.0
25662,19,273.0,206.0
25663,19,235.0,115.0
25664,19,473.0,213.0
25665,19,472.0,115.0
25666,19,9.0,199.0
25667,19,132.0,162.0
25668,19,5383.0,133.0
25669,19,495.0,180.0
25670,19,68760.0,182.0
25671,19,3.0,114.0
25672,19,29.0,209.0
25673,19,120.0,235.0
25674,19,584.0,173.0
25675,19,9.0,213.0
25676,19,35.0,191.0
25677,19,74.0,174.0
25678,19,1177.0,190.0
25679,19,127.0,128.0
25680,19,110.0,184.0
25681,19,224.0,174.0
25682,19,731.0,87.0
25683,19,66.0,118.0
25684,19,488.0,170.0
25685,19,1261.0,168.0
25686,19,6213.0,201.0
25687,19,1405.0,129.0
25688,19,183.0,122.0
25689,19,21353.0,122.0
25690,19,88.0,173.0
25691,19,23377.0,194.0
25692,19,1944.0,165.0
25693,19,96.0,170.0
25694,19,2179.0,105.0
25695,19,1570.0,188.0
25696,19,260.0,156.0
25697,19,7019.0,124.0
25698,19,3073.0,123.0
25699,19,2818.0,123.0
25700,19,741.0,163.0
25701,19,343.0,114.0
25702,19,39766.0,181.0
25703,19,2193.0,195.0
25704,19,116.0,186.0
25705,19,3981.0,166.0
25706,19,3658.0,165.0
25707,19,175.0,282.0
25708,19,520.0,119.0
25709,19,188.0,225.0
25710,19,4214.0,187.0
25711,19,477.0,126.0
25712,19,59962.0,285.0
25713,19,406.0,128.0
25714,19,504.0,206.0
25715,19,527.0,688.0
25716,19,1970.0,128.0
25717,19,95911.0,145.0
25718,19,621.0,190.0
25719,19,103.0,136.0
25720,19,104.0,194.0
25721,19,17281.0,143.0
25722,19,4163.0,187.0
25723,19,12213.0,128.0
25724,19,651.0,154.0
25725,19,3547.0,151.0
25726,19,6135.0,119.0
25727,19,373.0,120.0
25728,19,3260.0,113.0
25729,19,18.0,201.0
25730,19,3760.0,320.0
25731,19,19865.0,223.0
25732,19,1094.0,182.0
25733,19,688.0,151.0
25734,19,86.0,140.0
25735,19,141.0,150.0
25736,19,47.0,183.0
25737,19,1226.0,184.0
25738,19,2463.0,167.0
25739,19,417.0,205.0
25740,19,37.0,180.0
25741,19,64.0,205.0
25742,18,202.0,125.0
25743,18,338.0,199.0
25744,18,30801.0,176.0
25745,18,74.0,158.0
25746,18,882.0,176.0
25747,18,292.0,125.0
25748,18,219.0,100.0
25749,18,9579.0,165.0
25750,18,15.0,168.0
25751,18,27.0,168.0
25752,18,3296.0,130.0
25753,18,84.0,193.0
25754,18,61.0,199.0
25755,18,27.0,199.0
25756,18,141.0,213.0
25757,18,45.0,177.0
25758,18,295.0,191.0
25759,18,5374.0,138.0
25760,18,1130.0,127.0
25761,18,17222.0,392.0
25762,18,153.0,117.0
25763,18,36793.0,168.0
25764,18,4462.0,136.0
25765,18,4980.0,109.0
25766,18,12.0,127.0
25767,18,269.0,243.0
25768,18,1337.0,149.0
25769,18,124.0,122.0
25770,18,48.0,119.0
25771,18,2655.0,120.0
25772,18,1473.0,139.0
25773,18,1069.0,86.0
25774,18,362.0,123.0
25775,18,357.0,180.0
25776,18,2880.0,122.0
25777,18,1417.0,182.0
25778,18,790.0,163.0
25779,18,1997.0,177.0
25780,18,159.0,203.0
25781,18,220.0,117.0
25782,18,2825.0,158.0
25783,18,1480.0,133.0
25784,18,88635.0,218.0
25785,18,1212.0,181.0
25786,18,115.0,234.0
25787,18,459.0,140.0
25788,18,122.0,125.0
25789,18,4.0,184.0
25790,18,450.0,127.0
25791,18,71.0,126.0
25792,18,115.0,130.0
25793,18,239.0,216.0
25794,18,180.0,112.0
25795,18,5178.0,161.0
25796,18,73.0,190.0
25797,18,756.0,203.0
25798,18,54.0,226.0
25799,18,222.0,100.0
25800,18,81641.0,129.0
25801,18,560.0,122.0
25802,18,853.0,134.0
25803,18,21541.0,118.0
25804,18,1190.0,405.0
25805,18,1302.0,123.0
25806,18,288.0,305.0
25807,18,436.0,209.0
25808,18,8.0,211.0
25809,18,63.0,123.0
25810,18,8069.0,155.0
25811,18,167.0,137.0
25812,18,37.0,129.0
25813,18,15.0,124.0
25814,18,24938.0,133.0
25815,18,8276.0,101.0
25816,18,719.0,185.0
25817,18,16513.0,135.0
25818,18,2282.0,127.0
25819,18,188.0,114.0
25820,18,1034.0,127.0
25821,18,1288.0,127.0
25822,18,396.0,189.0
25823,18,7985.0,121.0
25824,18,66.0,125.0
25825,18,3886.0,125.0
25826,18,105.0,203.0
25827,18,92.0,169.0
25828,18,4637.0,122.0
25829,18,1599.0,186.0
25830,18,1186.0,127.0
25831,18,71.0,192.0
25832,18,208619.0,131.0
25833,18,941.0,155.0
25834,18,527.0,155.0
25835,18,181.0,131.0
25836,18,555.0,120.0
25837,18,84.0,120.0
25838,18,1476.0,249.0
25839,18,635.0,211.0
25840,18,645.0,211.0
25841,18,2269.0,178.0
25842,18,2254.0,158.0
25843,18,15.0,95.0
25844,18,599.0,140.0
25845,18,227.0,140.0
25846,18,70.0,197.0
25847,18,13768.0,121.0
25848,18,548.0,151.0
25849,18,337.0,122.0
25850,18,1571.0,173.0
25851,18,24.0,188.0
25852,18,109.0,85.0
25853,18,1441.0,185.0
25854,18,22.0,158.0
25855,18,569.0,118.0
25856,18,6160.0,131.0
25857,18,347.0,450.0
25858,18,1399.0,188.0
25859,18,0.0,115.0
25860,18,243.0,117.0
25861,18,354.0,124.0
25862,18,24.0,185.0
25863,18,119.0,203.0
25864,18,136.0,176.0
25865,18,1554.0,194.0
25866,18,444.0,387.0
25867,18,23.0,125.0
25868,18,328.0,129.0
25869,18,163.0,229.0
25870,18,18090.0,131.0
25871,18,79535.0,123.0
25872,18,472.0,184.0
25873,18,196.0,128.0
25874,18,1063.0,189.0
25875,18,18386.0,223.0
25876,18,3.0,150.0
25877,18,5085.0,245.0
25878,18,5.0,387.0
25879,18,74.0,126.0
25880,18,225.0,195.0
25881,18,552.0,201.0
25882,18,958.0,110.0
25883,18,93.0,181.0
25884,18,355.0,188.0
25885,18,7636.0,184.0
25886,18,602.0,132.0
25887,18,540.0,116.0
25888,18,949.0,100.0
25889,18,3331.0,325.0
25890,18,1649.0,173.0
25891,18,183.0,209.0
25892,18,1068.0,120.0
25893,18,1886.0,200.0
25894,18,105.0,121.0
25895,18,377.0,92.0
25896,18,34.0,203.0
25897,18,888.0,190.0
25898,18,945.0,184.0
25899,18,204.0,185.0
25900,18,1202.0,180.0
25901,18,99.0,122.0
25902,18,425.0,117.0
25903,18,135.0,117.0
25904,18,332.0,117.0
25905,18,11.0,117.0
25906,18,1301.0,210.0
25907,18,962.0,116.0
25908,18,3621.0,125.0
25909,18,113.0,165.0
25910,18,14.0,147.0
25911,18,147.0,115.0
25912,18,188.0,129.0
25913,18,423.0,217.0
25914,18,35244.0,115.0
25915,18,1156.0,211.0
25916,18,6722.0,125.0
25917,18,755.0,153.0
25918,18,3373.0,153.0
25919,18,62.0,131.0
25920,18,260.0,189.0
25921,18,226.0,185.0
25922,18,1221.0,189.0
25923,18,23433.0,189.0
25924,18,20.0,199.0
25925,18,16841.0,183.0
25926,18,371.0,210.0
25927,18,16934.0,210.0
25928,18,3241.0,162.0
25929,18,15.0,168.0
25930,18,688.0,204.0
25931,18,1588.0,209.0
25932,18,275841.0,212.0
25933,18,92548.0,112.0
25934,18,96.0,168.0
25935,18,590.0,130.0
25936,18,711.0,137.0
25937,17,12559.0,147.0
25938,17,2874.0,123.0
25939,17,660.0,200.0
25940,17,18.0,201.0
25941,17,216.0,121.0
25942,17,45.0,139.0
25943,17,1976.0,145.0
25944,17,70.0,125.0
25945,17,1166.0,170.0
25946,17,149.0,193.0
25947,17,5848.0,115.0
25948,17,1449.0,189.0
25949,17,489.0,122.0
25950,17,360.0,190.0
25951,17,68.0,182.0
25952,17,19.0,182.0
25953,17,1837.0,108.0
25954,17,2888.0,201.0
25955,17,4599.0,140.0
25956,17,726.0,140.0
25957,17,34.0,128.0
25958,17,342.0,194.0
25959,17,192.0,195.0
25960,17,183.0,195.0
25961,17,377.0,227.0
25962,17,1145.0,204.0
25963,17,1371.0,135.0
25964,17,294.0,127.0
25965,17,29460.0,147.0
25966,17,43.0,152.0
25967,17,156450.0,120.0
25968,17,1042.0,181.0
25969,17,1731.0,120.0
25970,17,1315.0,120.0
25971,17,1032.0,131.0
25972,17,423.0,122.0
25973,17,57531.0,464.0
25974,17,192.0,90.0
25975,17,97.0,91.0
25976,17,585.0,122.0
25977,17,748.0,169.0
25978,17,2871.0,127.0
25979,17,373.0,194.0
25980,17,20.0,207.0
25981,17,1165.0,207.0
25982,17,55493.0,139.0
25983,17,8153.0,138.0
25984,17,1082.0,391.0
25985,17,449.0,240.0
25986,17,2789.0,115.0
25987,17,5170.0,187.0
25988,17,74.0,206.0
25989,17,1423.0,115.0
25990,17,146002.0,225.0
25991,17,80944.0,225.0
25992,17,2770.0,143.0
25993,17,13867.0,327.0
25994,17,1324.0,163.0
25995,17,1257.0,174.0
25996,17,3634.0,181.0
25997,17,72.0,197.0
25998,17,45.0,150.0
25999,17,5879.0,147.0
26000,17,91.0,157.0
26001,17,122.0,159.0
26002,17,956.0,191.0
26003,17,227.0,135.0
26004,17,1063.0,122.0
26005,17,19987.0,282.0
26006,17,51238.0,128.0
26007,17,382.0,127.0
26008,17,2961.0,164.0
26009,17,136.0,182.0
26010,17,114776.0,247.0
26011,17,303.0,123.0
26012,17,292.0,191.0
26013,17,10314.0,187.0
26014,17,235.0,182.0
26015,17,1062.0,116.0
26016,17,438.0,182.0
26017,17,2729.0,120.0
26018,17,926.0,181.0
26019,17,811.0,122.0
26020,17,878.0,122.0
26021,17,1635.0,120.0
26022,17,7385.0,120.0
26023,17,19109.0,179.0
26024,17,187.0,227.0
26025,17,43.0,180.0
26026,17,138.0,114.0
26027,17,164.0,215.0
26028,17,2595.0,177.0
26029,17,107.0,213.0
26030,17,3452.0,225.0
26031,17,2884.0,121.0
26032,17,18.0,187.0
26033,17,1642.0,187.0
26034,17,350.0,187.0
26035,17,822.0,189.0
26036,17,2345.0,175.0
26037,17,579.0,204.0
26038,17,644.0,134.0
26039,17,358.0,121.0
26040,17,8226.0,204.0
26041,17,11095.0,204.0
26042,17,157.0,245.0
26043,17,160.0,116.0
26044,17,3117.0,298.0
26045,17,32954.0,120.0
26046,17,542.0,203.0
26047,17,1156.0,129.0
26048,17,105.0,136.0
26049,17,1581.0,120.0
26050,17,1660.0,120.0
26051,17,196.0,188.0
26052,17,8.0,181.0
26053,17,3107.0,254.0
26054,17,908.0,103.0
26055,17,651.0,103.0
26056,17,332.0,124.0
26057,17,8012.0,130.0
26058,17,634.0,190.0
26059,17,1572.0,123.0
26060,17,73.0,170.0
26061,17,5.0,113.0
26062,17,2424.0,184.0
26063,17,971.0,188.0
26064,17,195.0,142.0
26065,17,354.0,198.0
26066,17,867.0,112.0
26067,17,759.0,113.0
26068,17,10676.0,121.0
26069,17,382.0,130.0
26070,17,1282.0,178.0
26071,17,438.0,161.0
26072,17,25.0,100.0
26073,17,2003.0,145.0
26074,17,1795.0,87.0
26075,17,8078.0,306.0
26076,17,16.0,107.0
26077,17,184.0,175.0
26078,17,82920.0,239.0
26079,17,675.0,203.0
26080,17,240.0,126.0
26081,17,2447.0,133.0
26082,17,143.0,101.0
26083,17,20.0,236.0
26084,17,2128.0,132.0
26085,17,1313.0,191.0
26086,17,55.0,158.0
26087,17,52.0,176.0
26088,17,104.0,176.0
26089,17,792.0,181.0
26090,17,272187.0,187.0
26091,17,107.0,180.0
26092,17,4942.0,125.0
26093,17,1499.0,220.0
26094,17,1739.0,180.0
26095,17,47.0,145.0
26096,17,30.0,145.0
26097,17,172.0,168.0
26098,17,184.0,111.0
26099,17,2738.0,160.0
26100,17,41123.0,130.0
26101,17,127.0,195.0
26102,17,16.0,204.0
26103,17,2061.0,225.0
26104,17,85.0,349.0
26105,17,15235.0,121.0
26106,17,609.0,195.0
26107,17,344.0,109.0
26108,17,189.0,113.0
26109,17,66.0,227.0
26110,17,2356.0,222.0
26111,17,4248.0,193.0
26112,17,654.0,121.0
26113,17,1806.0,189.0
26114,17,154.0,120.0
26115,17,19248.0,317.0
26116,17,268.0,188.0
26117,17,86.0,215.0
26118,17,12045.0,142.0
26119,17,1026.0,139.0
26120,17,540.0,195.0
26121,17,860.0,110.0
26122,17,570.0,124.0
26123,17,43.0,119.0
26124,17,32.0,127.0
26125,17,179047.0,176.0
26126,17,42272.0,104.0
26127,17,76.0,184.0
26128,17,28110.0,203.0
26129,17,1499.0,203.0
26130,17,3897.0,155.0
26131,17,94.0,349.0
26132,16,224.0,123.0
26133,16,4771.0,203.0
26134,16,179.0,180.0
26135,16,3054.0,186.0
26136,16,3400.0,186.0
26137,16,1537.0,186.0
26138,16,621.0,213.0
26139,16,929.0,120.0
26140,16,109.0,153.0
26141,16,11117.0,142.0
26142,16,62.0,139.0
26143,16,6206.0,203.0
26144,16,8231.0,203.0
26145,16,16777.0,196.0
26146,16,110.0,122.0
26147,16,28056.0,166.0
26148,16,373.0,133.0
26149,16,158.0,139.0
26150,16,2432.0,139.0
26151,16,512.0,138.0
26152,16,119.0,121.0
26153,16,1973.0,96.0
26154,16,5755.0,96.0
26155,16,133.0,130.0
26156,16,284.0,113.0
26157,16,97.0,201.0
26158,16,90.0,194.0
26159,16,497.0,120.0
26160,16,39442.0,185.0
26161,16,33720.0,185.0
26162,16,31685.0,185.0
26163,16,3488.0,127.0
26164,16,5924.0,203.0
26165,16,901.0,189.0
26166,16,1076.0,193.0
26167,16,974.0,130.0
26168,16,10166.0,183.0
26169,16,1014.0,196.0
26170,16,415.0,145.0
26171,16,346.0,170.0
26172,16,1275.0,193.0
26173,16,331.0,193.0
26174,16,74.0,184.0
26175,16,11.0,176.0
26176,16,14938.0,220.0
26177,16,713.0,183.0
26178,16,261.0,184.0
26179,16,9.0,125.0
26180,16,1238.0,158.0
26181,16,566.0,173.0
26182,16,1390.0,111.0
26183,16,4044.0,178.0
26184,16,349.0,114.0
26185,16,9055.0,209.0
26186,16,8631.0,153.0
26187,16,100485.0,122.0
26188,16,3208.0,123.0
26189,16,488.0,214.0
26190,16,6232.0,180.0
26191,16,31484.0,209.0
26192,16,5727.0,163.0
26193,16,390.0,235.0
26194,16,11297.0,203.0
26195,16,15158.0,203.0
26196,16,8.0,119.0
26197,16,119.0,119.0
26198,16,3974.0,130.0
26199,16,1782.0,198.0
26200,16,477.0,124.0
26201,16,3621.0,191.0
26202,16,37.0,207.0
26203,16,520.0,180.0
26204,16,1060.0,180.0
26205,16,410.0,112.0
26206,16,1737.0,118.0
26207,16,642.0,189.0
26208,16,122.0,203.0
26209,16,128.0,203.0
26210,16,28219.0,203.0
26211,16,13986.0,203.0
26212,16,198.0,176.0
26213,16,84.0,193.0
26214,16,7947.0,128.0
26215,16,303.0,96.0
26216,16,11292.0,118.0
26217,16,1138.0,133.0
26218,16,230.0,204.0
26219,16,291.0,204.0
26220,16,5265.0,203.0
26221,16,982.0,203.0
26222,16,7885.0,189.0
26223,16,188.0,132.0
26224,16,101.0,203.0
26225,16,3042.0,216.0
26226,16,1208.0,182.0
26227,16,705.0,183.0
26228,16,2053.0,198.0
26229,16,1850.0,198.0
26230,16,1814.0,198.0
26231,16,238.0,185.0
26232,16,487.0,189.0
26233,16,502.0,182.0
26234,16,27803.0,141.0
26235,16,76.0,119.0
26236,16,159.0,119.0
26237,16,10262.0,203.0
26238,16,14295.0,203.0
26239,16,13855.0,203.0
26240,16,17945.0,203.0
26241,16,17843.0,203.0
26242,16,539.0,137.0
26243,16,470.0,122.0
26244,16,12.0,102.0
26245,16,7944.0,204.0
26246,16,4612.0,118.0
26247,16,397.0,202.0
26248,16,3451.0,201.0
26249,16,65.0,174.0
26250,16,1714.0,191.0
26251,16,3983.0,203.0
26252,16,248.0,203.0
26253,16,50.0,130.0
26254,16,12613.0,203.0
26255,16,162.0,196.0
26256,16,171.0,181.0
26257,16,3.0,123.0
26258,16,602.0,127.0
26259,16,177.0,156.0
26260,16,198650.0,304.0
26261,16,44.0,122.0
26262,16,10.0,213.0
26263,16,173.0,123.0
26264,16,177.0,213.0
26265,16,2.0,116.0
26266,16,201.0,387.0
26267,16,16550.0,96.0
26268,16,58.0,192.0
26269,16,5880.0,145.0
26270,16,180.0,145.0
26271,16,572.0,283.0
26272,16,234.0,128.0
26273,16,5706.0,203.0
26274,16,1299.0,203.0
26275,16,1030.0,203.0
26276,16,79006.0,133.0
26277,16,335.0,152.0
26278,16,351.0,239.0
26279,16,2004.0,221.0
26280,16,3686.0,225.0
26281,16,1315.0,178.0
26282,16,1210.0,181.0
26283,16,275.0,139.0
26284,16,135.0,162.0
26285,16,5055.0,327.0
26286,16,51.0,127.0
26287,16,44.0,206.0
26288,16,588.0,199.0
26289,16,1173.0,307.0
26290,16,16537.0,203.0
26291,16,14823.0,203.0
26292,16,3715.0,203.0
26293,16,144.0,93.0
26294,16,314.0,305.0
26295,16,252.0,180.0
26296,16,140.0,180.0
26297,16,756.0,122.0
26298,16,14003.0,172.0
26299,16,2352.0,172.0
26300,16,3072.0,221.0
26301,16,14.0,182.0
26302,16,2065.0,187.0
26303,16,25.0,211.0
26304,16,119.0,177.0
26305,16,513.0,213.0
26306,16,1813.0,189.0
26307,16,14581.0,165.0
26308,16,7306.0,107.0
26309,16,1673.0,140.0
26310,16,253.0,161.0
26311,16,6.0,233.0
26312,16,32726.0,197.0
26313,16,579.0,113.0
26314,16,18.0,180.0
26315,16,554.0,152.0
26316,16,7718.0,116.0
26317,16,62190.0,194.0
26318,16,49.0,254.0
26319,16,9291.0,260.0
26320,16,3384.0,123.0
26321,16,15689.0,203.0
26322,16,5586.0,203.0
26323,16,29.0,187.0
26324,16,1137.0,176.0
26325,16,195.0,181.0
26326,16,134.0,126.0
26327,16,601.0,213.0
26328,16,2813.0,94.0
26329,16,180.0,124.0
26330,16,24850.0,210.0
26331,16,13672.0,203.0
26332,16,11377.0,203.0
26333,16,319.0,152.0
26334,16,243.0,136.0
26335,16,430.0,174.0
26336,16,2705.0,151.0
26337,16,3160.0,199.0
26338,16,619.0,179.0
26339,16,145.0,509.0
26340,16,2521.0,225.0
26341,16,17964.0,202.0
26342,16,1318.0,143.0
26343,16,26.0,161.0
26344,16,15288.0,161.0
26345,16,667.0,161.0
26346,16,15714.0,161.0
26347,16,132.0,161.0
26348,16,20907.0,161.0
26349,16,735.0,207.0
26350,16,732.0,113.0
26351,16,1702.0,203.0
26352,16,6921.0,203.0
26353,16,8831.0,203.0
26354,16,82185.0,203.0
26355,16,453.0,140.0
26356,16,8835.0,203.0
26357,16,8411.0,203.0
26358,16,10056.0,203.0
26359,16,136.0,139.0
26360,16,3358.0,225.0
26361,16,1038.0,188.0
26362,16,71.0,139.0
26363,16,6192.0,203.0
26364,16,13163.0,203.0
26365,16,584.0,179.0
26366,16,47891.0,192.0
26367,16,3028.0,138.0
26368,16,1882.0,120.0
26369,16,446.0,94.0
26370,16,258.0,120.0
26371,16,5816.0,155.0
26372,16,2803.0,142.0
26373,16,7205.0,142.0
26374,16,12.0,193.0
26375,16,9566.0,142.0
26376,16,470.0,133.0
26377,16,1230.0,187.0
26378,16,208.0,123.0
26379,16,8929.0,203.0
26380,16,10028.0,203.0
26381,16,7008.0,203.0
26382,16,4341.0,203.0
26383,16,12306.0,203.0
26384,16,11717.0,203.0
26385,16,1579.0,130.0
26386,16,198.0,197.0
26387,16,32.0,139.0
26388,16,215.0,121.0
26389,16,271.0,181.0
26390,16,112.0,181.0
26391,16,110.0,245.0
26392,16,6263.0,334.0
26393,16,60.0,181.0
26394,16,8.0,176.0
26395,16,7115.0,128.0
26396,16,683.0,126.0
26397,16,32009.0,270.0
26398,16,2056.0,347.0
26399,16,11894.0,203.0
26400,16,12607.0,203.0
26401,16,1059.0,462.0
26402,16,105.0,139.0
26403,16,3356.0,216.0
26404,16,963.0,136.0
26405,16,46465.0,176.0
26406,16,62.0,139.0
26407,15,1180.0,188.0
26408,15,68.0,196.0
26409,15,4270.0,151.0
26410,15,19.0,194.0
26411,15,20063.0,121.0
26412,15,121.0,283.0
26413,15,365.0,181.0
26414,15,22583.0,203.0
26415,15,302.0,164.0
26416,15,51.0,124.0
26417,15,14.0,195.0
26418,15,131.0,122.0
26419,15,34.0,138.0
26420,15,92.0,162.0
26421,15,158.0,190.0
26422,15,2375.0,123.0
26423,15,1635.0,172.0
26424,15,6662.0,194.0
26425,15,9239.0,341.0
26426,15,124.0,197.0
26427,15,1254.0,189.0
26428,15,161.0,189.0
26429,15,195.0,104.0
26430,15,50.0,122.0
26431,15,2892.0,112.0
26432,15,675.0,198.0
26433,15,249.0,180.0
26434,15,2226.0,223.0
26435,15,580.0,116.0
26436,15,1598.0,163.0
26437,15,530.0,195.0
26438,15,109.0,199.0
26439,15,772.0,192.0
26440,15,1031.0,192.0
26441,15,1728.0,104.0
26442,15,3905.0,132.0
26443,15,505.0,187.0
26444,15,309.0,126.0
26445,15,52.0,203.0
26446,15,586.0,170.0
26447,15,918.0,126.0
26448,15,2808.0,352.0
26449,15,766.0,205.0
26450,15,6.0,121.0
26451,15,390.0,203.0
26452,15,204270.0,203.0
26453,15,37.0,194.0
26454,15,1859.0,246.0
26455,15,167.0,174.0
26456,15,5401.0,107.0
26457,15,1267.0,107.0
26458,15,31094.0,152.0
26459,15,49.0,124.0
26460,15,277.0,242.0
26461,15,9705.0,105.0
26462,15,5879.0,136.0
26463,15,1823.0,202.0
26464,15,479.0,116.0
26465,15,111.0,92.0
26466,15,4638.0,185.0
26467,15,11597.0,176.0
26468,15,983.0,132.0
26469,15,13740.0,231.0
26470,15,12713.0,231.0
26471,15,440.0,177.0
26472,15,23.0,152.0
26473,15,1675.0,128.0
26474,15,93.0,190.0
26475,15,430.0,115.0
26476,15,352.0,188.0
26477,15,157794.0,115.0
26478,15,2502.0,189.0
26479,15,7.0,118.0
26480,15,1831.0,100.0
26481,15,39.0,188.0
26482,15,1022.0,188.0
26483,15,119.0,185.0
26484,15,1055.0,116.0
26485,15,125021.0,194.0
26486,15,15642.0,182.0
26487,15,2585.0,184.0
26488,15,717.0,197.0
26489,15,445.0,203.0
26490,15,3506.0,159.0
26491,15,1976.0,167.0
26492,15,27.0,137.0
26493,15,22383.0,128.0
26494,15,2.0,114.0
26495,15,1942.0,116.0
26496,15,4908.0,146.0
26497,15,348.0,202.0
26498,15,110.0,119.0
26499,15,39.0,139.0
26500,15,6432.0,291.0
26501,15,185.0,125.0
26502,15,767.0,172.0
26503,15,2668.0,200.0
26504,15,111.0,189.0
26505,15,133.0,189.0
26506,15,586.0,153.0
26507,15,1691.0,175.0
26508,15,24191.0,197.0
26509,15,2150.0,197.0
26510,15,923.0,116.0
26511,15,609.0,175.0
26512,15,1322.0,200.0
26513,15,5546.0,122.0
26514,15,954.0,125.0
26515,15,258.0,107.0
26516,15,440.0,97.0
26517,15,217.0,387.0
26518,15,288.0,128.0
26519,15,7050.0,125.0
26520,15,134.0,179.0
26521,15,60.0,236.0
26522,15,10398.0,122.0
26523,15,377.0,155.0
26524,15,91.0,158.0
26525,15,857.0,241.0
26526,15,54693.0,207.0
26527,15,29857.0,207.0
26528,15,2.0,127.0
26529,15,40.0,137.0
26530,15,170.0,139.0
26531,15,158.0,128.0
26532,15,387.0,100.0
26533,15,2837.0,215.0
26534,15,78.0,118.0
26535,15,45.0,201.0
26536,15,1559.0,154.0
26537,15,1888.0,154.0
26538,15,195.0,121.0
26539,15,84.0,121.0
26540,15,73.0,121.0
26541,15,1567.0,121.0
26542,15,9725.0,189.0
26543,15,43.0,158.0
26544,15,9701.0,202.0
26545,15,1648.0,197.0
26546,15,673.0,197.0
26547,15,19.0,122.0
26548,15,2590.0,123.0
26549,15,89109.0,130.0
26550,15,120395.0,176.0
26551,15,1140.0,203.0
26552,15,3169.0,190.0
26553,15,1509.0,139.0
26554,15,394.0,139.0
26555,15,1165.0,133.0
26556,15,442.0,185.0
26557,15,36.0,100.0
26558,15,338.0,135.0
26559,15,18605.0,198.0
26560,15,7771.0,270.0
26561,15,155.0,110.0
26562,15,1124.0,116.0
26563,15,279.0,196.0
26564,15,45.0,118.0
26565,15,2091.0,167.0
26566,15,4419.0,182.0
26567,15,821.0,184.0
26568,15,37.0,131.0
26569,15,57.0,118.0
26570,15,233.0,187.0
26571,15,31368.0,136.0
26572,15,1277.0,176.0
26573,15,46.0,194.0
26574,15,127.0,110.0
26575,15,696.0,110.0
26576,15,2139.0,128.0
26577,15,371.0,195.0
26578,15,315.0,132.0
26579,15,1057.0,128.0
26580,15,13480.0,162.0
26581,15,881.0,115.0
26582,15,747.0,131.0
26583,15,1090.0,142.0
26584,15,580.0,118.0
26585,15,357.0,182.0
26586,15,50.0,118.0
26587,15,85.0,160.0
26588,15,42884.0,107.0
26589,15,574.0,113.0
26590,15,22456.0,120.0
26591,15,1945.0,132.0
26592,15,81.0,153.0
26593,15,2124.0,225.0
26594,15,117.0,177.0
26595,15,815.0,124.0
26596,15,229.0,155.0
26597,15,203.0,155.0
26598,15,2218.0,178.0
26599,15,79.0,306.0
26600,15,22.0,191.0
26601,15,461.0,145.0
26602,15,959.0,105.0
26603,15,810.0,160.0
26604,15,561.0,151.0
26605,15,146.0,191.0
26606,15,1065.0,151.0
26607,15,144.0,151.0
26608,15,443.0,122.0
26609,15,1012.0,122.0
26610,15,628.0,196.0
26611,15,4386.0,193.0
26612,15,2079.0,184.0
26613,15,2928.0,185.0
26614,15,742.0,185.0
26615,15,3602.0,185.0
26616,15,788.0,164.0
26617,15,1026.0,136.0
26618,14,8044.0,117.0
26619,14,756.0,125.0
26620,14,1197.0,125.0
26621,14,3231.0,176.0
26622,14,82.0,188.0
26623,14,165.0,193.0
26624,14,1075.0,193.0
26625,14,20.0,193.0
26626,14,566.0,179.0
26627,14,212.0,194.0
26628,14,1461.0,175.0
26629,14,12212.0,150.0
26630,14,1536.0,122.0
26631,14,1621.0,86.0
26632,14,2301.0,160.0
26633,14,2046.0,160.0
26634,14,39.0,179.0
26635,14,2307.0,172.0
26636,14,1930.0,196.0
26637,14,318.0,134.0
26638,14,118.0,149.0
26639,14,998.0,184.0
26640,14,226.0,155.0
26641,14,614.0,182.0
26642,14,173.0,176.0
26643,14,206.0,121.0
26644,14,42853.0,146.0
26645,14,575.0,185.0
26646,14,5585.0,131.0
26647,14,778.0,188.0
26648,14,9.0,120.0
26649,14,18.0,132.0
26650,14,29.0,196.0
26651,14,552.0,516.0
26652,14,2022.0,147.0
26653,14,41366.0,155.0
26654,14,274.0,183.0
26655,14,2429.0,123.0
26656,14,1858.0,182.0
26657,14,1175.0,191.0
26658,14,154.0,125.0
26659,14,100.0,185.0
26660,14,3612.0,149.0
26661,14,40533.0,213.0
26662,14,1681.0,172.0
26663,14,51262.0,285.0
26664,14,59633.0,285.0
26665,14,1280.0,120.0
26666,14,264.0,120.0
26667,14,93.0,121.0
26668,14,4940.0,145.0
26669,14,9.0,129.0
26670,14,3937.0,177.0
26671,14,41413.0,340.0
26672,14,197.0,182.0
26673,14,5.0,189.0
26674,14,189.0,165.0
26675,14,63.0,100.0
26676,14,543.0,127.0
26677,14,41.0,158.0
26678,14,58208.0,181.0
26679,14,706.0,195.0
26680,14,1167.0,142.0
26681,14,1442.0,147.0
26682,14,2247.0,188.0
26683,14,1767.0,182.0
26684,14,1132.0,319.0
26685,14,1181.0,319.0
26686,14,8573.0,143.0
26687,14,36008.0,213.0
26688,14,3256.0,189.0
26689,14,56519.0,183.0
26690,14,27.0,222.0
26691,14,468.0,195.0
26692,14,11189.0,120.0
26693,14,23128.0,142.0
26694,14,117.0,177.0
26695,14,1915.0,165.0
26696,14,2216.0,235.0
26697,14,362.0,124.0
26698,14,220.0,197.0
26699,14,974.0,132.0
26700,14,1155.0,177.0
26701,14,204394.0,583.0
26702,14,73.0,121.0
26703,14,1615.0,122.0
26704,14,12.0,387.0
26705,14,371.0,120.0
26706,14,710.0,197.0
26707,14,1152.0,131.0
26708,14,22963.0,260.0
26709,14,533.0,181.0
26710,14,5500.0,97.0
26711,14,27120.0,127.0
26712,14,2601.0,162.0
26713,14,7465.0,124.0
26714,14,327.0,158.0
26715,14,2394.0,182.0
26716,14,5075.0,117.0
26717,14,12083.0,125.0
26718,14,40512.0,130.0
26719,14,497.0,116.0
26720,14,778.0,202.0
26721,14,36591.0,125.0
26722,14,1383.0,137.0
26723,14,733.0,173.0
26724,14,1087.0,120.0
26725,14,1611.0,194.0
26726,14,141.0,159.0
26727,14,29966.0,105.0
26728,14,2993.0,132.0
26729,14,677.0,189.0
26730,14,1317.0,189.0
26731,14,7.0,179.0
26732,14,331.0,153.0
26733,14,597.0,130.0
26734,14,6499.0,221.0
26735,14,33569.0,460.0
26736,14,857.0,167.0
26737,14,625.0,195.0
26738,14,288.0,195.0
26739,14,788.0,189.0
26740,14,6968.0,183.0
26741,14,407.0,189.0
26742,14,197.0,189.0
26743,14,844.0,187.0
26744,14,2351.0,113.0
26745,14,5271.0,225.0
26746,14,14851.0,225.0
26747,14,2024.0,225.0
26748,14,439.0,225.0
26749,14,1584.0,133.0
26750,14,8423.0,213.0
26751,14,2949.0,142.0
26752,14,1095.0,142.0
26753,14,1219.0,201.0
26754,14,685.0,209.0
26755,14,16.0,126.0
26756,14,4123.0,316.0
26757,14,18234.0,242.0
26758,14,146.0,161.0
26759,14,4906.0,193.0
26760,14,645.0,185.0
26761,14,0.0,114.0
26762,14,617.0,122.0
26763,14,21.0,187.0
26764,14,1430.0,241.0
26765,14,150.0,195.0
26766,14,225.0,203.0
26767,14,5209.0,178.0
26768,14,212818.0,224.0
26769,14,5539.0,194.0
26770,14,4445.0,184.0
26771,14,187.0,132.0
26772,14,5625.0,174.0
26773,14,284.0,172.0
26774,14,2761.0,184.0
26775,14,833.0,189.0
26776,14,183.0,196.0
26777,14,231.0,187.0
26778,14,1274.0,170.0
26779,14,2665.0,157.0
26780,14,1058.0,174.0
26781,14,4328.0,184.0
26782,14,18541.0,171.0
26783,14,302.0,184.0
26784,14,1316.0,191.0
26785,14,3675.0,184.0
26786,14,31712.0,112.0
26787,14,8426.0,156.0
26788,14,205.0,194.0
26789,14,759.0,195.0
26790,14,27294.0,240.0
26791,14,60.0,245.0
26792,14,320.0,305.0
26793,14,222.0,305.0
26794,14,582.0,225.0
26795,14,555.0,132.0
26796,14,194.0,132.0
26797,14,8256.0,196.0
26798,14,1077.0,92.0
26799,14,289.0,210.0
26800,14,7060.0,118.0
26801,14,14605.0,222.0
26802,14,733.0,229.0
26803,14,180.0,194.0
26804,14,785.0,206.0
26805,14,203.0,139.0
26806,14,70.0,134.0
26807,14,13815.0,127.0
26808,14,5821.0,118.0
26809,14,74.0,118.0
26810,14,165.0,192.0
26811,14,1165.0,197.0
26812,14,3538.0,143.0
26813,14,44.0,278.0
26814,14,2352.0,225.0
26815,14,188.0,113.0
26816,14,717.0,175.0
26817,14,27.0,179.0
26818,14,5846.0,109.0
26819,14,5869.0,109.0
26820,14,5271.0,109.0
26821,14,454.0,193.0
26822,14,1003.0,116.0
26823,14,488.0,128.0
26824,14,174.0,124.0
26825,14,2267.0,129.0
26826,14,49.0,183.0
26827,14,4469.0,163.0
26828,14,436.0,117.0
26829,14,519.0,143.0
26830,14,265.0,183.0
26831,14,222.0,136.0
26832,14,21574.0,165.0
26833,14,83459.0,132.0
26834,14,289.0,90.0
26835,14,831.0,145.0
26836,14,475.0,222.0
26837,14,42082.0,254.0
26838,14,513.0,93.0
26839,14,80.0,180.0
26840,14,15032.0,135.0
26841,14,228.0,337.0
26842,14,13.0,185.0
26843,14,1503.0,187.0
26844,14,152.0,187.0
26845,14,40.0,181.0
26846,14,3111.0,143.0
26847,14,1210.0,143.0
26848,14,3173.0,162.0
26849,14,6248.0,115.0
26850,14,451.0,176.0
26851,14,171.0,126.0
26852,14,2842.0,121.0
26853,14,19.0,138.0
26854,14,35.0,191.0
26855,14,542.0,149.0
26856,14,3913.0,116.0
26857,14,125.0,203.0
26858,14,179.0,131.0
26859,14,635.0,149.0
26860,14,1997.0,178.0
26861,13,6856.0,170.0
26862,13,925.0,151.0
26863,13,1259.0,118.0
26864,13,6367.0,125.0
26865,13,894.0,173.0
26866,13,280.0,149.0
26867,13,8632.0,115.0
26868,13,165.0,131.0
26869,13,431.0,131.0
26870,13,120.0,181.0
26871,13,40.0,213.0
26872,13,187.0,185.0
26873,13,102.0,337.0
26874,13,1477.0,143.0
26875,13,447.0,143.0
26876,13,113.0,206.0
26877,13,600043.0,150.0
26878,13,300.0,192.0
26879,13,91.0,158.0
26880,13,41314.0,188.0
26881,13,41060.0,925.0
26882,13,1380.0,152.0
26883,13,40206.0,107.0
26884,13,754.0,203.0
26885,13,854.0,203.0
26886,13,165.0,124.0
26887,13,287.0,121.0
26888,13,407.0,121.0
26889,13,61.0,140.0
26890,13,2819.0,121.0
26891,13,421.0,193.0
26892,13,6576.0,189.0
26893,13,8.0,140.0
26894,13,6087.0,153.0
26895,13,4781.0,120.0
26896,13,331.0,112.0
26897,13,671.0,170.0
26898,13,1376.0,185.0
26899,13,1033.0,191.0
26900,13,147.0,177.0
26901,13,29447.0,241.0
26902,13,307.0,387.0
26903,13,214.0,387.0
26904,13,1066.0,116.0
26905,13,34.0,116.0
26906,13,2137.0,189.0
26907,13,371.0,188.0
26908,13,19033.0,127.0
26909,13,10404.0,197.0
26910,13,64.0,124.0
26911,13,294767.0,159.0
26912,13,502.0,171.0
26913,13,2639.0,124.0
26914,13,78.0,193.0
26915,13,176.0,128.0
26916,13,1336.0,120.0
26917,13,128.0,181.0
26918,13,2968.0,113.0
26919,13,30835.0,142.0
26920,13,2910.0,154.0
26921,13,96752.0,182.0
26922,13,40400.0,151.0
26923,13,785.0,387.0
26924,13,506.0,94.0
26925,13,163.0,94.0
26926,13,414.0,122.0
26927,13,39861.0,293.0
26928,13,3654.0,130.0
26929,13,176.0,193.0
26930,13,11176.0,139.0
26931,13,2807.0,120.0
26932,13,117.0,120.0
26933,13,30658.0,260.0
26934,13,1989.0,169.0
26935,13,15218.0,215.0
26936,13,850.0,201.0
26937,13,177.0,185.0
26938,13,382.0,185.0
26939,13,2903.0,154.0
26940,13,3529.0,199.0
26941,13,177.0,192.0
26942,13,7589.0,158.0
26943,13,274.0,132.0
26944,13,760.0,124.0
26945,13,262.0,105.0
26946,13,1395.0,219.0
26947,13,881.0,219.0
26948,13,1750.0,219.0
26949,13,868.0,219.0
26950,13,1181.0,219.0
26951,13,781.0,219.0
26952,13,584.0,119.0
26953,13,46.0,192.0
26954,13,33.0,178.0
26955,13,3103.0,206.0
26956,13,1278.0,127.0
26957,13,169.0,218.0
26958,13,1356.0,219.0
26959,13,1285.0,219.0
26960,13,1819.0,219.0
26961,13,5327.0,89.0
26962,13,889.0,169.0
26963,13,453.0,238.0
26964,13,2097.0,238.0
26965,13,300671.0,160.0
26966,13,2568.0,170.0
26967,13,153.0,158.0
26968,13,44.0,118.0
26969,13,659.0,122.0
26970,13,165.0,122.0
26971,13,35.0,122.0
26972,13,34.0,189.0
26973,13,436511.0,225.0
26974,13,93017.0,212.0
26975,13,6713.0,119.0
26976,13,99.0,195.0
26977,13,7215.0,203.0
26978,13,1441.0,168.0
26979,13,354.0,195.0
26980,13,12.0,199.0
26981,13,3684.0,190.0
26982,13,3798.0,461.0
26983,13,833.0,193.0
26984,13,667.0,245.0
26985,13,5640.0,203.0
26986,13,805.0,122.0
26987,13,124.0,100.0
26988,13,33496.0,194.0
26989,13,171.0,228.0
26990,13,1028.0,245.0
26991,13,1596.0,123.0
26992,13,64.0,186.0
26993,13,160.0,87.0
26994,13,59.0,87.0
26995,13,32.0,181.0
26996,13,323.0,175.0
26997,13,3575.0,190.0
26998,13,16119.0,104.0
26999,13,88.0,216.0
27000,13,1733.0,96.0
27001,13,314.0,202.0
27002,13,39.0,158.0
27003,13,146.0,177.0
27004,13,179.0,103.0
27005,13,708.0,110.0
27006,13,208.0,179.0
27007,13,5933.0,159.0
27008,13,1878.0,123.0
27009,13,194.0,226.0
27010,13,558.0,211.0
27011,13,28.0,199.0
27012,13,717.0,224.0
27013,13,87568.0,115.0
27014,13,10707.0,110.0
27015,13,34617.0,201.0
27016,13,4570.0,158.0
27017,13,54769.0,121.0
27018,13,1229.0,99.0
27019,13,2664.0,201.0
27020,13,103.0,177.0
27021,13,22.0,131.0
27022,13,28.0,139.0
27023,13,380.0,119.0
27024,13,142.0,100.0
27025,13,458.0,155.0
27026,13,2259.0,186.0
27027,13,32.0,178.0
27028,13,22313.0,210.0
27029,13,222.0,162.0
27030,13,2830.0,184.0
27031,13,47.0,158.0
27032,13,6548.0,183.0
27033,13,6328.0,181.0
27034,13,28.0,191.0
27035,13,3057.0,153.0
27036,13,849.0,149.0
27037,13,521.0,128.0
27038,13,63800.0,216.0
27039,13,1325.0,121.0
27040,13,171.0,203.0
27041,13,473.0,203.0
27042,13,22887.0,122.0
27043,13,1156.0,119.0
27044,13,1360.0,180.0
27045,13,192.0,122.0
27046,13,507.0,122.0
27047,13,58539.0,124.0
27048,13,90.0,156.0
27049,13,1076.0,195.0
27050,13,12.0,168.0
27051,13,2.0,106.0
27052,13,304.0,110.0
27053,13,4839.0,122.0
27054,13,49095.0,129.0
27055,13,70113.0,128.0
27056,13,15574.0,130.0
27057,13,1911.0,229.0
27058,13,470.0,195.0
27059,13,119345.0,173.0
27060,13,48646.0,132.0
27061,13,8384.0,119.0
27062,13,1269.0,115.0
27063,13,123599.0,187.0
27064,13,1188.0,180.0
27065,13,1040.0,141.0
27066,13,384.0,223.0
27067,13,251.0,333.0
27068,13,412.0,115.0
27069,13,2298.0,115.0
27070,13,3801.0,112.0
27071,13,42296.0,143.0
27072,13,365.0,180.0
27073,13,827.0,184.0
27074,13,588.0,305.0
27075,13,101.0,92.0
27076,13,381.0,113.0
27077,13,489.0,118.0
27078,13,1966.0,164.0
27079,13,253.0,119.0
27080,13,1401.0,87.0
27081,13,506.0,187.0
27082,13,1675.0,158.0
27083,13,43.0,178.0
27084,13,5918.0,121.0
27085,13,13703.0,200.0
27086,13,138.0,194.0
27087,13,17487.0,138.0
27088,13,17031.0,138.0
27089,13,16861.0,110.0
27090,13,19038.0,110.0
27091,13,9624.0,156.0
27092,13,1736.0,156.0
27093,13,1159.0,113.0
27094,13,23.0,114.0
27095,13,856.0,243.0
27096,13,2139.0,119.0
27097,12,133.0,183.0
27098,12,28092.0,113.0
27099,12,9328.0,187.0
27100,12,4318.0,178.0
27101,12,200.0,203.0
27102,12,178.0,123.0
27103,12,1989.0,138.0
27104,12,2696.0,133.0
27105,12,87.0,181.0
27106,12,17567.0,118.0
27107,12,144.0,121.0
27108,12,92.0,183.0
27109,12,106.0,210.0
27110,12,2052.0,178.0
27111,12,1497.0,224.0
27112,12,13899.0,136.0
27113,12,23.0,142.0
27114,12,13337.0,223.0
27115,12,237.0,189.0
27116,12,17.0,196.0
27117,12,4508.0,189.0
27118,12,9812.0,227.0
27119,12,767.0,116.0
27120,12,5040.0,151.0
27121,12,133.0,178.0
27122,12,43387.0,192.0
27123,12,2342.0,120.0
27124,12,582.0,210.0
27125,12,545.0,197.0
27126,12,887.0,196.0
27127,12,380.0,205.0
27128,12,2734.0,121.0
27129,12,1475.0,121.0
27130,12,654.0,193.0
27131,12,468.0,122.0
27132,12,97775.0,121.0
27133,12,4282.0,219.0
27134,12,33098.0,109.0
27135,12,5.0,181.0
27136,12,8986.0,165.0
27137,12,5.0,213.0
27138,12,1894.0,166.0
27139,12,7.0,185.0
27140,12,3251.0,192.0
27141,12,339.0,146.0
27142,12,49767.0,193.0
27143,12,85.0,141.0
27144,12,84.0,141.0
27145,12,5973.0,199.0
27146,12,77.0,222.0
27147,12,4971.0,95.0
27148,12,74.0,126.0
27149,12,15138.0,333.0
27150,12,230.0,509.0
27151,12,5308.0,161.0
27152,12,672.0,183.0
27153,12,58964.0,181.0
27154,12,122.0,194.0
27155,12,3548.0,144.0
27156,12,2976.0,119.0
27157,12,461.0,143.0
27158,12,1124.0,108.0
27159,12,6.0,183.0
27160,12,198.0,120.0
27161,12,10342.0,175.0
27162,12,951.0,177.0
27163,12,216.0,170.0
27164,12,1744.0,161.0
27165,12,579.0,161.0
27166,12,21741.0,153.0
27167,12,76.0,153.0
27168,12,2449.0,218.0
27169,12,4830.0,218.0
27170,12,9567.0,137.0
27171,12,33580.0,218.0
27172,12,939.0,221.0
27173,12,121.0,169.0
27174,12,6808.0,218.0
27175,12,6307.0,185.0
27176,12,3187.0,132.0
27177,12,112.0,186.0
27178,12,44.0,357.0
27179,12,48.0,146.0
27180,12,318.0,215.0
27181,12,42345.0,355.0
27182,12,2025.0,131.0
27183,12,97403.0,213.0
27184,12,21189.0,182.0
27185,12,1286.0,110.0
27186,12,277.0,203.0
27187,12,767.0,107.0
27188,12,131.0,160.0
27189,12,8042.0,210.0
27190,12,46888.0,125.0
27191,12,1421.0,154.0
27192,12,487.0,117.0
27193,12,4688.0,176.0
27194,12,373.0,206.0
27195,12,1303.0,189.0
27196,12,12433.0,149.0
27197,12,37738.0,148.0
27198,12,1036.0,218.0
27199,12,7464.0,218.0
27200,12,7274.0,218.0
27201,12,7062.0,218.0
27202,12,3549.0,211.0
27203,12,3.0,213.0
27204,12,1063.0,121.0
27205,12,383.0,138.0
27206,12,49993.0,191.0
27207,12,1929.0,211.0
27208,12,2689.0,211.0
27209,12,33866.0,176.0
27210,12,37393.0,124.0
27211,12,17961.0,120.0
27212,12,97709.0,198.0
27213,12,173.0,202.0
27214,12,349.0,202.0
27215,12,164.0,128.0
27216,12,751.0,181.0
27217,12,11.0,207.0
27218,12,162355.0,106.0
27219,12,1822.0,135.0
27220,12,3970.0,145.0
27221,12,13903.0,128.0
27222,12,167.0,209.0
27223,12,1378.0,116.0
27224,12,6080.0,184.0
27225,12,700.0,139.0
27226,12,2442.0,139.0
27227,12,1406.0,147.0
27228,12,446.0,141.0
27229,12,167.0,123.0
27230,12,292.0,114.0
27231,12,300074.0,129.0
27232,12,5552.0,131.0
27233,12,570.0,137.0
27234,12,59701.0,123.0
27235,12,1321.0,117.0
27236,12,432.0,123.0
27237,12,275.0,199.0
27238,12,577.0,236.0
27239,12,551354.0,265.0
27240,12,1704.0,150.0
27241,12,742.0,221.0
27242,12,2620.0,221.0
27243,12,12748.0,315.0
27244,12,3626.0,221.0
27245,12,69.0,124.0
27246,12,192.0,124.0
27247,12,66514.0,145.0
27248,12,14309.0,124.0
27249,12,31.0,201.0
27250,12,140486.0,188.0
27251,12,443.0,113.0
27252,12,932.0,182.0
27253,12,6210.0,206.0
27254,12,7356.0,206.0
27255,12,2997.0,206.0
27256,12,5163.0,127.0
27257,12,5034.0,127.0
27258,12,221.0,141.0
27259,12,1629.0,143.0
27260,12,374.0,141.0
27261,12,621.0,168.0
27262,12,92.0,216.0
27263,12,525.0,126.0
27264,12,110.0,104.0
27265,12,2381.0,183.0
27266,12,2764.0,183.0
27267,12,71.0,184.0
27268,12,915.0,191.0
27269,12,685.0,172.0
27270,12,4872.0,142.0
27271,12,260.0,104.0
27272,12,34.0,104.0
27273,12,0.0,177.0
27274,12,76996.0,124.0
27275,12,1394.0,178.0
27276,12,109.0,198.0
27277,12,284.0,187.0
27278,12,1056.0,137.0
27279,12,4583.0,136.0
27280,12,8568.0,191.0
27281,12,47.0,158.0
27282,12,1630.0,110.0
27283,12,8214.0,210.0
27284,12,1482.0,178.0
27285,12,104063.0,190.0
27286,12,403.0,195.0
27287,12,4691.0,221.0
27288,12,2741.0,221.0
27289,12,2261.0,221.0
27290,12,1299.0,221.0
27291,12,6232.0,221.0
27292,12,1445.0,221.0
27293,12,6137.0,221.0
27294,12,2189.0,221.0
27295,12,751.0,147.0
27296,12,785.0,235.0
27297,12,2030.0,147.0
27298,12,98.0,140.0
27299,12,6347.0,139.0
27300,12,1941.0,187.0
27301,12,406.0,199.0
27302,12,7297.0,203.0
27303,12,1073.0,203.0
27304,12,13327.0,202.0
27305,12,25299.0,212.0
27306,12,1315.0,160.0
27307,12,105.0,203.0
27308,12,11682.0,182.0
27309,12,11004.0,183.0
27310,12,7982.0,198.0
27311,12,6205.0,182.0
27312,12,12625.0,181.0
27313,12,10308.0,191.0
27314,12,8640.0,186.0
27315,12,300673.0,195.0
27316,12,8551.0,204.0
27317,12,18.0,158.0
27318,12,77872.0,177.0
27319,12,56548.0,177.0
27320,12,1769.0,125.0
27321,12,4738.0,125.0
27322,12,178.0,189.0
27323,12,5.0,119.0
27324,12,16547.0,116.0
27325,12,799.0,115.0
27326,12,3816.0,115.0
27327,12,5.0,119.0
27328,12,11.0,119.0
27329,12,4793.0,141.0
27330,12,322.0,155.0
27331,12,278.0,130.0
27332,12,1061.0,118.0
27333,12,386.0,200.0
27334,12,32023.0,177.0
27335,12,13799.0,131.0
27336,12,29.0,155.0
27337,12,1727.0,124.0
27338,12,1462.0,123.0
27339,12,6056.0,127.0
27340,12,2038.0,189.0
27341,12,3044.0,191.0
27342,12,6363.0,163.0
27343,12,1080.0,194.0
27344,12,938.0,480.0
27345,12,69.0,175.0
27346,12,7.0,158.0
27347,12,777.0,124.0
27348,12,113.0,179.0
27349,12,1228.0,196.0
27350,12,1096.0,187.0
27351,12,181308.0,134.0
27352,12,113361.0,134.0
27353,12,403121.0,472.0
27354,12,17035.0,120.0
27355,12,50.0,173.0
27356,12,1443.0,184.0
27357,12,0.0,135.0
27358,12,10255.0,226.0
27359,12,11508.0,226.0
27360,12,823.0,244.0
27361,12,4686.0,195.0
27362,12,68002.0,130.0
27363,12,7274.0,221.0
27364,12,1971.0,194.0
27365,12,3002.0,179.0
27366,12,4000.0,130.0
27367,12,690.0,119.0
27368,12,62684.0,119.0
27369,12,52.0,209.0
27370,12,270.0,229.0
27371,12,909.0,516.0
27372,12,119.0,184.0
27373,12,112.0,306.0
27374,12,152896.0,130.0
27375,12,199005.0,130.0
27376,12,763.0,244.0
27377,12,1385.0,163.0
27378,12,1206.0,226.0
27379,12,2427.0,171.0
27380,12,3581.0,203.0
27381,12,212.0,123.0
27382,12,1266.0,123.0
27383,12,44501.0,405.0
27384,12,4292.0,102.0
27385,12,22.0,201.0
27386,12,793.0,122.0
27387,12,529.0,111.0
27388,12,16274.0,142.0
27389,12,612.0,127.0
27390,12,213.0,120.0
27391,12,1327.0,182.0
27392,12,1511.0,114.0
27393,12,10928.0,175.0
27394,12,11583.0,197.0
27395,12,8101.0,197.0
27396,12,317.0,121.0
27397,12,56243.0,129.0
27398,12,822.0,119.0
27399,12,67082.0,122.0
27400,12,1134.0,213.0
27401,12,1427.0,226.0
27402,12,9518.0,133.0
27403,12,21904.0,961.0
27404,12,542.0,125.0
27405,12,575.0,132.0
27406,12,14898.0,132.0
27407,12,3142.0,113.0
27408,12,4737.0,138.0
27409,12,130.0,113.0
27410,12,723.0,245.0
27411,12,111.0,245.0
27412,12,435.0,184.0
27413,12,418.0,120.0
27414,12,109.0,178.0
27415,12,5325.0,124.0
27416,12,7865.0,171.0
27417,12,10252.0,181.0
27418,12,10808.0,180.0
27419,12,1237.0,115.0
27420,12,2345.0,115.0
27421,12,24247.0,178.0
27422,12,7.0,155.0
27423,12,268.0,116.0
27424,12,114.0,122.0
27425,12,1368.0,356.0
27426,12,1038.0,223.0
27427,12,40333.0,123.0
27428,12,0.0,123.0
27429,12,6296.0,118.0
27430,12,6.0,127.0
27431,12,18.0,127.0
27432,12,4.0,127.0
27433,12,5487.0,128.0
27434,12,2803.0,139.0
27435,12,854.0,198.0
27436,12,274.0,158.0
27437,12,383.0,224.0
27438,12,3285.0,134.0
27439,12,296.0,121.0
27440,12,227.0,198.0
27441,12,935.0,198.0
27442,12,675.0,198.0
27443,12,5.0,198.0
27444,12,281.0,114.0
27445,12,469.0,176.0
27446,12,281.0,132.0
27447,12,368.0,235.0
27448,12,203.0,115.0
27449,12,1403.0,235.0
27450,12,165.0,249.0
27451,12,103.0,121.0
27452,12,550.0,249.0
27453,12,200.0,198.0
27454,12,1270.0,128.0
27455,12,15.0,127.0
27456,12,23.0,127.0
27457,12,66.0,127.0
27458,12,7980.0,118.0
27459,12,8255.0,264.0
27460,12,6089.0,142.0
27461,12,91.0,118.0
27462,12,182.0,129.0
27463,12,1205.0,204.0
27464,12,2584.0,194.0
27465,12,1147.0,92.0
27466,12,33.0,199.0
27467,12,413.0,123.0
27468,12,68396.0,250.0
27469,12,335.0,101.0
27470,12,201.0,216.0
27471,12,2780.0,190.0
27472,12,442.0,200.0
27473,12,32.0,102.0
27474,12,4182.0,158.0
27475,12,8082.0,128.0
27476,12,7981.0,130.0
27477,12,9166.0,198.0
27478,12,11450.0,177.0
27479,12,10377.0,179.0
27480,12,1620.0,129.0
27481,12,154.0,137.0
27482,12,47909.0,172.0
27483,12,2147.0,115.0
27484,12,2690.0,125.0
27485,12,825.0,201.0
27486,12,24487.0,122.0
27487,12,1685.0,187.0
27488,12,1081.0,193.0
27489,12,1212.0,187.0
27490,12,855.0,192.0
27491,12,2588.0,189.0
27492,12,2392.0,182.0
27493,12,614.0,135.0
27494,12,555.0,129.0
27495,12,500.0,119.0
27496,12,871.0,198.0
27497,12,3407.0,124.0
27498,12,568.0,461.0
27499,12,42.0,168.0
27500,12,2.0,200.0
27501,12,10573.0,119.0
27502,12,1649.0,158.0
27503,12,791.0,199.0
27504,12,13231.0,187.0
27505,12,45738.0,177.0
27506,12,4171.0,167.0
27507,12,1619.0,173.0
27508,12,46592.0,157.0
27509,12,2090.0,142.0
27510,12,189.0,125.0
27511,12,763.0,180.0
27512,12,2553.0,180.0
27513,12,2066.0,213.0
27514,12,34851.0,212.0
27515,12,31.0,196.0
27516,12,1953.0,121.0
27517,12,34.0,147.0
27518,12,1411.0,205.0
27519,12,30.0,186.0
27520,12,348.0,186.0
27521,12,2209.0,179.0
27522,12,192.0,125.0
27523,12,1544.0,136.0
27524,12,1560.0,183.0
27525,12,263869.0,264.0
27526,12,39.0,118.0
27527,12,287.0,122.0
27528,12,5859.0,132.0
27529,12,3373.0,223.0
27530,12,25358.0,278.0
27531,12,5897.0,127.0
27532,12,56587.0,114.0
27533,12,39229.0,115.0
27534,12,275.0,180.0
27535,12,3372.0,183.0
27536,12,550.0,217.0
27537,12,2804.0,182.0
27538,12,3577.0,193.0
27539,12,237.0,195.0
27540,12,5978.0,118.0
27541,12,16253.0,94.0
27542,12,869.0,125.0
27543,12,640.0,125.0
27544,12,45.0,125.0
27545,12,153.0,107.0
27546,12,1492.0,99.0
27547,12,15.0,99.0
27548,12,169.0,107.0
27549,12,120667.0,146.0
27550,12,3781.0,104.0
27551,12,4571.0,165.0
27552,12,655.0,172.0
27553,12,1089.0,178.0
27554,12,16887.0,160.0
27555,12,2470.0,119.0
27556,12,668.0,186.0
27557,12,1839.0,190.0
27558,12,1342.0,225.0
27559,12,153.0,186.0
27560,12,26843.0,249.0
27561,12,29639.0,249.0
27562,12,34049.0,249.0
27563,12,721.0,103.0
27564,12,236.0,132.0
27565,12,1182.0,218.0
27566,12,246296.0,212.0
27567,12,3709.0,212.0
27568,12,181.0,213.0
27569,12,192.0,184.0
27570,12,7040.0,104.0
27571,12,893.0,209.0
27572,12,87.0,175.0
27573,12,638.0,164.0
27574,12,43.0,214.0
27575,12,2162.0,431.0
27576,12,1737.0,189.0
27577,12,1426.0,203.0
27578,12,1470.0,192.0
27579,12,1980.0,177.0
27580,12,233.0,190.0
27581,12,30222.0,205.0
27582,12,15.0,158.0
27583,12,394.0,164.0
27584,12,3593.0,118.0
27585,12,2977.0,213.0
27586,12,555.0,188.0
27587,12,2714.0,130.0
27588,12,2202.0,121.0
27589,12,42.0,123.0
27590,12,2921.0,131.0
27591,12,10967.0,131.0
27592,12,6478.0,189.0
27593,12,536.0,199.0
27594,12,59.0,105.0
27595,12,366.0,196.0
27596,12,15998.0,224.0
27597,12,99052.0,224.0
27598,12,5352.0,118.0
27599,12,387.0,201.0
27600,12,65.0,124.0
27601,12,43685.0,124.0
27602,12,1655.0,125.0
27603,12,3453.0,201.0
27604,12,428.0,201.0
27605,12,652.0,201.0
27606,12,100725.0,186.0
27607,12,60.0,186.0
27608,12,3090.0,122.0
27609,12,3752.0,123.0
27610,12,5196.0,132.0
27611,12,103133.0,132.0
27612,12,3090.0,136.0
27613,12,112.0,159.0
27614,12,3156.0,203.0
27615,12,19496.0,161.0
27616,12,2622.0,217.0
27617,12,177.0,201.0
27618,12,7963.0,94.0
27619,12,12.0,387.0
27620,12,57.0,201.0
27621,12,66.0,201.0
27622,12,62.0,217.0
27623,12,9888.0,127.0
27624,12,3648.0,219.0
27625,12,806.0,187.0
27626,12,393.0,187.0
27627,12,8.0,213.0
27628,12,48.0,187.0
27629,12,1011.0,194.0
27630,12,271.0,122.0
27631,12,4764.0,122.0
27632,12,236.0,122.0
27633,12,1022.0,122.0
27634,12,1178.0,122.0
27635,12,1107.0,122.0
27636,12,642.0,225.0
27637,12,928.0,178.0
27638,12,21669.0,180.0
27639,12,5177.0,105.0
27640,12,519.0,120.0
27641,12,1579.0,180.0
27642,12,148.0,194.0
27643,12,9383.0,166.0
27644,12,909.0,166.0
27645,12,2390.0,190.0
27646,12,6278.0,116.0
27647,12,513654.0,133.0
27648,12,14.0,206.0
27649,12,415.0,183.0
27650,11,991.0,182.0
27651,11,255.0,185.0
27652,11,2272.0,184.0
27653,11,1188.0,175.0
27654,11,12906.0,162.0
27655,11,1052.0,201.0
27656,11,81.0,192.0
27657,11,73.0,188.0
27658,11,5891.0,185.0
27659,11,1129.0,185.0
27660,11,750.0,185.0
27661,11,219.0,185.0
27662,11,863.0,123.0
27663,11,176.0,123.0
27664,11,182.0,129.0
27665,11,957.0,181.0
27666,11,91.0,245.0
27667,11,5298.0,143.0
27668,11,159.0,109.0
27669,11,564.0,135.0
27670,11,139.0,185.0
27671,11,357.0,203.0
27672,11,1570.0,132.0
27673,11,2641.0,197.0
27674,11,1328.0,121.0
27675,11,946.0,123.0
27676,11,67315.0,197.0
27677,11,5777.0,97.0
27678,11,270.0,179.0
27679,11,2800.0,144.0
27680,11,1151.0,203.0
27681,11,42.0,193.0
27682,11,544.0,211.0
27683,11,3831.0,196.0
27684,11,118.0,189.0
27685,11,352.0,201.0
27686,11,2356.0,178.0
27687,11,82032.0,134.0
27688,11,233.0,122.0
27689,11,31.0,137.0
27690,11,393.0,137.0
27691,11,958.0,132.0
27692,11,1082.0,191.0
27693,11,968.0,123.0
27694,11,538.0,140.0
27695,11,4242.0,186.0
27696,11,164.0,94.0
27697,11,27.0,193.0
27698,11,29571.0,165.0
27699,11,277.0,165.0
27700,11,330.0,165.0
27701,11,2015.0,136.0
27702,11,103.0,178.0
27703,11,11847.0,334.0
27704,11,155.0,118.0
27705,11,1130.0,350.0
27706,11,222.0,127.0
27707,11,934.0,122.0
27708,11,196.0,179.0
27709,11,169.0,196.0
27710,11,17031.0,96.0
27711,11,1187.0,136.0
27712,11,979.0,117.0
27713,11,52959.0,209.0
27714,11,1054.0,184.0
27715,11,1163.0,182.0
27716,11,162.0,122.0
27717,11,395.0,180.0
27718,11,689.0,125.0
27719,11,18.0,118.0
27720,11,295.0,85.0
27721,11,3.0,118.0
27722,11,502.0,193.0
27723,11,23191.0,203.0
27724,11,276.0,111.0
27725,11,3335.0,235.0
27726,11,36.0,167.0
27727,11,4508.0,92.0
27728,11,44312.0,176.0
27729,11,407.0,176.0
27730,11,15145.0,176.0
27731,11,212.0,142.0
27732,11,359.0,133.0
27733,11,623.0,134.0
27734,11,513.0,228.0
27735,11,89.0,114.0
27736,11,316.0,100.0
27737,11,440.0,183.0
27738,11,578.0,114.0
27739,11,39.0,235.0
27740,11,720.0,143.0
27741,11,12740.0,129.0
27742,11,958.0,115.0
27743,11,31.0,122.0
27744,11,1274.0,110.0
27745,11,503.0,195.0
27746,11,32.0,193.0
27747,11,697.0,115.0
27748,11,771.0,120.0
27749,11,139905.0,278.0
27750,11,13925.0,176.0
27751,11,21104.0,152.0
27752,11,670.0,124.0
27753,11,259.0,155.0
27754,11,21611.0,235.0
27755,11,10926.0,207.0
27756,11,3964.0,235.0
27757,11,16175.0,235.0
27758,11,843.0,117.0
27759,11,1098.0,116.0
27760,11,490.0,155.0
27761,11,269.0,155.0
27762,11,2783.0,182.0
27763,11,8770.0,118.0
27764,11,12793.0,260.0
27765,11,5981.0,260.0
27766,11,139.0,129.0
27767,11,2392.0,204.0
27768,11,275.0,173.0
27769,11,76.0,169.0
27770,11,3326.0,103.0
27771,11,59.0,217.0
27772,11,12347.0,118.0
27773,11,24.0,138.0
27774,11,630.0,138.0
27775,11,329.0,138.0
27776,11,62.0,199.0
27777,11,80.0,114.0
27778,11,1248.0,123.0
27779,11,13621.0,142.0
27780,11,5294.0,142.0
27781,11,851.0,147.0
27782,11,619.0,103.0
27783,11,1452.0,129.0
27784,11,4097.0,115.0
27785,11,41.0,99.0
27786,11,3697.0,99.0
27787,11,115.0,125.0
27788,11,36.0,120.0
27789,11,1765.0,125.0
27790,11,773.0,198.0
27791,11,157890.0,215.0
27792,11,648.0,179.0
27793,11,10578.0,133.0
27794,11,254.0,119.0
27795,11,2290.0,157.0
27796,11,1744.0,128.0
27797,11,103.0,189.0
27798,11,95.0,245.0
27799,11,1409.0,309.0
27800,11,487.0,121.0
27801,11,30945.0,173.0
27802,11,1974.0,133.0
27803,11,764.0,198.0
27804,11,71515.0,176.0
27805,11,180.0,187.0
27806,11,2038.0,191.0
27807,11,1577.0,191.0
27808,11,942.0,191.0
27809,11,510.0,191.0
27810,11,154.0,129.0
27811,11,1917.0,130.0
27812,11,120.0,115.0
27813,11,12278.0,246.0
27814,11,398.0,192.0
27815,11,1925.0,115.0
27816,11,486.0,146.0
27817,11,14692.0,136.0
27818,11,302.0,168.0
27819,11,2288.0,94.0
27820,11,752.0,153.0
27821,11,599.0,128.0
27822,11,2083.0,181.0
27823,11,196.0,119.0
27824,11,23094.0,130.0
27825,11,211.0,193.0
27826,11,11870.0,182.0
27827,11,982.0,203.0
27828,11,579.0,155.0
27829,11,2.0,177.0
27830,11,163.0,331.0
27831,11,2283.0,165.0
27832,11,1136.0,116.0
27833,11,1569.0,182.0
27834,11,2170.0,137.0
27835,11,14.0,202.0
27836,11,103041.0,129.0
27837,11,213624.0,127.0
27838,11,32495.0,137.0
27839,11,102666.0,123.0
27840,11,415.0,216.0
27841,11,1382.0,114.0
27842,11,4254.0,118.0
27843,11,592.0,120.0
27844,11,240.0,187.0
27845,11,260.0,187.0
27846,11,77.0,140.0
27847,11,25877.0,174.0
27848,11,384.0,113.0
27849,11,38.0,92.0
27850,11,7.0,124.0
27851,11,1738.0,222.0
27852,11,3961.0,534.0
27853,11,3915.0,141.0
27854,11,5032.0,128.0
27855,11,337.0,136.0
27856,11,33.0,137.0
27857,11,399.0,193.0
27858,11,222.0,159.0
27859,11,357.0,137.0
27860,11,42741.0,124.0
27861,11,669.0,183.0
27862,11,75.0,156.0
27863,11,132.0,210.0
27864,11,2478.0,124.0
27865,11,811.0,203.0
27866,11,1418.0,146.0
27867,11,1292.0,195.0
27868,11,2129.0,194.0
27869,11,3707.0,194.0
27870,11,4048.0,200.0
27871,11,25091.0,152.0
27872,11,117.0,128.0
27873,11,124.0,119.0
27874,11,123.0,116.0
27875,11,458.0,117.0
27876,11,156.0,203.0
27877,11,225.0,203.0
27878,11,188.0,135.0
27879,11,496.0,185.0
27880,11,1249.0,114.0
27881,11,52.0,119.0
27882,11,3469.0,125.0
27883,11,130.0,178.0
27884,11,284.0,178.0
27885,11,68.0,195.0
27886,11,15061.0,195.0
27887,11,1027.0,195.0
27888,11,1.0,146.0
27889,11,79.0,246.0
27890,11,201.0,152.0
27891,11,799.0,152.0
27892,11,921.0,203.0
27893,11,907.0,203.0
27894,11,664.0,203.0
27895,11,4590.0,122.0
27896,11,395.0,180.0
27897,11,2102.0,224.0
27898,11,5005.0,185.0
27899,11,1432.0,141.0
27900,11,1340.0,204.0
27901,11,609.0,120.0
27902,11,0.0,183.0
27903,11,50715.0,151.0
27904,11,76.0,190.0
27905,11,1324.0,120.0
27906,11,3352.0,123.0
27907,11,870.0,214.0
27908,11,246.0,184.0
27909,11,94.0,150.0
27910,11,748.0,116.0
27911,11,3110.0,120.0
27912,11,1950.0,201.0
27913,11,3224.0,127.0
27914,11,945.0,127.0
27915,11,4206.0,177.0
27916,11,8882.0,187.0
27917,11,725.0,203.0
27918,11,1273.0,203.0
27919,11,145.0,149.0
27920,11,1595.0,121.0
27921,11,38377.0,202.0
27922,11,60.0,138.0
27923,11,46957.0,217.0
27924,11,52.0,125.0
27925,11,5.0,124.0
27926,11,456.0,174.0
27927,11,503.0,185.0
27928,11,292.0,132.0
27929,11,9918.0,321.0
27930,11,2070.0,122.0
27931,11,27622.0,184.0
27932,11,48.0,153.0
27933,11,4405.0,154.0
27934,11,1312.0,154.0
27935,11,64819.0,114.0
27936,11,416.0,331.0
27937,11,1746.0,185.0
27938,11,58509.0,122.0
27939,11,2008.0,137.0
27940,11,1503.0,129.0
27941,11,5961.0,260.0
27942,11,306.0,159.0
27943,11,144.0,206.0
27944,10,17.0,127.0
27945,10,253.0,127.0
27946,10,47.0,127.0
27947,10,154.0,127.0
27948,10,942.0,189.0
27949,10,271.0,121.0
27950,10,477.0,198.0
27951,10,2058.0,195.0
27952,10,125.0,184.0
27953,10,44.0,98.0
27954,10,602.0,203.0
27955,10,8.0,125.0
27956,10,477.0,126.0
27957,10,567.0,139.0
27958,10,1453.0,139.0
27959,10,12226.0,97.0
27960,10,2523.0,162.0
27961,10,888.0,181.0
27962,10,97.0,131.0
27963,10,600165.0,150.0
27964,10,89.0,186.0
27965,10,631.0,185.0
27966,10,300179.0,156.0
27967,10,2018.0,156.0
27968,10,320.0,200.0
27969,10,314.0,193.0
27970,10,34.0,203.0
27971,10,111.0,142.0
27972,10,35408.0,157.0
27973,10,90.0,184.0
27974,10,389.0,195.0
27975,10,68.0,116.0
27976,10,42767.0,848.0
27977,10,189.0,177.0
27978,10,63115.0,238.0
27979,10,7965.0,165.0
27980,10,7491.0,153.0
27981,10,7374.0,157.0
27982,10,893.0,179.0
27983,10,169.0,203.0
27984,10,1575.0,132.0
27985,10,6225.0,215.0
27986,10,1705.0,129.0
27987,10,103.0,127.0
27988,10,179.0,170.0
27989,10,12450.0,129.0
27990,10,14304.0,195.0
27991,10,6368.0,178.0
27992,10,1090.0,177.0
27993,10,307.0,168.0
27994,10,3738.0,184.0
27995,10,393.0,184.0
27996,10,2279.0,206.0
27997,10,167.0,143.0
27998,10,20.0,337.0
27999,10,999.0,141.0
28000,10,108.0,120.0
28001,10,122.0,119.0
28002,10,2545.0,129.0
28003,10,11020.0,122.0
28004,10,780.0,206.0
28005,10,74.0,178.0
28006,10,1606.0,114.0
28007,10,1804.0,229.0
28008,10,33463.0,214.0
28009,10,288.0,222.0
28010,10,27.0,132.0
28011,10,3270.0,137.0
28012,10,592.0,118.0
28013,10,2119.0,180.0
28014,10,1668.0,199.0
28015,10,3139.0,201.0
28016,10,702.0,192.0
28017,10,1163.0,154.0
28018,10,19.0,154.0
28019,10,3178.0,137.0
28020,10,960.0,176.0
28021,10,1341.0,184.0
28022,10,770.0,139.0
28023,10,1229.0,139.0
28024,10,857.0,139.0
28025,10,59.0,139.0
28026,10,157.0,134.0
28027,10,125.0,141.0
28028,10,365.0,140.0
28029,10,474.0,200.0
28030,10,61.0,140.0
28031,10,131.0,170.0
28032,10,409.0,197.0
28033,10,2925.0,177.0
28034,10,19378.0,153.0
28035,10,2068.0,175.0
28036,10,31.0,220.0
28037,10,235.0,220.0
28038,10,225.0,186.0
28039,10,63.0,119.0
28040,10,24273.0,129.0
28041,10,23.0,129.0
28042,10,21.0,121.0
28043,10,485.0,516.0
28044,10,383.0,249.0
28045,10,1297.0,121.0
28046,10,3146.0,205.0
28047,10,9528.0,142.0
28048,10,385.0,197.0
28049,10,587.0,185.0
28050,10,257.0,102.0
28051,10,478.0,121.0
28052,10,32.0,152.0
28053,10,127012.0,197.0
28054,10,1766.0,118.0
28055,10,263.0,207.0
28056,10,286.0,100.0
28057,10,820.0,195.0
28058,10,273.0,195.0
28059,10,11.0,119.0
28060,10,1150.0,116.0
28061,10,24.0,168.0
28062,10,40.0,168.0
28063,10,29.0,168.0
28064,10,24.0,168.0
28065,10,21.0,168.0
28066,10,25.0,168.0
28067,10,1953.0,190.0
28068,10,23.0,168.0
28069,10,20760.0,210.0
28070,10,278.0,203.0
28071,10,1097.0,137.0
28072,10,38.0,181.0
28073,10,228.0,139.0
28074,10,7884.0,165.0
28075,10,1586.0,195.0
28076,10,4800.0,144.0
28077,10,62.0,357.0
28078,10,27.0,357.0
28079,10,204.0,101.0
28080,10,4117.0,224.0
28081,10,461.0,183.0
28082,10,9519.0,112.0
28083,10,121.0,179.0
28084,10,6624.0,110.0
28085,10,342.0,142.0
28086,10,180.0,142.0
28087,10,718.0,207.0
28088,10,7052.0,187.0
28089,10,18083.0,134.0
28090,10,67.0,176.0
28091,10,8189.0,351.0
28092,10,689.0,262.0
28093,10,3557.0,179.0
28094,10,191.0,185.0
28095,10,34629.0,185.0
28096,10,12585.0,191.0
28097,10,10956.0,183.0
28098,10,18835.0,105.0
28099,10,3977.0,115.0
28100,10,13121.0,131.0
28101,10,21287.0,131.0
28102,10,20254.0,111.0
28103,10,5165.0,125.0
28104,10,986.0,101.0
28105,10,1781.0,111.0
28106,10,1094.0,185.0
28107,10,717.0,123.0
28108,10,7.0,123.0
28109,10,1029.0,176.0
28110,10,8140.0,176.0
28111,10,973.0,130.0
28112,10,9532.0,138.0
28113,10,589.0,193.0
28114,10,17.0,114.0
28115,10,707.0,197.0
28116,10,3933.0,115.0
28117,10,9.0,114.0
28118,10,321.0,227.0
28119,10,671.0,219.0
28120,10,82151.0,278.0
28121,10,1006.0,255.0
28122,10,304.0,175.0
28123,10,37.0,218.0
28124,10,1165.0,119.0
28125,10,2135.0,175.0
28126,10,706.0,175.0
28127,10,1492.0,121.0
28128,10,680.0,187.0
28129,10,28345.0,278.0
28130,10,808.0,125.0
28131,10,320.0,184.0
28132,10,53.0,184.0
28133,10,458.0,184.0
28134,10,119.0,184.0
28135,10,960.0,124.0
28136,10,5698.0,461.0
28137,10,7936.0,113.0
28138,10,98.0,177.0
28139,10,400.0,177.0
28140,10,704.0,245.0
28141,10,960.0,209.0
28142,10,636.0,249.0
28143,10,498.0,223.0
28144,10,18019.0,388.0
28145,10,78.0,124.0
28146,10,44.0,188.0
28147,10,370.0,156.0
28148,10,123.0,197.0
28149,10,1353.0,175.0
28150,10,80.0,118.0
28151,10,1196.0,462.0
28152,10,1975.0,185.0
28153,10,171.0,103.0
28154,10,18.0,123.0
28155,10,410.0,182.0
28156,10,6918.0,184.0
28157,10,3578.0,203.0
28158,10,974.0,177.0
28159,10,3265.0,196.0
28160,10,155.0,185.0
28161,10,3058.0,189.0
28162,10,2942.0,111.0
28163,10,1294.0,235.0
28164,10,104.0,200.0
28165,10,880.0,245.0
28166,10,372.0,195.0
28167,10,23.0,158.0
28168,10,101.0,168.0
28169,10,3098.0,124.0
28170,10,1922.0,124.0
28171,10,58.0,193.0
28172,10,38.0,193.0
28173,10,1277.0,118.0
28174,10,450.0,186.0
28175,10,4422.0,235.0
28176,10,771.0,129.0
28177,10,282.0,158.0
28178,10,1497.0,122.0
28179,10,134.0,122.0
28180,10,1916.0,178.0
28181,10,682.0,186.0
28182,10,390.0,113.0
28183,10,1365.0,177.0
28184,10,97.0,133.0
28185,10,242.0,225.0
28186,10,905.0,208.0
28187,10,2937.0,135.0
28188,10,100.0,135.0
28189,10,1418.0,196.0
28190,10,868.0,142.0
28191,10,2235.0,178.0
28192,10,5975.0,178.0
28193,10,5614.0,178.0
28194,10,1207.0,178.0
28195,10,31077.0,178.0
28196,10,5429.0,178.0
28197,10,745.0,221.0
28198,10,678.0,188.0
28199,10,2419.0,179.0
28200,10,9760.0,152.0
28201,10,5754.0,178.0
28202,10,1346.0,188.0
28203,10,1754.0,178.0
28204,10,58.0,100.0
28205,10,4685.0,178.0
28206,10,8375.0,178.0
28207,10,40.0,230.0
28208,10,446.0,187.0
28209,10,3638.0,188.0
28210,10,1245.0,165.0
28211,10,2170.0,179.0
28212,10,145.0,132.0
28213,10,75.0,212.0
28214,10,47.0,136.0
28215,10,1091.0,221.0
28216,10,61.0,149.0
28217,10,1140.0,181.0
28218,10,6336.0,193.0
28219,10,8217.0,123.0
28220,10,319.0,178.0
28221,10,81.0,246.0
28222,10,1145.0,121.0
28223,10,25635.0,134.0
28224,10,114229.0,356.0
28225,10,37.0,230.0
28226,10,3752.0,123.0
28227,10,537.0,184.0
28228,10,106.0,183.0
28229,10,1208.0,139.0
28230,10,600085.0,213.0
28231,10,600099.0,213.0
28232,10,600067.0,213.0
28233,10,5261.0,158.0
28234,10,196.0,120.0
28235,10,666.0,122.0
28236,10,1103.0,125.0
28237,10,103.0,92.0
28238,10,255.0,108.0
28239,10,2940.0,181.0
28240,10,259.0,182.0
28241,10,55580.0,162.0
28242,10,845.0,167.0
28243,10,163.0,272.0
28244,10,2431.0,187.0
28245,10,236.0,131.0
28246,10,88.0,135.0
28247,10,1040.0,181.0
28248,10,537.0,166.0
28249,10,55594.0,162.0
28250,10,248148.0,126.0
28251,10,40.0,189.0
28252,10,286.0,188.0
28253,10,22598.0,333.0
28254,10,35469.0,179.0
28255,10,35469.0,186.0
28256,10,26748.0,179.0
28257,10,662.0,336.0
28258,10,347.0,147.0
28259,10,1334.0,108.0
28260,10,29.0,158.0
28261,10,4483.0,129.0
28262,10,12180.0,198.0
28263,10,9795.0,198.0
28264,10,2538.0,198.0
28265,10,10489.0,122.0
28266,10,90095.0,176.0
28267,10,106529.0,213.0
28268,10,1350.0,296.0
28269,10,401.0,155.0
28270,10,13121.0,161.0
28271,10,423.0,200.0
28272,10,119.0,116.0
28273,10,94.0,170.0
28274,10,847.0,216.0
28275,10,1778.0,132.0
28276,10,18477.0,173.0
28277,10,16411.0,173.0
28278,10,1836.0,126.0
28279,10,888.0,152.0
28280,10,92170.0,177.0
28281,10,30.0,158.0
28282,10,26748.0,186.0
28283,10,716.0,185.0
28284,10,371.0,119.0
28285,10,880.0,197.0
28286,10,1773.0,125.0
28287,10,34.0,121.0
28288,10,9476.0,127.0
28289,10,134802.0,125.0
28290,10,153573.0,125.0
28291,10,254.0,136.0
28292,10,3129.0,186.0
28293,10,4184.0,180.0
28294,10,57.0,156.0
28295,10,588.0,101.0
28296,10,2091.0,150.0
28297,10,407.0,177.0
28298,10,52069.0,117.0
28299,10,40.0,150.0
28300,10,254.0,252.0
28301,10,27587.0,124.0
28302,10,82.0,125.0
28303,10,1621.0,210.0
28304,10,36337.0,127.0
28305,10,215.0,136.0
28306,10,6217.0,167.0
28307,10,106805.0,130.0
28308,10,444.0,137.0
28309,10,2435.0,134.0
28310,10,45.0,120.0
28311,10,5544.0,169.0
28312,10,141.0,127.0
28313,10,256.0,190.0
28314,10,1748.0,243.0
28315,10,939.0,122.0
28316,10,2579.0,136.0
28317,10,1143.0,120.0
28318,10,2810.0,120.0
28319,10,126.0,122.0
28320,10,170.0,181.0
28321,10,450.0,128.0
28322,10,70.0,128.0
28323,10,402.0,128.0
28324,10,1030.0,128.0
28325,10,233.0,177.0
28326,10,74.0,196.0
28327,10,1098.0,206.0
28328,9,720.0,125.0
28329,9,23185.0,172.0
28330,9,25105.0,125.0
28331,9,4097.0,172.0
28332,9,2148.0,170.0
28333,9,2736.0,170.0
28334,9,108.0,213.0
28335,9,1206.0,173.0
28336,9,1629.0,173.0
28337,9,311.0,194.0
28338,9,6584.0,125.0
28339,9,174.0,213.0
28340,9,207.0,121.0
28341,9,567.0,173.0
28342,9,7698.0,115.0
28343,9,8729.0,165.0
28344,9,1941.0,111.0
28345,9,279.0,96.0
28346,9,30400.0,193.0
28347,9,218.0,193.0
28348,9,73.0,193.0
28349,9,185.0,122.0
28350,9,661.0,120.0
28351,9,129.0,136.0
28352,9,175.0,121.0
28353,9,260.0,121.0
28354,9,66448.0,187.0
28355,9,10692.0,106.0
28356,9,3714.0,124.0
28357,9,15.0,210.0
28358,9,188.0,201.0
28359,9,12.0,201.0
28360,9,1706.0,127.0
28361,9,1168.0,183.0
28362,9,90440.0,122.0
28363,9,48164.0,122.0
28364,9,2459.0,119.0
28365,9,8176.0,119.0
28366,9,10580.0,144.0
28367,9,2649.0,201.0
28368,9,3242.0,201.0
28369,9,282.0,210.0
28370,9,96.0,183.0
28371,9,75.0,158.0
28372,9,300991.0,496.0
28373,9,4790.0,392.0
28374,9,22951.0,216.0
28375,9,1328.0,121.0
28376,9,62.0,234.0
28377,9,4279.0,190.0
28378,9,510.0,145.0
28379,9,218883.0,535.0
28380,9,46928.0,168.0
28381,9,46928.0,182.0
28382,9,27523.0,168.0
28383,9,27523.0,182.0
28384,9,35.0,192.0
28385,9,518.0,175.0
28386,9,866.0,106.0
28387,9,193.0,190.0
28388,9,43.0,190.0
28389,9,69.0,187.0
28390,9,204.0,187.0
28391,9,200.0,187.0
28392,9,55.0,187.0
28393,9,338.0,509.0
28394,9,372.0,509.0
28395,9,2650.0,136.0
28396,9,235.0,161.0
28397,9,971.0,180.0
28398,9,6.0,158.0
28399,9,2161.0,142.0
28400,9,117.0,110.0
28401,9,85019.0,170.0
28402,9,87182.0,171.0
28403,9,1071.0,162.0
28404,9,1061.0,180.0
28405,9,262.0,114.0
28406,9,249.0,186.0
28407,9,804.0,119.0
28408,9,75.0,272.0
28409,9,168.0,158.0
28410,9,2458.0,208.0
28411,9,726.0,120.0
28412,9,0.0,675.0
28413,9,4088.0,189.0
28414,9,1037.0,189.0
28415,9,26.0,162.0
28416,9,2445.0,189.0
28417,9,350.0,120.0
28418,9,502.0,119.0
28419,9,1225.0,196.0
28420,9,517.0,112.0
28421,9,84408.0,119.0
28422,9,1683.0,158.0
28423,9,485.0,204.0
28424,9,2966.0,181.0
28425,9,88.0,190.0
28426,9,3350.0,118.0
28427,9,1171.0,190.0
28428,9,114.0,187.0
28429,9,56786.0,187.0
28430,9,515.0,120.0
28431,9,3026.0,187.0
28432,9,3780.0,181.0
28433,9,62.0,162.0
28434,9,1067.0,162.0
28435,9,183.0,107.0
28436,9,224.0,107.0
28437,9,476.0,107.0
28438,9,404.0,107.0
28439,9,3967.0,195.0
28440,9,4316.0,198.0
28441,9,56.0,126.0
28442,9,102.0,117.0
28443,9,4794.0,113.0
28444,9,192.0,150.0
28445,9,119632.0,121.0
28446,9,0.0,122.0
28447,9,672.0,207.0
28448,9,390.0,305.0
28449,9,364.0,305.0
28450,9,1779.0,191.0
28451,9,695.0,184.0
28452,9,12061.0,183.0
28453,9,1688.0,178.0
28454,9,1702.0,158.0
28455,9,3204.0,179.0
28456,9,1414.0,179.0
28457,9,411.0,178.0
28458,9,344.0,178.0
28459,9,1136.0,178.0
28460,9,817.0,208.0
28461,9,313.0,208.0
28462,9,485.0,218.0
28463,9,3224.0,92.0
28464,9,520.0,182.0
28465,9,136.0,210.0
28466,9,1277.0,155.0
28467,9,496.0,178.0
28468,9,303.0,178.0
28469,9,2065.0,178.0
28470,9,4392.0,178.0
28471,9,133.0,94.0
28472,9,295.0,155.0
28473,9,525.0,114.0
28474,9,1511.0,227.0
28475,9,53.0,194.0
28476,9,2133.0,107.0
28477,9,191.0,117.0
28478,9,2216.0,114.0
28479,9,705.0,90.0
28480,9,11496.0,132.0
28481,9,3253.0,165.0
28482,9,1358.0,138.0
28483,9,453.0,115.0
28484,9,3912.0,225.0
28485,9,1554.0,199.0
28486,9,1475.0,198.0
28487,9,715.0,168.0
28488,9,2926.0,210.0
28489,9,2159.0,168.0
28490,9,3863.0,125.0
28491,9,4311.0,180.0
28492,9,27.0,215.0
28493,9,2220.0,199.0
28494,9,612.0,199.0
28495,9,45.0,114.0
28496,9,115.0,216.0
28497,9,2142.0,221.0
28498,9,9899.0,178.0
28499,9,36.0,203.0
28500,9,120.0,123.0
28501,9,7.0,130.0
28502,9,476.0,113.0
28503,9,1724.0,158.0
28504,9,349.0,155.0
28505,9,1869.0,178.0
28506,9,534.0,178.0
28507,9,331.0,178.0
28508,9,2147.0,178.0
28509,9,2380.0,118.0
28510,9,164.0,137.0
28511,9,3347.0,178.0
28512,9,447.0,206.0
28513,9,2122.0,135.0
28514,9,1318.0,123.0
28515,9,34.0,206.0
28516,9,880.0,164.0
28517,9,210.0,155.0
28518,9,32.0,147.0
28519,9,6513.0,205.0
28520,9,779.0,327.0
28521,9,1055.0,327.0
28522,9,1546.0,121.0
28523,9,98.0,158.0
28524,9,581.0,167.0
28525,9,1953.0,117.0
28526,9,2264.0,122.0
28527,9,2236.0,128.0
28528,9,730.0,130.0
28529,9,4204.0,352.0
28530,9,852.0,352.0
28531,9,63.0,114.0
28532,9,47.0,114.0
28533,9,52.0,188.0
28534,9,5989.0,188.0
28535,9,1987.0,184.0
28536,9,29.0,184.0
28537,9,233.0,175.0
28538,9,463.0,173.0
28539,9,502.0,182.0
28540,9,2377.0,128.0
28541,9,149.0,215.0
28542,9,1959.0,215.0
28543,9,11359.0,352.0
28544,9,26514.0,184.0
28545,9,7748.0,240.0
28546,9,510.0,188.0
28547,9,78.0,194.0
28548,9,87.0,245.0
28549,9,258.0,203.0
28550,9,1712.0,186.0
28551,9,2463.0,176.0
28552,9,859.0,125.0
28553,9,698.0,185.0
28554,9,154.0,194.0
28555,9,909.0,132.0
28556,9,4361.0,201.0
28557,9,113.0,99.0
28558,9,5427.0,185.0
28559,9,830.0,177.0
28560,9,408.0,204.0
28561,9,1319.0,205.0
28562,9,79.0,122.0
28563,9,958.0,132.0
28564,9,350.0,114.0
28565,9,640.0,114.0
28566,9,2647.0,131.0
28567,9,21547.0,185.0
28568,9,33.0,158.0
28569,9,27.0,158.0
28570,9,110.0,158.0
28571,9,451.0,135.0
28572,9,346.0,135.0
28573,9,120.0,126.0
28574,9,1984.0,185.0
28575,9,2595.0,120.0
28576,9,135.0,191.0
28577,9,6174.0,140.0
28578,9,671.0,255.0
28579,9,148.0,183.0
28580,9,2453.0,159.0
28581,9,469.0,192.0
28582,9,17.0,201.0
28583,9,26.0,201.0
28584,9,248.0,217.0
28585,9,478.0,122.0
28586,9,150.0,107.0
28587,9,68.0,153.0
28588,9,78161.0,306.0
28589,9,187.0,123.0
28590,9,2560.0,123.0
28591,9,5057.0,178.0
28592,9,1195.0,185.0
28593,9,935.0,176.0
28594,9,150.0,245.0
28595,9,507.0,127.0
28596,9,414.0,120.0
28597,9,68.0,357.0
28598,9,8991.0,197.0
28599,9,36454.0,283.0
28600,9,11567.0,283.0
28601,9,6605.0,129.0
28602,9,323.0,133.0
28603,9,84.0,102.0
28604,9,5299.0,213.0
28605,9,7262.0,209.0
28606,9,13.0,123.0
28607,9,34.0,180.0
28608,9,579.0,190.0
28609,9,13937.0,128.0
28610,9,425.0,128.0
28611,9,5094.0,167.0
28612,9,26.0,203.0
28613,9,1321.0,203.0
28614,9,187.0,209.0
28615,9,124.0,144.0
28616,9,303.0,144.0
28617,9,8976.0,144.0
28618,9,4353.0,118.0
28619,9,174.0,187.0
28620,9,112.0,194.0
28621,9,58661.0,135.0
28622,9,47136.0,195.0
28623,9,86365.0,444.0
28624,9,141.0,189.0
28625,9,310.0,189.0
28626,9,666.0,195.0
28627,9,73.0,191.0
28628,9,175580.0,174.0
28629,9,6799.0,115.0
28630,9,432.0,181.0
28631,9,366.0,211.0
28632,9,202155.0,142.0
28633,9,681.0,142.0
28634,9,237.0,100.0
28635,9,7.0,100.0
28636,9,89.0,180.0
28637,9,1335.0,139.0
28638,9,1741.0,177.0
28639,9,920.0,189.0
28640,9,820.0,139.0
28641,9,235.0,142.0
28642,9,1251.0,145.0
28643,9,8.0,100.0
28644,9,10678.0,205.0
28645,9,13506.0,172.0
28646,9,38.0,119.0
28647,9,9599.0,209.0
28648,9,8639.0,112.0
28649,9,2909.0,123.0
28650,9,1440.0,123.0
28651,9,220.0,114.0
28652,9,1981.0,193.0
28653,9,1034.0,173.0
28654,9,246.0,197.0
28655,9,1267.0,106.0
28656,9,2599.0,135.0
28657,9,180.0,131.0
28658,9,450.0,183.0
28659,9,47.0,125.0
28660,9,2529.0,99.0
28661,9,39.0,154.0
28662,9,3346.0,249.0
28663,9,816.0,249.0
28664,9,46.0,128.0
28665,9,330.0,118.0
28666,9,37.0,122.0
28667,9,35.0,183.0
28668,9,362.0,202.0
28669,9,10.0,201.0
28670,9,431.0,109.0
28671,9,431.0,142.0
28672,9,260.0,109.0
28673,9,260.0,142.0
28674,9,1821.0,174.0
28675,9,96.0,185.0
28676,9,10946.0,120.0
28677,9,500.0,129.0
28678,9,425.0,121.0
28679,9,2281.0,135.0
28680,9,551.0,179.0
28681,9,503.0,118.0
28682,9,18.0,121.0
28683,9,1556.0,123.0
28684,9,2243.0,121.0
28685,9,1051.0,121.0
28686,9,3526.0,121.0
28687,9,1625.0,121.0
28688,9,390.0,175.0
28689,9,257.0,130.0
28690,9,4080.0,189.0
28691,9,1287.0,387.0
28692,9,10.0,191.0
28693,9,2715.0,126.0
28694,9,26.0,126.0
28695,9,24.0,210.0
28696,9,36723.0,132.0
28697,9,516.0,182.0
28698,9,32503.0,171.0
28699,9,300030.0,188.0
28700,9,1940.0,154.0
28701,9,219.0,137.0
28702,9,317.0,184.0
28703,9,734.0,137.0
28704,9,934.0,137.0
28705,9,891.0,191.0
28706,9,34.0,185.0
28707,9,274.0,210.0
28708,9,1083.0,130.0
28709,9,197.0,177.0
28710,9,2307.0,126.0
28711,9,12016.0,121.0
28712,9,265.0,189.0
28713,9,3865.0,175.0
28714,9,2069.0,184.0
28715,9,894.0,175.0
28716,9,1075.0,128.0
28717,9,439.0,98.0
28718,9,38.0,119.0
28719,9,963.0,191.0
28720,9,7736.0,114.0
28721,9,2712.0,193.0
28722,9,4184.0,387.0
28723,9,20084.0,131.0
28724,9,1017.0,186.0
28725,9,9755.0,165.0
28726,9,31.0,181.0
28727,9,1921.0,219.0
28728,9,5643.0,188.0
28729,9,637.0,387.0
28730,9,745.0,201.0
28731,9,14.0,387.0
28732,9,55.0,180.0
28733,9,477.0,159.0
28734,9,27.0,194.0
28735,9,2623.0,127.0
28736,9,139626.0,220.0
28737,9,13668.0,387.0
28738,9,1948.0,193.0
28739,9,131.0,194.0
28740,9,28.0,127.0
28741,9,5117.0,136.0
28742,9,746.0,125.0
28743,9,14573.0,113.0
28744,9,718.0,193.0
28745,9,30.0,181.0
28746,9,290.0,254.0
28747,9,1641.0,138.0
28748,9,311.0,181.0
28749,9,1579.0,190.0
28750,9,137.0,193.0
28751,9,1297.0,162.0
28752,9,89.0,302.0
28753,9,48007.0,137.0
28754,9,85.0,213.0
28755,9,39395.0,125.0
28756,9,83.0,158.0
28757,9,277.0,220.0
28758,9,17836.0,132.0
28759,9,126.0,132.0
28760,9,227.0,178.0
28761,9,590.0,113.0
28762,9,48675.0,210.0
28763,9,26250.0,132.0
28764,9,47707.0,127.0
28765,9,19236.0,125.0
28766,9,951.0,107.0
28767,9,3216.0,133.0
28768,9,590.0,182.0
28769,9,145.0,181.0
28770,9,814.0,190.0
28771,8,60621.0,224.0
28772,8,1819.0,224.0
28773,8,339.0,118.0
28774,8,27.0,117.0
28775,8,330.0,117.0
28776,8,147.0,117.0
28777,8,70.0,93.0
28778,8,3291.0,121.0
28779,8,4844.0,120.0
28780,8,11055.0,184.0
28781,8,85003.0,210.0
28782,8,7.0,114.0
28783,8,9.0,114.0
28784,8,11.0,114.0
28785,8,1933.0,122.0
28786,8,9418.0,120.0
28787,8,2054.0,111.0
28788,8,202.0,130.0
28789,8,207.0,114.0
28790,8,173.0,161.0
28791,8,524.0,209.0
28792,8,42.0,168.0
28793,8,7123.0,172.0
28794,8,14453.0,114.0
28795,8,476.0,111.0
28796,8,231.0,185.0
28797,8,113.0,143.0
28798,8,1452.0,225.0
28799,8,1697.0,211.0
28800,8,62.0,182.0
28801,8,2556.0,111.0
28802,8,24808.0,111.0
28803,8,36324.0,112.0
28804,8,719.0,169.0
28805,8,289.0,175.0
28806,8,340.0,122.0
28807,8,6864.0,122.0
28808,8,942.0,191.0
28809,8,277.0,181.0
28810,8,13.0,214.0
28811,8,17.0,214.0
28812,8,46.0,183.0
28813,8,15.0,190.0
28814,8,1543.0,190.0
28815,8,79.0,195.0
28816,8,2569.0,157.0
28817,8,58323.0,195.0
28818,8,1078.0,189.0
28819,8,54.0,158.0
28820,8,308.0,189.0
28821,8,1207.0,121.0
28822,8,107.0,119.0
28823,8,214.0,163.0
28824,8,298.0,124.0
28825,8,684.0,204.0
28826,8,774.0,115.0
28827,8,1372.0,122.0
28828,8,564.0,148.0
28829,8,43.0,168.0
28830,8,727.0,193.0
28831,8,2313.0,193.0
28832,8,38.0,168.0
28833,8,1486.0,143.0
28834,8,31331.0,205.0
28835,8,23197.0,132.0
28836,8,893.0,124.0
28837,8,65919.0,185.0
28838,8,32430.0,185.0
28839,8,3708.0,392.0
28840,8,914.0,195.0
28841,8,4095.0,195.0
28842,8,1352.0,195.0
28843,8,740.0,195.0
28844,8,1803.0,214.0
28845,8,4785.0,116.0
28846,8,58.0,203.0
28847,8,5851.0,192.0
28848,8,128.0,203.0
28849,8,1884.0,193.0
28850,8,1446.0,92.0
28851,8,156.0,319.0
28852,8,1035.0,112.0
28853,8,434.0,168.0
28854,8,450.0,151.0
28855,8,7947.0,153.0
28856,8,154.0,128.0
28857,8,249.0,193.0
28858,8,254.0,279.0
28859,8,23.0,279.0
28860,8,9717.0,195.0
28861,8,4671.0,127.0
28862,8,1864.0,279.0
28863,8,5198.0,279.0
28864,8,216907.0,219.0
28865,8,3157.0,99.0
28866,8,28853.0,310.0
28867,8,1335.0,190.0
28868,8,83.0,139.0
28869,8,41.0,139.0
28870,8,41.0,139.0
28871,8,61346.0,147.0
28872,8,4094.0,120.0
28873,8,503.0,117.0
28874,8,330.0,183.0
28875,8,904.0,184.0
28876,8,131.0,137.0
28877,8,208.0,176.0
28878,8,3400.0,126.0
28879,8,1184.0,217.0
28880,8,15.0,217.0
28881,8,22655.0,185.0
28882,8,29067.0,185.0
28883,8,35076.0,185.0
28884,8,33441.0,185.0
28885,8,41.0,139.0
28886,8,922.0,195.0
28887,8,364.0,182.0
28888,8,914.0,196.0
28889,8,29852.0,185.0
28890,8,28706.0,185.0
28891,8,28151.0,185.0
28892,8,11898.0,185.0
28893,8,5111.0,127.0
28894,8,953.0,113.0
28895,8,52.0,118.0
28896,8,26.0,357.0
28897,8,868.0,192.0
28898,8,810.0,128.0
28899,8,95.0,151.0
28900,8,572.0,151.0
28901,8,143.0,162.0
28902,8,52.0,139.0
28903,8,64.0,156.0
28904,8,73411.0,177.0
28905,8,374.0,196.0
28906,8,697.0,196.0
28907,8,45652.0,127.0
28908,8,380.0,118.0
28909,8,2050.0,117.0
28910,8,28759.0,189.0
28911,8,2576.0,126.0
28912,8,2699.0,126.0
28913,8,80.0,114.0
28914,8,192.0,175.0
28915,8,425.0,137.0
28916,8,4316.0,196.0
28917,8,522.0,196.0
28918,8,1162.0,189.0
28919,8,2687.0,237.0
28920,8,13.0,158.0
28921,8,937.0,181.0
28922,8,695.0,179.0
28923,8,7341.0,128.0
28924,8,1482.0,151.0
28925,8,38507.0,264.0
28926,8,4491.0,184.0
28927,8,839.0,126.0
28928,8,93983.0,145.0
28929,8,3110.0,219.0
28930,8,913.0,189.0
28931,8,83.0,196.0
28932,8,448.0,137.0
28933,8,193.0,121.0
28934,8,657.0,122.0
28935,8,6549.0,196.0
28936,8,560.0,112.0
28937,8,4030.0,181.0
28938,8,159.0,183.0
28939,8,0.0,100.0
28940,8,4153.0,209.0
28941,8,194.0,121.0
28942,8,1793.0,175.0
28943,8,6469.0,223.0
28944,8,1834.0,151.0
28945,8,324.0,196.0
28946,8,226.0,181.0
28947,8,628.0,122.0
28948,8,67.0,156.0
28949,8,2938.0,131.0
28950,8,1996.0,142.0
28951,8,439.0,189.0
28952,8,91.0,180.0
28953,8,449.0,222.0
28954,8,36762.0,156.0
28955,8,3142.0,156.0
28956,8,214.0,176.0
28957,8,1285.0,179.0
28958,8,3852.0,112.0
28959,8,63.0,135.0
28960,8,6530.0,137.0
28961,8,91.0,195.0
28962,8,153.0,173.0
28963,8,239.0,173.0
28964,8,774.0,193.0
28965,8,883.0,113.0
28966,8,32478.0,125.0
28967,8,9019.0,215.0
28968,8,482.0,120.0
28969,8,16818.0,189.0
28970,8,240.0,189.0
28971,8,277.0,111.0
28972,8,568.0,124.0
28973,8,5590.0,215.0
28974,8,73.0,181.0
28975,8,1291.0,252.0
28976,8,1244.0,187.0
28977,8,51.0,159.0
28978,8,146.0,100.0
28979,8,43.0,100.0
28980,8,6793.0,135.0
28981,8,1753.0,132.0
28982,8,1531.0,142.0
28983,8,293.0,222.0
28984,8,49092.0,222.0
28985,8,1375.0,123.0
28986,8,528.0,193.0
28987,8,1952.0,213.0
28988,8,0.0,100.0
28989,8,600.0,183.0
28990,8,2325.0,116.0
28991,8,1188.0,101.0
28992,8,2188.0,101.0
28993,8,3113.0,117.0
28994,8,126.0,96.0
28995,8,61.0,122.0
28996,8,132.0,116.0
28997,8,229.0,196.0
28998,8,36.0,158.0
28999,8,490.0,196.0
29000,8,24.0,179.0
29001,8,638.0,160.0
29002,8,1740.0,174.0
29003,8,14960.0,198.0
29004,8,5764.0,199.0
29005,8,68.0,178.0
29006,8,14289.0,219.0
29007,8,26887.0,126.0
29008,8,53.0,179.0
29009,8,768.0,133.0
29010,8,89717.0,104.0
29011,8,42.0,194.0
29012,8,1579.0,121.0
29013,8,170665.0,146.0
29014,8,82883.0,171.0
29015,8,36.0,190.0
29016,8,319.0,177.0
29017,8,6238.0,167.0
29018,8,1228.0,168.0
29019,8,8.0,124.0
29020,8,168.0,134.0
29021,8,1276.0,143.0
29022,8,3813.0,139.0
29023,8,307.0,143.0
29024,8,8451.0,135.0
29025,8,672.0,85.0
29026,8,4643.0,140.0
29027,8,3011.0,210.0
29028,8,461.0,181.0
29029,8,1934.0,137.0
29030,8,7.0,201.0
29031,8,83.0,158.0
29032,8,30.0,142.0
29033,8,596.0,182.0
29034,8,98.0,115.0
29035,8,48.0,178.0
29036,8,131.0,128.0
29037,8,6138.0,128.0
29038,8,1000.0,132.0
29039,8,1112.0,140.0
29040,8,303.0,190.0
29041,8,438.0,210.0
29042,8,229.0,129.0
29043,8,123.0,129.0
29044,8,46223.0,127.0
29045,8,2264.0,191.0
29046,8,1031.0,122.0
29047,8,1510.0,184.0
29048,8,0.0,117.0
29049,8,3016.0,355.0
29050,8,286.0,81.0
29051,8,770.0,190.0
29052,8,2459.0,121.0
29053,8,336.0,182.0
29054,8,58.0,120.0
29055,8,538.0,166.0
29056,8,691.0,166.0
29057,8,91440.0,187.0
29058,8,3959.0,125.0
29059,8,3944.0,125.0
29060,8,2525.0,125.0
29061,8,2474.0,186.0
29062,8,96.0,195.0
29063,8,188.0,190.0
29064,8,181.0,155.0
29065,8,60298.0,173.0
29066,8,1306.0,200.0
29067,8,616.0,174.0
29068,8,6080.0,120.0
29069,8,7843.0,202.0
29070,8,84.0,189.0
29071,8,4781.0,197.0
29072,8,1539.0,184.0
29073,8,8245.0,127.0
29074,8,467.0,186.0
29075,8,442.0,131.0
29076,8,20.0,174.0
29077,8,199.0,174.0
29078,8,139.0,509.0
29079,8,87.0,158.0
29080,8,741.0,139.0
29081,8,13.0,196.0
29082,8,282.0,98.0
29083,8,47329.0,230.0
29084,8,3115.0,147.0
29085,8,451.0,178.0
29086,8,547.0,178.0
29087,8,9300.0,178.0
29088,8,2212.0,134.0
29089,8,266.0,176.0
29090,8,277.0,187.0
29091,8,212.0,187.0
29092,8,106.0,150.0
29093,8,4817.0,224.0
29094,8,35458.0,203.0
29095,8,91.0,184.0
29096,8,206.0,190.0
29097,8,2605.0,190.0
29098,8,633.0,175.0
29099,8,3266.0,190.0
29100,8,228.0,184.0
29101,8,956.0,142.0
29102,8,4719.0,184.0
29103,8,1159.0,195.0
29104,8,181.0,116.0
29105,8,856.0,190.0
29106,8,4323.0,97.0
29107,8,7564.0,154.0
29108,8,409.0,195.0
29109,8,116.0,195.0
29110,8,77.0,195.0
29111,8,19.0,187.0
29112,8,109.0,187.0
29113,8,296.0,178.0
29114,8,4459.0,119.0
29115,8,2.0,126.0
29116,8,363.0,126.0
29117,8,8206.0,154.0
29118,8,49980.0,154.0
29119,8,145.0,189.0
29120,8,4845.0,190.0
29121,8,55.0,190.0
29122,8,30.0,190.0
29123,8,3597.0,114.0
29124,8,103.0,125.0
29125,8,443.0,116.0
29126,8,30.0,175.0
29127,8,2283.0,120.0
29128,8,12635.0,143.0
29129,8,212.0,145.0
29130,8,1154.0,186.0
29131,8,3858.0,190.0
29132,8,853.0,104.0
29133,8,197.0,185.0
29134,8,588.0,189.0
29135,8,23540.0,176.0
29136,8,16041.0,176.0
29137,8,1709.0,176.0
29138,8,775.0,333.0
29139,8,849.0,333.0
29140,8,4515.0,126.0
29141,8,2213.0,534.0
29142,8,756.0,189.0
29143,8,4079.0,158.0
29144,8,252.0,87.0
29145,8,1544.0,119.0
29146,8,1295.0,141.0
29147,8,65695.0,194.0
29148,8,300115.0,189.0
29149,8,2467.0,185.0
29150,8,1051.0,188.0
29151,8,255.0,126.0
29152,8,886.0,176.0
29153,8,3425.0,212.0
29154,8,327.0,168.0
29155,8,10397.0,180.0
29156,8,1564.0,137.0
29157,8,10112.0,194.0
29158,8,6168.0,194.0
29159,8,36416.0,194.0
29160,8,4778.0,136.0
29161,8,821.0,167.0
29162,8,262179.0,187.0
29163,8,155.0,216.0
29164,8,110004.0,128.0
29165,8,1151.0,119.0
29166,8,45985.0,211.0
29167,8,50.0,174.0
29168,8,34.0,174.0
29169,8,2122.0,110.0
29170,8,25897.0,154.0
29171,8,38695.0,154.0
29172,8,350.0,125.0
29173,8,1354.0,143.0
29174,8,3964.0,143.0
29175,8,1024.0,179.0
29176,8,144.0,179.0
29177,8,292.0,197.0
29178,8,254.0,190.0
29179,8,1257.0,180.0
29180,8,8908.0,155.0
29181,8,791.0,185.0
29182,8,305.0,200.0
29183,8,103.0,114.0
29184,8,914.0,125.0
29185,8,221.0,209.0
29186,8,60.0,177.0
29187,8,4262.0,202.0
29188,8,116.0,187.0
29189,8,41.0,187.0
29190,8,74483.0,151.0
29191,8,9211.0,182.0
29192,8,10917.0,122.0
29193,8,12603.0,165.0
29194,8,6660.0,190.0
29195,8,181.0,185.0
29196,8,236.0,126.0
29197,8,88.0,203.0
29198,8,268.0,264.0
29199,8,137.0,387.0
29200,8,13716.0,199.0
29201,8,573.0,387.0
29202,8,1147.0,387.0
29203,8,65.0,107.0
29204,8,85.0,200.0
29205,8,2056.0,117.0
29206,8,358.0,126.0
29207,8,72833.0,203.0
29208,8,380.0,129.0
29209,8,2210.0,118.0
29210,8,1255.0,121.0
29211,8,1584.0,121.0
29212,8,3195.0,182.0
29213,8,8.0,182.0
29214,8,1809.0,196.0
29215,8,1611.0,140.0
29216,8,57.0,209.0
29217,8,10451.0,154.0
29218,8,1502.0,107.0
29219,8,890.0,107.0
29220,8,1439.0,107.0
29221,8,1792.0,181.0
29222,8,1183.0,180.0
29223,8,358.0,121.0
29224,8,3276.0,225.0
29225,8,383.0,200.0
29226,8,197.0,201.0
29227,8,106211.0,161.0
29228,8,1224.0,126.0
29229,8,2582.0,352.0
29230,8,6272.0,193.0
29231,8,214.0,123.0
29232,8,37.0,123.0
29233,8,57396.0,150.0
29234,8,468.0,194.0
29235,8,993.0,194.0
29236,8,4573.0,123.0
29237,8,167.0,287.0
29238,8,7223.0,210.0
29239,8,5547.0,136.0
29240,8,749.0,92.0
29241,8,224.0,92.0
29242,8,4087.0,119.0
29243,8,137.0,114.0
29244,8,31733.0,135.0
29245,8,27.0,123.0
29246,8,42.0,114.0
29247,8,18076.0,122.0
29248,8,576.0,195.0
29249,8,982.0,193.0
29250,8,87.0,199.0
29251,8,7196.0,146.0
29252,8,135.0,174.0
29253,8,636.0,213.0
29254,8,5333.0,95.0
29255,8,1090.0,107.0
29256,8,3946.0,134.0
29257,8,193.0,131.0
29258,8,79.0,124.0
29259,8,64.0,138.0
29260,8,1036.0,145.0
29261,8,103.0,392.0
29262,8,103.0,392.0
29263,8,916.0,195.0
29264,8,3197.0,147.0
29265,8,379.0,305.0
29266,8,511.0,121.0
29267,8,325.0,186.0
29268,8,1858.0,142.0
29269,8,4796.0,461.0
29270,8,179.0,173.0
29271,8,433.0,120.0
29272,8,378.0,120.0
29273,8,1755.0,113.0
29274,8,2565.0,199.0
29275,8,661.0,184.0
29276,8,847.0,184.0
29277,8,222.0,117.0
29278,8,2605.0,210.0
29279,8,2728.0,210.0
29280,8,184.0,185.0
29281,8,187.0,197.0
29282,8,474.0,220.0
29283,8,216.0,103.0
29284,8,68682.0,117.0
29285,8,22.0,185.0
29286,8,79.0,185.0
29287,8,129.0,107.0
29288,8,62.0,168.0
29289,8,203.0,209.0
29290,8,503.0,184.0
29291,8,6698.0,90.0
29292,8,76121.0,191.0
29293,8,22.0,160.0
29294,8,89186.0,130.0
29295,8,16530.0,278.0
29296,8,51364.0,278.0
29297,8,1134.0,121.0
29298,8,539.0,155.0
29299,8,31176.0,144.0
29300,8,3314.0,132.0
29301,8,2823.0,151.0
29302,8,8393.0,274.0
29303,8,9015.0,321.0
29304,8,863.0,188.0
29305,8,102.0,234.0
29306,8,152.0,114.0
29307,8,68.0,301.0
29308,8,236.0,114.0
29309,8,119.0,124.0
29310,8,365.0,196.0
29311,8,1615.0,174.0
29312,8,5921.0,191.0
29313,8,261.0,116.0
29314,8,6084.0,116.0
29315,8,196.0,123.0
29316,8,1780.0,93.0
29317,8,2241.0,179.0
29318,8,497.0,111.0
29319,8,16371.0,168.0
29320,8,1202.0,123.0
29321,8,1309.0,165.0
29322,8,359.0,207.0
29323,8,831.0,160.0
29324,8,893.0,207.0
29325,8,141.0,116.0
29326,8,61.0,205.0
29327,8,201.0,148.0
29328,8,1554.0,186.0
29329,8,144.0,234.0
29330,8,1370.0,155.0
29331,8,8.0,180.0
29332,8,2561.0,168.0
29333,8,2944.0,187.0
29334,8,21.0,132.0
29335,8,1415.0,191.0
29336,8,66.0,139.0
29337,8,15319.0,172.0
29338,8,11845.0,172.0
29339,8,371.0,205.0
29340,8,6850.0,124.0
29341,8,17263.0,120.0
29342,8,140.0,224.0
29343,8,5.0,183.0
29344,8,4383.0,172.0
29345,8,454.0,176.0
29346,8,2144.0,119.0
29347,8,5288.0,244.0
29348,8,366.0,120.0
29349,8,5319.0,141.0
29350,8,125.0,229.0
29351,8,541460.0,133.0
29352,7,68.0,116.0
29353,7,323.0,117.0
29354,7,485.0,127.0
29355,7,946.0,126.0
29356,7,7506.0,275.0
29357,7,3277.0,210.0
29358,7,891.0,108.0
29359,7,3504.0,143.0
29360,7,26.0,154.0
29361,7,1121.0,108.0
29362,7,328.0,108.0
29363,7,769.0,108.0
29364,7,902.0,108.0
29365,7,1819.0,108.0
29366,7,1019.0,108.0
29367,7,12984.0,117.0
29368,7,1674.0,160.0
29369,7,894.0,118.0
29370,7,45731.0,120.0
29371,7,155.0,182.0
29372,7,1528.0,118.0
29373,7,5.0,203.0
29374,7,667.0,191.0
29375,7,144.0,108.0
29376,7,646.0,129.0
29377,7,2673.0,203.0
29378,7,7505.0,115.0
29379,7,102242.0,135.0
29380,7,108922.0,246.0
29381,7,617.0,180.0
29382,7,1436.0,365.0
29383,7,1849.0,365.0
29384,7,2653.0,224.0
29385,7,106.0,142.0
29386,7,858.0,162.0
29387,7,878.0,122.0
29388,7,2648.0,129.0
29389,7,716.0,126.0
29390,7,86.0,122.0
29391,7,119.0,122.0
29392,7,5123.0,109.0
29393,7,5640.0,196.0
29394,7,301.0,113.0
29395,7,4236.0,195.0
29396,7,10139.0,134.0
29397,7,1714.0,248.0
29398,7,8425.0,134.0
29399,7,407.0,245.0
29400,7,1617.0,119.0
29401,7,781.0,190.0
29402,7,2600.0,181.0
29403,7,277.0,177.0
29404,7,3277.0,185.0
29405,7,1335.0,96.0
29406,7,8730.0,152.0
29407,7,2370.0,228.0
29408,7,98.0,165.0
29409,7,2572.0,261.0
29410,7,106.0,246.0
29411,7,52.0,246.0
29412,7,1046.0,149.0
29413,7,1205.0,195.0
29414,7,19229.0,167.0
29415,7,50649.0,167.0
29416,7,14273.0,146.0
29417,7,14569.0,146.0
29418,7,8.0,156.0
29419,7,81.0,124.0
29420,7,617.0,205.0
29421,7,386.0,119.0
29422,7,4529.0,197.0
29423,7,195.0,138.0
29424,7,174.0,120.0
29425,7,239.0,159.0
29426,7,0.0,167.0
29427,7,17672.0,136.0
29428,7,1501.0,136.0
29429,7,3770.0,136.0
29430,7,5896.0,136.0
29431,7,99.0,115.0
29432,7,19.0,195.0
29433,7,1794.0,113.0
29434,7,2760.0,168.0
29435,7,996.0,123.0
29436,7,575.0,184.0
29437,7,41.0,184.0
29438,7,23.0,118.0
29439,7,418.0,209.0
29440,7,114.0,103.0
29441,7,967.0,193.0
29442,7,21.0,193.0
29443,7,659.0,123.0
29444,7,64.0,201.0
29445,7,138.0,127.0
29446,7,1271.0,184.0
29447,7,757.0,115.0
29448,7,23440.0,167.0
29449,7,61.0,167.0
29450,7,10294.0,131.0
29451,7,175.0,392.0
29452,7,99.0,392.0
29453,7,1888.0,392.0
29454,7,48.0,194.0
29455,7,5875.0,159.0
29456,7,134.0,169.0
29457,7,12588.0,209.0
29458,7,2454.0,111.0
29459,7,115.0,215.0
29460,7,1177.0,120.0
29461,7,356.0,120.0
29462,7,15590.0,86.0
29463,7,68.0,125.0
29464,7,139.0,165.0
29465,7,192.0,193.0
29466,7,450.0,155.0
29467,7,19137.0,516.0
29468,7,7973.0,116.0
29469,7,8580.0,261.0
29470,7,3752.0,123.0
29471,7,9314.0,190.0
29472,7,408.0,181.0
29473,7,3806.0,188.0
29474,7,166.0,129.0
29475,7,120.0,129.0
29476,7,115.0,170.0
29477,7,24625.0,170.0
29478,7,1067.0,170.0
29479,7,1291.0,95.0
29480,7,2560.0,185.0
29481,7,394.0,201.0
29482,7,589.0,201.0
29483,7,2088.0,206.0
29484,7,178.0,84.0
29485,7,1077.0,121.0
29486,7,54837.0,219.0
29487,7,2440.0,92.0
29488,7,9690.0,179.0
29489,7,7784.0,116.0
29490,7,13.0,191.0
29491,7,353.0,178.0
29492,7,36.0,186.0
29493,7,3166.0,203.0
29494,7,884.0,192.0
29495,7,5800.0,143.0
29496,7,230.0,185.0
29497,7,63943.0,128.0
29498,7,252.0,122.0
29499,7,1925.0,185.0
29500,7,8371.0,182.0
29501,7,19.0,180.0
29502,7,185.0,187.0
29503,7,2063.0,133.0
29504,7,102.0,332.0
29505,7,4413.0,131.0
29506,7,1292.0,121.0
29507,7,419.0,122.0
29508,7,127.0,116.0
29509,7,123.0,147.0
29510,7,24.0,120.0
29511,7,323.0,181.0
29512,7,7512.0,114.0
29513,7,607.0,222.0
29514,7,130.0,160.0
29515,7,5808.0,125.0
29516,7,183.0,184.0
29517,7,185.0,155.0
29518,7,560.0,112.0
29519,7,299.0,198.0
29520,7,811.0,170.0
29521,7,728.0,113.0
29522,7,5571.0,136.0
29523,7,132.0,188.0
29524,7,139.0,180.0
29525,7,1035.0,190.0
29526,7,95052.0,193.0
29527,7,2096.0,189.0
29528,7,10352.0,122.0
29529,7,1779.0,116.0
29530,7,657.0,213.0
29531,7,5565.0,127.0
29532,7,126.0,154.0
29533,7,439.0,189.0
29534,7,55466.0,122.0
29535,7,17358.0,185.0
29536,7,337.0,161.0
29537,7,4617.0,98.0
29538,7,559.0,188.0
29539,7,35936.0,176.0
29540,7,69.0,222.0
29541,7,593.0,222.0
29542,7,1125.0,133.0
29543,7,2003.0,221.0
29544,7,546.0,179.0
29545,7,510.0,179.0
29546,7,11489.0,90.0
29547,7,336.0,134.0
29548,7,210.0,118.0
29549,7,8.0,176.0
29550,7,722.0,120.0
29551,7,623.0,119.0
29552,7,140442.0,168.0
29553,7,736.0,124.0
29554,7,4232.0,114.0
29555,7,551.0,119.0
29556,7,604.0,120.0
29557,7,8.0,120.0
29558,7,530.0,104.0
29559,7,1881.0,221.0
29560,7,73812.0,128.0
29561,7,90.0,126.0
29562,7,245.0,202.0
29563,7,220.0,142.0
29564,7,146.0,196.0
29565,7,199.0,142.0
29566,7,535.0,117.0
29567,7,15411.0,203.0
29568,7,579.0,114.0
29569,7,747.0,121.0
29570,7,2.0,121.0
29571,7,535.0,122.0
29572,7,349.0,123.0
29573,7,296.0,184.0
29574,7,13270.0,216.0
29575,7,341.0,140.0
29576,7,70.0,140.0
29577,7,272.0,222.0
29578,7,14974.0,202.0
29579,7,27970.0,219.0
29580,7,64.0,140.0
29581,7,1614.0,140.0
29582,7,813.0,140.0
29583,7,1412.0,193.0
29584,7,140442.0,182.0
29585,7,8526.0,190.0
29586,7,87.0,191.0
29587,7,10169.0,201.0
29588,7,1023.0,210.0
29589,7,467.0,116.0
29590,7,534.0,121.0
29591,7,438.0,119.0
29592,7,482.0,121.0
29593,7,563.0,119.0
29594,7,857.0,118.0
29595,7,70.0,158.0
29596,7,1819.0,123.0
29597,7,471.0,126.0
29598,7,584.0,129.0
29599,7,584.0,108.0
29600,7,710.0,115.0
29601,7,2493.0,217.0
29602,7,1367.0,184.0
29603,7,683.0,126.0
29604,7,583.0,126.0
29605,7,265.0,140.0
29606,7,225.0,132.0
29607,7,152.0,193.0
29608,7,31.0,210.0
29609,7,2443.0,219.0
29610,7,1888.0,133.0
29611,7,42693.0,244.0
29612,7,211.0,202.0
29613,7,1482.0,153.0
29614,7,2197.0,133.0
29615,7,2285.0,126.0
29616,7,19668.0,199.0
29617,7,576.0,124.0
29618,7,37.0,141.0
29619,7,58941.0,131.0
29620,7,3886.0,91.0
29621,7,68.0,178.0
29622,7,253.0,125.0
29623,7,932.0,191.0
29624,7,344.0,175.0
29625,7,0.0,100.0
29626,7,2831.0,154.0
29627,7,3500.0,156.0
29628,7,7.0,100.0
29629,7,65208.0,129.0
29630,7,2113.0,138.0
29631,7,2885.0,139.0
29632,7,5317.0,128.0
29633,7,4088.0,133.0
29634,7,320.0,147.0
29635,7,5455.0,147.0
29636,7,515.0,126.0
29637,7,549.0,119.0
29638,7,2203.0,222.0
29639,7,96.0,181.0
29640,7,140.0,213.0
29641,7,31.0,115.0
29642,7,188.0,100.0
29643,7,42.0,100.0
29644,7,216.0,176.0
29645,7,844.0,193.0
29646,7,2036.0,189.0
29647,7,8900.0,130.0
29648,7,495.0,124.0
29649,7,723.0,124.0
29650,7,417.0,189.0
29651,7,24.0,162.0
29652,7,12.0,162.0
29653,7,68.0,191.0
29654,7,21875.0,131.0
29655,7,77634.0,137.0
29656,7,2685.0,137.0
29657,7,3742.0,137.0
29658,7,222.0,190.0
29659,7,77.0,100.0
29660,7,716.0,122.0
29661,7,11505.0,126.0
29662,7,547.0,218.0
29663,7,601330.0,148.0
29664,7,25594.0,191.0
29665,7,347.0,189.0
29666,7,15.0,158.0
29667,7,76.0,158.0
29668,7,81.0,83.0
29669,7,3602.0,196.0
29670,7,2092.0,184.0
29671,7,377.0,121.0
29672,7,4819.0,126.0
29673,7,228.0,100.0
29674,7,808.0,216.0
29675,7,4.0,137.0
29676,7,236.0,194.0
29677,7,324.0,180.0
29678,7,2368.0,183.0
29679,7,2135.0,183.0
29680,7,45.0,125.0
29681,7,2544.0,352.0
29682,7,69.0,185.0
29683,7,519.0,126.0
29684,7,31530.0,125.0
29685,7,72285.0,153.0
29686,7,276.0,233.0
29687,7,422.0,119.0
29688,7,16143.0,205.0
29689,7,241.0,197.0
29690,7,170.0,180.0
29691,7,208.0,184.0
29692,7,226.0,227.0
29693,7,1235.0,126.0
29694,7,1551.0,194.0
29695,7,264.0,108.0
29696,7,62.0,156.0
29697,7,22282.0,130.0
29698,7,1156.0,162.0
29699,7,1335.0,162.0
29700,7,5183.0,196.0
29701,7,731.0,145.0
29702,7,3243.0,118.0
29703,7,689.0,191.0
29704,7,4454.0,147.0
29705,7,163.0,181.0
29706,7,423.0,152.0
29707,7,248.0,180.0
29708,7,11910.0,193.0
29709,7,4731.0,135.0
29710,7,6274.0,150.0
29711,7,1354.0,147.0
29712,7,354.0,126.0
29713,7,2800.0,191.0
29714,7,613.0,119.0
29715,7,562.0,183.0
29716,7,23592.0,189.0
29717,7,637.0,180.0
29718,7,819.0,195.0
29719,7,49.0,218.0
29720,7,93.0,201.0
29721,7,8564.0,193.0
29722,7,1758.0,119.0
29723,7,277.0,159.0
29724,7,197.0,195.0
29725,7,3427.0,195.0
29726,7,688.0,195.0
29727,7,1477.0,195.0
29728,7,5945.0,144.0
29729,7,225.0,142.0
29730,7,10617.0,222.0
29731,7,13701.0,196.0
29732,7,669.0,196.0
29733,7,413.0,134.0
29734,7,750.0,188.0
29735,7,2315.0,187.0
29736,7,41993.0,120.0
29737,7,4445.0,195.0
29738,7,2128.0,195.0
29739,7,6556.0,165.0
29740,7,606.0,108.0
29741,7,1625.0,184.0
29742,7,1186.0,131.0
29743,7,6310.0,178.0
29744,7,4013.0,221.0
29745,7,81.0,139.0
29746,7,632.0,236.0
29747,7,1147.0,118.0
29748,7,3331.0,134.0
29749,7,783.0,131.0
29750,7,580.0,123.0
29751,7,4808.0,178.0
29752,7,8100.0,184.0
29753,7,2182.0,129.0
29754,7,48985.0,270.0
29755,7,3186.0,118.0
29756,7,1151.0,182.0
29757,7,11.0,114.0
29758,7,342.0,187.0
29759,7,538.0,226.0
29760,7,4006.0,153.0
29761,7,25318.0,114.0
29762,7,50.0,142.0
29763,7,600211.0,194.0
29764,7,939.0,173.0
29765,7,40.0,193.0
29766,7,419.0,118.0
29767,7,781.0,125.0
29768,7,1025.0,136.0
29769,7,1291.0,120.0
29770,7,500.0,151.0
29771,7,4984.0,153.0
29772,7,11450.0,165.0
29773,7,860.0,204.0
29774,7,16450.0,176.0
29775,7,60.0,249.0
29776,7,1395.0,193.0
29777,7,10.0,116.0
29778,7,52.0,158.0
29779,7,37.0,198.0
29780,7,1005.0,195.0
29781,7,2153.0,122.0
29782,7,591.0,163.0
29783,7,34.0,203.0
29784,7,806.0,203.0
29785,7,1382.0,516.0
29786,7,211.0,193.0
29787,7,1047.0,115.0
29788,7,21.0,168.0
29789,7,2017.0,143.0
29790,7,23111.0,184.0
29791,7,2124.0,207.0
29792,7,222.0,132.0
29793,7,431.0,120.0
29794,7,108.0,111.0
29795,7,1017.0,143.0
29796,7,680.0,225.0
29797,7,2033.0,116.0
29798,7,720.0,113.0
29799,7,32.0,178.0
29800,7,1365.0,108.0
29801,7,2138.0,129.0
29802,7,9412.0,394.0
29803,7,188480.0,119.0
29804,7,2346.0,191.0
29805,7,1861.0,192.0
29806,7,167.0,120.0
29807,7,3029.0,114.0
29808,7,4.0,116.0
29809,7,576.0,116.0
29810,7,268.0,183.0
29811,7,1575.0,209.0
29812,7,130.0,143.0
29813,7,49.0,180.0
29814,7,628.0,127.0
29815,7,673.0,94.0
29816,7,2080.0,212.0
29817,7,531.0,183.0
29818,7,2361.0,212.0
29819,7,319.0,263.0
29820,7,994.0,198.0
29821,7,138.0,143.0
29822,7,117.0,217.0
29823,7,1416.0,172.0
29824,7,956.0,108.0
29825,7,870.0,197.0
29826,7,233.0,141.0
29827,7,3290.0,141.0
29828,7,3008.0,187.0
29829,7,898.0,112.0
29830,7,946.0,183.0
29831,7,94.0,180.0
29832,7,66.0,122.0
29833,7,43530.0,119.0
29834,7,592.0,188.0
29835,7,67.0,139.0
29836,7,15534.0,189.0
29837,7,170.0,162.0
29838,7,463.0,203.0
29839,7,24097.0,199.0
29840,7,2159.0,172.0
29841,6,24041.0,120.0
29842,6,1163.0,130.0
29843,6,3113.0,130.0
29844,6,1165.0,162.0
29845,6,772.0,162.0
29846,6,875.0,162.0
29847,6,854.0,162.0
29848,6,823.0,162.0
29849,6,143.0,160.0
29850,6,2737.0,209.0
29851,6,399.0,105.0
29852,6,3513.0,179.0
29853,6,2576.0,207.0
29854,6,159.0,176.0
29855,6,27674.0,122.0
29856,6,6.0,175.0
29857,6,1935.0,154.0
29858,6,4227.0,148.0
29859,6,7258.0,121.0
29860,6,245.0,122.0
29861,6,340.0,131.0
29862,6,325.0,131.0
29863,6,349.0,152.0
29864,6,12335.0,210.0
29865,6,183.0,170.0
29866,6,1535.0,170.0
29867,6,375.0,209.0
29868,6,372.0,129.0
29869,6,1535.0,214.0
29870,6,1029.0,143.0
29871,6,6.0,189.0
29872,6,1039.0,206.0
29873,6,320.0,206.0
29874,6,331.0,206.0
29875,6,820.0,206.0
29876,6,68.0,163.0
29877,6,1368.0,175.0
29878,6,26.0,195.0
29879,6,3.0,211.0
29880,6,40752.0,114.0
29881,6,161.0,185.0
29882,6,195.0,93.0
29883,6,1463.0,225.0
29884,6,77.0,225.0
29885,6,3282.0,195.0
29886,6,325.0,206.0
29887,6,663.0,206.0
29888,6,368.0,206.0
29889,6,834.0,115.0
29890,6,17889.0,392.0
29891,6,1486.0,158.0
29892,6,1085.0,158.0
29893,6,778.0,255.0
29894,6,3683.0,206.0
29895,6,1082.0,189.0
29896,6,15.0,114.0
29897,6,6426.0,151.0
29898,6,39525.0,128.0
29899,6,48457.0,225.0
29900,6,974.0,225.0
29901,6,282.0,203.0
29902,6,158.0,142.0
29903,6,12445.0,147.0
29904,6,778.0,182.0
29905,6,975.0,206.0
29906,6,1256.0,225.0
29907,6,4448.0,225.0
29908,6,1738.0,136.0
29909,6,33.0,133.0
29910,6,268302.0,194.0
29911,6,671.0,204.0
29912,6,298.0,226.0
29913,6,2571.0,128.0
29914,6,58.0,167.0
29915,6,320.0,206.0
29916,6,328.0,206.0
29917,6,342.0,206.0
29918,6,93.0,124.0
29919,6,148.0,124.0
29920,6,181.0,225.0
29921,6,21179.0,225.0
29922,6,207.0,225.0
29923,6,2416.0,225.0
29924,6,8920.0,225.0
29925,6,10293.0,187.0
29926,6,7484.0,161.0
29927,6,7087.0,108.0
29928,6,475.0,112.0
29929,6,588.0,112.0
29930,6,2689.0,169.0
29931,6,449.0,226.0
29932,6,7759.0,226.0
29933,6,2586.0,190.0
29934,6,3092.0,204.0
29935,6,127.0,124.0
29936,6,12743.0,116.0
29937,6,96.0,124.0
29938,6,44.0,177.0
29939,6,719.0,127.0
29940,6,249.0,113.0
29941,6,18644.0,138.0
29942,6,5.0,183.0
29943,6,3462.0,214.0
29944,6,4196.0,163.0
29945,6,56.0,158.0
29946,6,16018.0,260.0
29947,6,88.0,124.0
29948,6,94.0,196.0
29949,6,4747.0,168.0
29950,6,393.0,115.0
29951,6,5708.0,210.0
29952,6,5265.0,174.0
29953,6,310.0,113.0
29954,6,781.0,173.0
29955,6,109.0,156.0
29956,6,7.0,158.0
29957,6,798.0,110.0
29958,6,317.0,133.0
29959,6,835.0,196.0
29960,6,615.0,140.0
29961,6,2414.0,184.0
29962,6,720.0,184.0
29963,6,12384.0,196.0
29964,6,2013.0,143.0
29965,6,1254.0,187.0
29966,6,3220.0,132.0
29967,6,139.0,181.0
29968,6,1.0,195.0
29969,6,361.0,124.0
29970,6,245.0,199.0
29971,6,20751.0,198.0
29972,6,622.0,143.0
29973,6,350.0,130.0
29974,6,4.0,130.0
29975,6,199.0,127.0
29976,6,45295.0,132.0
29977,6,56486.0,203.0
29978,6,2223.0,196.0
29979,6,378.0,122.0
29980,6,19835.0,127.0
29981,6,620.0,110.0
29982,6,579.0,142.0
29983,6,126247.0,245.0
29984,6,1239.0,127.0
29985,6,1536.0,120.0
29986,6,2400.0,162.0
29987,6,2379.0,162.0
29988,6,9.0,158.0
29989,6,153.0,162.0
29990,6,112.0,162.0
29991,6,22.0,162.0
29992,6,1166.0,128.0
29993,6,442.0,124.0
29994,6,444.0,124.0
29995,6,377.0,129.0
29996,6,612.0,189.0
29997,6,2099.0,164.0
29998,6,332.0,122.0
29999,6,332.0,125.0
30000,6,611.0,127.0
30001,6,1683.0,218.0
30002,6,150.0,120.0
30003,6,2097.0,128.0
30004,6,1109.0,195.0
30005,6,7094.0,126.0
30006,6,6662.0,130.0
30007,6,286.0,120.0
30008,6,375.0,123.0
30009,6,354.0,128.0
30010,6,561.0,124.0
30011,6,445.0,205.0
30012,6,205.0,223.0
30013,6,12.0,125.0
30014,6,887.0,188.0
30015,6,4550.0,118.0
30016,6,3292.0,130.0
30017,6,1310.0,106.0
30018,6,7591.0,123.0
30019,6,1120.0,123.0
30020,6,69.0,174.0
30021,6,8720.0,118.0
30022,6,2477.0,118.0
30023,6,28.0,141.0
30024,6,913.0,201.0
30025,6,1900.0,125.0
30026,6,83309.0,120.0
30027,6,294.0,127.0
30028,6,393.0,125.0
30029,6,332.0,123.0
30030,6,355.0,177.0
30031,6,409.0,120.0
30032,6,2703.0,185.0
30033,6,372.0,177.0
30034,6,4855.0,130.0
30035,6,280.0,152.0
30036,6,406.0,173.0
30037,6,262.0,128.0
30038,6,75.0,128.0
30039,6,70.0,128.0
30040,6,317.0,123.0
30041,6,734.0,122.0
30042,6,365.0,127.0
30043,6,414.0,174.0
30044,6,315.0,177.0
30045,6,9960.0,206.0
30046,6,18792.0,147.0
30047,6,11644.0,147.0
30048,6,11206.0,147.0
30049,6,5765.0,147.0
30050,6,65.0,158.0
30051,6,520.0,174.0
30052,6,16.0,174.0
30053,6,28106.0,127.0
30054,6,359.0,134.0
30055,6,1045.0,134.0
30056,6,140.0,114.0
30057,6,13.0,127.0
30058,6,231724.0,103.0
30059,6,1222.0,134.0
30060,6,30168.0,115.0
30061,6,2020.0,127.0
30062,6,131.0,182.0
30063,6,202.0,131.0
30064,6,98.0,195.0
30065,6,137.0,161.0
30066,6,415.0,113.0
30067,6,170602.0,203.0
30068,6,2292.0,131.0
30069,6,1066.0,115.0
30070,6,4532.0,282.0
30071,6,1015.0,179.0
30072,6,1734.0,234.0
30073,6,589.0,234.0
30074,6,452.0,171.0
30075,6,285.0,128.0
30076,6,6473.0,189.0
30077,6,193.0,193.0
30078,6,81.0,118.0
30079,6,162.0,187.0
30080,6,13.0,187.0
30081,6,170.0,106.0
30082,6,12199.0,149.0
30083,6,46087.0,136.0
30084,6,133247.0,188.0
30085,6,22515.0,188.0
30086,6,72792.0,188.0
30087,6,2500.0,120.0
30088,6,150.0,229.0
30089,6,270.0,177.0
30090,6,409.0,170.0
30091,6,330.0,176.0
30092,6,457.0,176.0
30093,6,368.0,176.0
30094,6,322.0,221.0
30095,6,3731.0,193.0
30096,6,252.0,131.0
30097,6,210.0,147.0
30098,6,997.0,317.0
30099,6,132.0,126.0
30100,6,701.0,147.0
30101,6,306.0,173.0
30102,6,411.0,183.0
30103,6,285.0,168.0
30104,6,387.0,176.0
30105,6,346.0,181.0
30106,6,103.0,183.0
30107,6,1185.0,183.0
30108,6,747.0,180.0
30109,6,27.0,187.0
30110,6,1610.0,125.0
30111,6,461.0,117.0
30112,6,6530.0,128.0
30113,6,2060.0,159.0
30114,6,15.0,138.0
30115,6,49.0,187.0
30116,6,82.0,187.0
30117,6,2668.0,187.0
30118,6,1241.0,188.0
30119,6,6989.0,126.0
30120,6,95.0,187.0
30121,6,69985.0,150.0
30122,6,43.0,177.0
30123,6,168.0,174.0
30124,6,272.0,111.0
30125,6,1594.0,183.0
30126,6,160.0,209.0
30127,6,9689.0,128.0
30128,6,2988.0,128.0
30129,6,1778.0,183.0
30130,6,64.0,92.0
30131,6,1784.0,92.0
30132,6,432.0,128.0
30133,6,63.0,179.0
30134,6,2942.0,188.0
30135,6,178645.0,119.0
30136,6,1251.0,122.0
30137,6,2683.0,193.0
30138,6,3602.0,192.0
30139,6,120.0,122.0
30140,6,267.0,191.0
30141,6,389.0,191.0
30142,6,18247.0,224.0
30143,6,1801.0,123.0
30144,6,1114.0,191.0
30145,6,2604.0,392.0
30146,6,2398.0,160.0
30147,6,217.0,305.0
30148,6,826.0,153.0
30149,6,1221.0,96.0
30150,6,1074.0,96.0
30151,6,506.0,96.0
30152,6,2227.0,177.0
30153,6,138.0,117.0
30154,6,911.0,134.0
30155,6,24.0,168.0
30156,6,3381.0,182.0
30157,6,3966.0,182.0
30158,6,157.0,217.0
30159,6,1623.0,181.0
30160,6,962.0,201.0
30161,6,129462.0,134.0
30162,6,94178.0,252.0
30163,6,191.0,238.0
30164,6,17.0,177.0
30165,6,377.0,189.0
30166,6,17.0,197.0
30167,6,1507.0,178.0
30168,6,2554.0,462.0
30169,6,2809.0,132.0
30170,6,4402.0,114.0
30171,6,2607.0,189.0
30172,6,5218.0,118.0
30173,6,1597.0,119.0
30174,6,525.0,188.0
30175,6,1075.0,138.0
30176,6,1550.0,125.0
30177,6,449.0,196.0
30178,6,20.0,129.0
30179,6,13.0,225.0
30180,6,1034.0,201.0
30181,6,2559.0,187.0
30182,6,24.0,195.0
30183,6,2004.0,228.0
30184,6,10327.0,204.0
30185,6,314.0,204.0
30186,6,277.0,130.0
30187,6,171.0,107.0
30188,6,421.0,168.0
30189,6,289.0,184.0
30190,6,40.0,199.0
30191,6,146.0,122.0
30192,6,2153.0,120.0
30193,6,887.0,120.0
30194,6,6.0,180.0
30195,6,42.0,187.0
30196,6,1421.0,120.0
30197,6,275086.0,223.0
30198,6,263.0,165.0
30199,6,5.0,227.0
30200,6,13.0,227.0
30201,6,142.0,165.0
30202,6,278.0,133.0
30203,6,4735.0,208.0
30204,6,12861.0,213.0
30205,6,23677.0,166.0
30206,6,4556.0,185.0
30207,6,283.0,163.0
30208,6,4148.0,194.0
30209,6,31975.0,166.0
30210,6,20.0,122.0
30211,6,15772.0,128.0
30212,6,9.0,192.0
30213,6,2072.0,134.0
30214,6,51.0,223.0
30215,6,13124.0,223.0
30216,6,712.0,178.0
30217,6,20.0,180.0
30218,6,1558.0,186.0
30219,6,139.0,194.0
30220,6,101.0,182.0
30221,6,61.0,225.0
30222,6,7165.0,180.0
30223,6,8964.0,180.0
30224,6,6221.0,180.0
30225,6,9293.0,180.0
30226,6,11021.0,180.0
30227,6,9985.0,180.0
30228,6,11229.0,180.0
30229,6,1696.0,119.0
30230,6,895.0,124.0
30231,6,512.0,172.0
30232,6,9123.0,172.0
30233,6,1840.0,172.0
30234,6,4268.0,185.0
30235,6,4708.0,185.0
30236,6,6198.0,126.0
30237,6,5266.0,185.0
30238,6,4740.0,185.0
30239,6,3112.0,185.0
30240,6,3395.0,185.0
30241,6,712.0,167.0
30242,6,31158.0,203.0
30243,6,79772.0,161.0
30244,6,56416.0,122.0
30245,6,28089.0,127.0
30246,6,1216.0,107.0
30247,6,300196.0,121.0
30248,6,79.0,111.0
30249,6,1360.0,116.0
30250,6,350.0,167.0
30251,6,41.0,184.0
30252,6,4954.0,180.0
30253,6,9159.0,180.0
30254,6,53896.0,201.0
30255,6,231.0,297.0
30256,6,4272.0,197.0
30257,6,99881.0,237.0
30258,6,1284.0,115.0
30259,6,678.0,172.0
30260,6,4290.0,124.0
30261,6,3522.0,146.0
30262,6,405.0,110.0
30263,6,1108.0,197.0
30264,6,5.0,225.0
30265,6,663.0,197.0
30266,6,86377.0,177.0
30267,6,767.0,133.0
30268,6,14888.0,122.0
30269,6,3925.0,185.0
30270,6,4965.0,99.0
30271,6,1665.0,155.0
30272,6,669.0,170.0
30273,6,140.0,220.0
30274,6,42.0,115.0
30275,6,528.0,134.0
30276,6,15399.0,174.0
30277,6,24738.0,165.0
30278,6,17129.0,143.0
30279,6,55.0,85.0
30280,6,550.0,171.0
30281,6,1678.0,168.0
30282,6,17276.0,158.0
30283,6,56.0,197.0
30284,6,404.0,197.0
30285,6,3809.0,125.0
30286,6,131566.0,141.0
30287,6,20040.0,141.0
30288,6,19712.0,141.0
30289,6,1018.0,130.0
30290,6,711.0,121.0
30291,6,1018.0,94.0
30292,6,899.0,94.0
30293,6,2368.0,202.0
30294,6,644.0,198.0
30295,6,13021.0,214.0
30296,6,35.0,164.0
30297,6,157.0,181.0
30298,6,429.0,181.0
30299,6,486.0,131.0
30300,6,384.0,131.0
30301,6,299.0,131.0
30302,6,921.0,170.0
30303,6,24.0,193.0
30304,6,23.0,193.0
30305,6,24.0,193.0
30306,6,1410.0,213.0
30307,6,7734.0,129.0
30308,6,538.0,108.0
30309,6,9029.0,125.0
30310,6,396.0,132.0
30311,6,5224.0,95.0
30312,6,900.0,147.0
30313,6,28.0,155.0
30314,6,155.0,278.0
30315,6,22348.0,141.0
30316,6,21782.0,141.0
30317,6,19639.0,141.0
30318,6,133.0,132.0
30319,6,148.0,163.0
30320,6,3328.0,183.0
30321,6,584.0,187.0
30322,6,27.0,187.0
30323,6,552.0,147.0
30324,6,418.0,193.0
30325,6,6751.0,123.0
30326,6,6934.0,123.0
30327,6,2430.0,172.0
30328,6,230.0,121.0
30329,6,637.0,150.0
30330,6,3300.0,172.0
30331,6,2336.0,130.0
30332,6,23.0,193.0
30333,6,932.0,145.0
30334,6,36791.0,122.0
30335,6,50.0,119.0
30336,6,1408.0,190.0
30337,6,350.0,181.0
30338,6,10832.0,113.0
30339,6,600084.0,133.0
30340,6,5366.0,162.0
30341,6,513.0,115.0
30342,6,305.0,201.0
30343,6,9001.0,288.0
30344,6,2131.0,149.0
30345,6,872.0,118.0
30346,6,10096.0,147.0
30347,6,2807.0,162.0
30348,6,3565.0,347.0
30349,6,3064.0,185.0
30350,6,125.0,182.0
30351,6,229.0,185.0
30352,6,3552.0,129.0
30353,6,6928.0,220.0
30354,6,1418.0,131.0
30355,6,2747.0,131.0
30356,6,381.0,192.0
30357,6,76084.0,143.0
30358,6,2268.0,132.0
30359,6,3082.0,119.0
30360,6,1011.0,170.0
30361,6,14172.0,183.0
30362,6,227.0,120.0
30363,6,2155.0,387.0
30364,6,460.0,201.0
30365,6,2347.0,128.0
30366,6,2770.0,203.0
30367,6,3413.0,109.0
30368,6,508.0,189.0
30369,6,250.0,189.0
30370,6,576.0,189.0
30371,6,628.0,387.0
30372,6,7253.0,121.0
30373,6,1811.0,121.0
30374,6,4970.0,125.0
30375,6,431.0,387.0
30376,6,927.0,115.0
30377,6,809.0,115.0
30378,6,425.0,183.0
30379,6,36972.0,925.0
30380,6,134.0,157.0
30381,6,1967.0,182.0
30382,6,4661.0,165.0
30383,6,333.0,108.0
30384,6,60.0,157.0
30385,6,56.0,157.0
30386,6,4568.0,235.0
30387,6,147.0,119.0
30388,6,339.0,119.0
30389,6,157.0,189.0
30390,6,305.0,189.0
30391,6,137535.0,175.0
30392,6,8763.0,177.0
30393,6,421.0,128.0
30394,6,352.0,128.0
30395,6,5230.0,285.0
30396,6,15.0,112.0
30397,6,288.0,179.0
30398,6,39.0,136.0
30399,6,13.0,136.0
30400,6,339.0,125.0
30401,6,5745.0,116.0
30402,6,486.0,135.0
30403,6,60.0,119.0
30404,6,2991.0,100.0
30405,6,23166.0,213.0
30406,6,28.0,136.0
30407,6,153.0,114.0
30408,6,111.0,107.0
30409,6,600.0,206.0
30410,6,425.0,189.0
30411,6,45.0,149.0
30412,6,4.0,131.0
30413,6,58.0,116.0
30414,6,5766.0,186.0
30415,6,651.0,118.0
30416,6,2759.0,186.0
30417,6,18067.0,161.0
30418,6,5287.0,165.0
30419,6,5152.0,165.0
30420,6,933.0,189.0
30421,6,293.0,190.0
30422,6,4726.0,204.0
30423,6,446.0,204.0
30424,6,1587.0,142.0
30425,6,183.0,184.0
30426,6,341.0,94.0
30427,6,50410.0,167.0
30428,6,3825.0,191.0
30429,6,18.0,136.0
30430,6,18728.0,185.0
30431,6,3840.0,190.0
30432,6,14699.0,217.0
30433,6,472.0,179.0
30434,6,36.0,104.0
30435,6,1775.0,132.0
30436,6,18745.0,110.0
30437,6,1084.0,110.0
30438,6,876.0,120.0
30439,6,1463.0,133.0
30440,6,2888.0,476.0
30441,6,1309.0,93.0
30442,6,125.0,123.0
30443,6,5987.0,111.0
30444,6,2198.0,133.0
30445,6,8496.0,115.0
30446,6,4794.0,176.0
30447,6,34.0,226.0
30448,6,90.0,226.0
30449,6,100.0,104.0
30450,6,3076.0,181.0
30451,6,256.0,189.0
30452,6,220.0,271.0
30453,6,181.0,268.0
30454,6,661.0,183.0
30455,6,1217.0,81.0
30456,6,99.0,116.0
30457,6,1230.0,134.0
30458,6,53949.0,131.0
30459,6,116.0,114.0
30460,6,454.0,81.0
30461,6,232.0,81.0
30462,6,103.0,337.0
30463,6,419.0,123.0
30464,6,34.0,118.0
30465,6,6311.0,322.0
30466,6,66660.0,131.0
30467,6,318.0,181.0
30468,6,416789.0,144.0
30469,6,1234.0,181.0
30470,6,6496.0,175.0
30471,6,32.0,179.0
30472,6,213046.0,179.0
30473,6,27.0,196.0
30474,6,264.0,196.0
30475,6,1331.0,133.0
30476,6,2728.0,311.0
30477,6,847.0,114.0
30478,6,2242.0,187.0
30479,6,237.0,187.0
30480,6,1382.0,124.0
30481,6,4434.0,123.0
30482,6,134.0,126.0
30483,6,497.0,207.0
30484,6,715.0,129.0
30485,6,174.0,116.0
30486,6,75184.0,129.0
30487,6,96.0,193.0
30488,6,2.0,195.0
30489,6,1965.0,123.0
30490,6,125080.0,128.0
30491,6,629.0,262.0
30492,6,1708.0,124.0
30493,6,3194.0,120.0
30494,6,97.0,182.0
30495,6,788.0,167.0
30496,6,94.0,111.0
30497,6,263.0,226.0
30498,6,70.0,226.0
30499,6,767.0,193.0
30500,6,866.0,187.0
30501,6,5533.0,131.0
30502,6,5153.0,200.0
30503,6,2040.0,168.0
30504,6,1517.0,115.0
30505,6,597.0,115.0
30506,6,1105.0,180.0
30507,6,1307.0,121.0
30508,6,69.0,213.0
30509,6,105.0,213.0
30510,6,26494.0,161.0
30511,6,91.0,100.0
30512,6,2520.0,139.0
30513,6,1312.0,115.0
30514,6,12.0,154.0
30515,6,2003.0,137.0
30516,6,6517.0,117.0
30517,6,11802.0,200.0
30518,6,48.0,113.0
30519,6,562.0,172.0
30520,6,879.0,176.0
30521,6,669.0,179.0
30522,6,2582.0,189.0
30523,6,991.0,205.0
30524,6,49.0,213.0
30525,6,44.0,131.0
30526,6,156.0,195.0
30527,6,157.0,137.0
30528,6,59.0,105.0
30529,6,548.0,180.0
30530,6,2790.0,137.0
30531,6,909.0,184.0
30532,6,24.0,173.0
30533,6,83.0,177.0
30534,6,1769.0,177.0
30535,6,35.0,173.0
30536,6,30.0,173.0
30537,6,1700.0,135.0
30538,6,1238.0,119.0
30539,6,372.0,122.0
30540,6,2124.0,178.0
30541,6,78.0,181.0
30542,6,911.0,117.0
30543,6,431.0,145.0
30544,6,1196.0,146.0
30545,6,39.0,174.0
30546,6,904.0,114.0
30547,6,7498.0,261.0
30548,6,167.0,165.0
30549,6,49.0,165.0
30550,6,287.0,184.0
30551,6,793.0,135.0
30552,6,69.0,185.0
30553,6,28997.0,332.0
30554,6,9463.0,187.0
30555,6,93.0,181.0
30556,6,87.0,184.0
30557,6,12473.0,193.0
30558,6,18.0,194.0
30559,6,72969.0,127.0
30560,6,1720.0,171.0
30561,6,154.0,178.0
30562,6,250.0,178.0
30563,6,61304.0,139.0
30564,6,12693.0,131.0
30565,6,450.0,121.0
30566,6,121.0,185.0
30567,6,355.0,116.0
30568,6,591.0,135.0
30569,6,120.0,126.0
30570,6,1976.0,170.0
30571,6,4138.0,151.0
30572,6,885.0,114.0
30573,6,21455.0,189.0
30574,6,114330.0,173.0
30575,6,101340.0,173.0
30576,6,754.0,122.0
30577,6,26.0,357.0
30578,6,6240.0,214.0
30579,6,7380.0,205.0
30580,6,1044.0,181.0
30581,6,2313.0,177.0
30582,6,107.0,140.0
30583,6,627.0,122.0
30584,6,763.0,191.0
30585,6,4338.0,191.0
30586,6,4014.0,140.0
30587,6,4673.0,124.0
30588,6,129.0,151.0
30589,6,7.0,162.0
30590,6,125.0,203.0
30591,6,108.0,203.0
30592,6,84.0,203.0
30593,6,170.0,188.0
30594,6,2397.0,167.0
30595,6,41.0,188.0
30596,6,210.0,188.0
30597,6,92.0,126.0
30598,6,2005.0,126.0
30599,6,23508.0,142.0
30600,6,2240.0,117.0
30601,6,644.0,126.0
30602,6,1027.0,126.0
30603,6,27.0,206.0
30604,6,11617.0,130.0
30605,6,430.0,125.0
30606,6,116.0,203.0
30607,6,192.0,203.0
30608,6,9059.0,194.0
30609,6,1400.0,117.0
30610,6,76.0,203.0
30611,6,196.0,203.0
30612,6,164.0,203.0
30613,6,89.0,203.0
30614,6,77.0,203.0
30615,6,9703.0,117.0
30616,6,538.0,102.0
30617,6,64693.0,238.0
30618,6,2503.0,238.0
30619,6,380.0,193.0
30620,6,11108.0,175.0
30621,6,117.0,203.0
30622,6,845.0,119.0
30623,6,6444.0,131.0
30624,6,621.0,131.0
30625,6,2009.0,131.0
30626,6,52.0,163.0
30627,6,2015.0,203.0
30628,6,4343.0,191.0
30629,6,101.0,117.0
30630,6,751.0,190.0
30631,6,811.0,184.0
30632,6,966.0,125.0
30633,6,4648.0,288.0
30634,6,776.0,157.0
30635,6,556.0,181.0
30636,6,1030.0,127.0
30637,6,2257.0,110.0
30638,6,2274.0,114.0
30639,6,394.0,180.0
30640,6,450.0,168.0
30641,6,87.0,168.0
30642,6,1415.0,129.0
30643,6,56.0,168.0
30644,6,207.0,203.0
30645,6,2285.0,198.0
30646,6,145.0,128.0
30647,6,9.0,193.0
30648,6,952.0,191.0
30649,6,1001.0,211.0
30650,6,24750.0,211.0
30651,6,3357.0,143.0
30652,6,759.0,143.0
30653,6,277.0,139.0
30654,6,699.0,199.0
30655,6,1111.0,142.0
30656,6,2440.0,142.0
30657,6,1557.0,186.0
30658,6,1378.0,133.0
30659,6,85021.0,163.0
30660,6,3299.0,210.0
30661,6,108.0,219.0
30662,6,210.0,143.0
30663,6,138.0,181.0
30664,6,3789.0,191.0
30665,6,246.0,180.0
30666,6,349.0,153.0
30667,6,454.0,153.0
30668,6,926.0,121.0
30669,6,212.0,176.0
30670,6,11362.0,117.0
30671,6,1940.0,164.0
30672,6,174577.0,128.0
30673,6,73.0,131.0
30674,6,14.0,158.0
30675,6,136.0,120.0
30676,6,177.0,195.0
30677,6,502.0,152.0
30678,6,60739.0,153.0
30679,6,10.0,196.0
30680,6,12.0,196.0
30681,6,1354.0,179.0
30682,6,154.0,180.0
30683,6,104.0,180.0
30684,6,2074.0,117.0
30685,6,38961.0,154.0
30686,5,434.0,128.0
30687,5,983.0,139.0
30688,5,168.0,126.0
30689,5,94469.0,112.0
30690,5,664.0,189.0
30691,5,7219.0,130.0
30692,5,51.0,201.0
30693,5,13768.0,128.0
30694,5,11630.0,196.0
30695,5,1579.0,200.0
30696,5,1186.0,196.0
30697,5,0.0,151.0
30698,5,107.0,184.0
30699,5,528.0,196.0
30700,5,20651.0,285.0
30701,5,14366.0,285.0
30702,5,1972.0,138.0
30703,5,76.0,191.0
30704,5,3793.0,203.0
30705,5,1816.0,237.0
30706,5,757.0,196.0
30707,5,1387.0,196.0
30708,5,2500.0,182.0
30709,5,18697.0,139.0
30710,5,255.0,139.0
30711,5,202.0,203.0
30712,5,58.0,203.0
30713,5,178984.0,219.0
30714,5,190010.0,219.0
30715,5,199867.0,219.0
30716,5,201.0,121.0
30717,5,2053.0,98.0
30718,5,8990.0,136.0
30719,5,264.0,168.0
30720,5,196.0,516.0
30721,5,4200.0,131.0
30722,5,453.0,125.0
30723,5,184.0,209.0
30724,5,392.0,203.0
30725,5,199.0,243.0
30726,5,67.0,203.0
30727,5,105.0,203.0
30728,5,114.0,203.0
30729,5,51.0,130.0
30730,5,187.0,203.0
30731,5,89.0,203.0
30732,5,239.0,249.0
30733,5,7.0,188.0
30734,5,110.0,164.0
30735,5,37.0,98.0
30736,5,47.0,188.0
30737,5,180.0,188.0
30738,5,39931.0,129.0
30739,5,451.0,149.0
30740,5,23508.0,149.0
30741,5,470.0,126.0
30742,5,401.0,126.0
30743,5,3.0,188.0
30744,5,7171.0,206.0
30745,5,3501.0,206.0
30746,5,2102.0,204.0
30747,5,32.0,113.0
30748,5,29.0,357.0
30749,5,27.0,357.0
30750,5,48.0,118.0
30751,5,36.0,114.0
30752,5,3107.0,119.0
30753,5,259.0,94.0
30754,5,27505.0,185.0
30755,5,922.0,122.0
30756,5,1000.0,190.0
30757,5,296.0,190.0
30758,5,851.0,137.0
30759,5,1838.0,137.0
30760,5,514.0,137.0
30761,5,1204.0,137.0
30762,5,1092.0,126.0
30763,5,2767.0,199.0
30764,5,1179.0,184.0
30765,5,9342.0,184.0
30766,5,1697.0,116.0
30767,5,40906.0,205.0
30768,5,508.0,114.0
30769,5,232.0,124.0
30770,5,2445.0,195.0
30771,5,2392.0,195.0
30772,5,632.0,114.0
30773,5,2822.0,177.0
30774,5,202.0,174.0
30775,5,284.0,158.0
30776,5,1553.0,151.0
30777,5,7699.0,171.0
30778,5,1508.0,180.0
30779,5,803.0,137.0
30780,5,3571.0,137.0
30781,5,2033.0,162.0
30782,5,9725.0,142.0
30783,5,386.0,132.0
30784,5,679.0,153.0
30785,5,18.0,132.0
30786,5,11552.0,115.0
30787,5,608.0,197.0
30788,5,2002.0,122.0
30789,5,56152.0,205.0
30790,5,258.0,188.0
30791,5,1958.0,143.0
30792,5,36.0,112.0
30793,5,1792.0,209.0
30794,5,4729.0,173.0
30795,5,42.0,176.0
30796,5,237.0,197.0
30797,5,2827.0,137.0
30798,5,25310.0,220.0
30799,5,3310.0,188.0
30800,5,3242.0,188.0
30801,5,6283.0,197.0
30802,5,90.0,175.0
30803,5,460.0,137.0
30804,5,90.0,197.0
30805,5,585.0,197.0
30806,5,1455.0,173.0
30807,5,83562.0,245.0
30808,5,864.0,181.0
30809,5,16997.0,229.0
30810,5,988.0,183.0
30811,5,35.0,213.0
30812,5,977.0,173.0
30813,5,355.0,183.0
30814,5,47333.0,139.0
30815,5,5115.0,176.0
30816,5,5317.0,164.0
30817,5,38.0,181.0
30818,5,8347.0,190.0
30819,5,211.0,203.0
30820,5,1376.0,209.0
30821,5,616.0,104.0
30822,5,3657.0,193.0
30823,5,362.0,193.0
30824,5,949.0,168.0
30825,5,651.0,197.0
30826,5,346.0,217.0
30827,5,447.0,181.0
30828,5,43.0,121.0
30829,5,4025.0,169.0
30830,5,18532.0,144.0
30831,5,278.0,128.0
30832,5,30.0,125.0
30833,5,232.0,125.0
30834,5,13380.0,130.0
30835,5,13289.0,130.0
30836,5,159.0,217.0
30837,5,11120.0,124.0
30838,5,468.0,133.0
30839,5,2276.0,126.0
30840,5,57.0,185.0
30841,5,1745.0,205.0
30842,5,2215.0,165.0
30843,5,5.0,183.0
30844,5,47.0,222.0
30845,5,1105.0,189.0
30846,5,61.0,136.0
30847,5,16.0,210.0
30848,5,459.0,192.0
30849,5,119.0,127.0
30850,5,786.0,113.0
30851,5,399.0,187.0
30852,5,351.0,200.0
30853,5,175.0,140.0
30854,5,1765.0,176.0
30855,5,2936.0,158.0
30856,5,1255.0,149.0
30857,5,3435.0,143.0
30858,5,6691.0,176.0
30859,5,179556.0,133.0
30860,5,1901.0,158.0
30861,5,2306.0,161.0
30862,5,1155.0,191.0
30863,5,1292.0,198.0
30864,5,1803.0,122.0
30865,5,361.0,180.0
30866,5,331.0,200.0
30867,5,12993.0,201.0
30868,5,350.0,158.0
30869,5,225.0,200.0
30870,5,77195.0,203.0
30871,5,50702.0,203.0
30872,5,4796.0,119.0
30873,5,1628.0,123.0
30874,5,323166.0,225.0
30875,5,1459.0,120.0
30876,5,1265.0,188.0
30877,5,170.0,208.0
30878,5,7143.0,120.0
30879,5,134.0,162.0
30880,5,80.0,162.0
30881,5,6685.0,141.0
30882,5,21821.0,124.0
30883,5,1079.0,209.0
30884,5,55416.0,128.0
30885,5,1334.0,123.0
30886,5,4309.0,123.0
30887,5,4231.0,123.0
30888,5,2994.0,123.0
30889,5,2327.0,123.0
30890,5,4112.0,123.0
30891,5,2921.0,123.0
30892,5,175.0,179.0
30893,5,1054.0,123.0
30894,5,229.0,112.0
30895,5,501.0,197.0
30896,5,5985.0,188.0
30897,5,300117.0,142.0
30898,5,873.0,193.0
30899,5,2190.0,123.0
30900,5,1115.0,123.0
30901,5,77.0,191.0
30902,5,2634.0,181.0
30903,5,537.0,116.0
30904,5,45.0,116.0
30905,5,492.0,116.0
30906,5,559.0,102.0
30907,5,54.0,102.0
30908,5,87.0,102.0
30909,5,180.0,102.0
30910,5,828.0,181.0
30911,5,26.0,193.0
30912,5,1247.0,128.0
30913,5,807.0,181.0
30914,5,336.0,189.0
30915,5,4671.0,194.0
30916,5,157.0,191.0
30917,5,121.0,191.0
30918,5,224.0,184.0
30919,5,1442.0,123.0
30920,5,103.0,193.0
30921,5,73.0,193.0
30922,5,2712.0,179.0
30923,5,62.0,132.0
30924,5,3.0,132.0
30925,5,664.0,199.0
30926,5,42094.0,199.0
30927,5,830.0,133.0
30928,5,7755.0,135.0
30929,5,1698.0,184.0
30930,5,96.0,180.0
30931,5,944.0,350.0
30932,5,512.0,199.0
30933,5,3555.0,180.0
30934,5,427.0,95.0
30935,5,82.0,220.0
30936,5,1414.0,158.0
30937,5,2182.0,158.0
30938,5,139.0,116.0
30939,5,155.0,122.0
30940,5,64.0,206.0
30941,5,3828.0,144.0
30942,5,1237.0,205.0
30943,5,4161.0,127.0
30944,5,58.0,216.0
30945,5,1146.0,194.0
30946,5,31201.0,277.0
30947,5,210.0,245.0
30948,5,205.0,245.0
30949,5,28931.0,278.0
30950,5,16.0,245.0
30951,5,396.0,245.0
30952,5,29710.0,146.0
30953,5,90.0,244.0
30954,5,104.0,244.0
30955,5,702.0,123.0
30956,5,52.0,131.0
30957,5,1489.0,204.0
30958,5,5568.0,204.0
30959,5,2154.0,188.0
30960,5,124742.0,187.0
30961,5,677.0,194.0
30962,5,100.0,124.0
30963,5,188.0,180.0
30964,5,80.0,244.0
30965,5,116.0,244.0
30966,5,946.0,282.0
30967,5,17.0,180.0
30968,5,200.0,199.0
30969,5,31.0,199.0
30970,5,38.0,199.0
30971,5,116.0,199.0
30972,5,146.0,216.0
30973,5,243.0,119.0
30974,5,2538.0,162.0
30975,5,1130.0,209.0
30976,5,105249.0,183.0
30977,5,764.0,173.0
30978,5,945.0,173.0
30979,5,101378.0,166.0
30980,5,1451.0,138.0
30981,5,1078.0,185.0
30982,5,31.0,205.0
30983,5,35.0,187.0
30984,5,467.0,188.0
30985,5,1843.0,230.0
30986,5,839.0,107.0
30987,5,2920.0,202.0
30988,5,49.0,142.0
30989,5,1112.0,111.0
30990,5,41.0,216.0
30991,5,418.0,193.0
30992,5,196.0,95.0
30993,5,68.0,145.0
30994,5,31.0,194.0
30995,5,140.0,194.0
30996,5,1195.0,182.0
30997,5,717.0,305.0
30998,5,131.0,124.0
30999,5,2539.0,190.0
31000,5,19.0,92.0
31001,5,170.0,216.0
31002,5,2223.0,230.0
31003,5,841.0,230.0
31004,5,432.0,216.0
31005,5,3656.0,216.0
31006,5,31964.0,116.0
31007,5,29.0,179.0
31008,5,48.0,156.0
31009,5,3053.0,156.0
31010,5,2244.0,156.0
31011,5,1261.0,172.0
31012,5,38568.0,143.0
31013,5,48127.0,167.0
31014,5,210372.0,272.0
31015,5,577.0,227.0
31016,5,1081.0,195.0
31017,5,147.0,178.0
31018,5,234.0,133.0
31019,5,66.0,187.0
31020,5,5389.0,219.0
31021,5,5400.0,122.0
31022,5,2322.0,190.0
31023,5,748.0,117.0
31024,5,579.0,101.0
31025,5,9897.0,121.0
31026,5,16526.0,136.0
31027,5,829.0,119.0
31028,5,21.0,196.0
31029,5,460.0,119.0
31030,5,4126.0,136.0
31031,5,305.0,136.0
31032,5,65.0,509.0
31033,5,894.0,190.0
31034,5,232.0,190.0
31035,5,3033.0,190.0
31036,5,32414.0,140.0
31037,5,399.0,194.0
31038,5,25.0,194.0
31039,5,16901.0,123.0
31040,5,9.0,139.0
31041,5,3218.0,195.0
31042,5,87.0,158.0
31043,5,433.0,509.0
31044,5,329.0,509.0
31045,5,329.0,195.0
31046,5,151474.0,179.0
31047,5,151474.0,186.0
31048,5,425.0,119.0
31049,5,400.0,509.0
31050,5,311.0,509.0
31051,5,65.0,124.0
31052,5,7746.0,509.0
31053,5,524.0,190.0
31054,5,482.0,200.0
31055,5,466.0,152.0
31056,5,259.0,185.0
31057,5,615.0,175.0
31058,5,1042.0,175.0
31059,5,1032.0,131.0
31060,5,5428.0,130.0
31061,5,435.0,118.0
31062,5,1078.0,124.0
31063,5,678.0,131.0
31064,5,640.0,192.0
31065,5,2560.0,112.0
31066,5,25404.0,112.0
31067,5,2306.0,124.0
31068,5,5681.0,124.0
31069,5,300021.0,117.0
31070,5,18.0,119.0
31071,5,6.0,126.0
31072,5,10077.0,162.0
31073,5,992.0,166.0
31074,5,700.0,166.0
31075,5,396.0,202.0
31076,5,25.0,179.0
31077,5,1497.0,122.0
31078,5,242.0,210.0
31079,5,211.0,201.0
31080,5,1226.0,210.0
31081,5,18.0,142.0
31082,5,105.0,133.0
31083,5,165.0,126.0
31084,5,176.0,125.0
31085,5,2058.0,131.0
31086,5,161.0,132.0
31087,5,312.0,189.0
31088,5,1165.0,189.0
31089,5,238.0,189.0
31090,5,25.0,158.0
31091,5,12.0,158.0
31092,5,127.0,120.0
31093,5,1750.0,120.0
31094,5,257.0,164.0
31095,5,154329.0,975.0
31096,5,9777.0,302.0
31097,5,9602.0,179.0
31098,5,3160.0,233.0
31099,5,22.0,183.0
31100,5,1227.0,128.0
31101,5,321.0,134.0
31102,5,1900.0,118.0
31103,5,1463.0,123.0
31104,5,2525.0,177.0
31105,5,50.0,179.0
31106,5,39000.0,140.0
31107,5,169.0,140.0
31108,5,2407.0,261.0
31109,5,674.0,189.0
31110,5,1529.0,116.0
31111,5,738.0,118.0
31112,5,4970.0,121.0
31113,5,1284.0,127.0
31114,5,104.0,135.0
31115,5,9830.0,206.0
31116,5,27.0,158.0
31117,5,66.0,158.0
31118,5,3454.0,137.0
31119,5,905.0,189.0
31120,5,13879.0,116.0
31121,5,21582.0,163.0
31122,5,105.0,168.0
31123,5,887.0,163.0
31124,5,16412.0,163.0
31125,5,144.0,163.0
31126,5,1925.0,81.0
31127,5,234.0,123.0
31128,5,1776.0,189.0
31129,5,207.0,162.0
31130,5,148.0,162.0
31131,5,135.0,126.0
31132,5,96.0,138.0
31133,5,1323.0,114.0
31134,5,1015.0,125.0
31135,5,649.0,130.0
31136,5,447.0,116.0
31137,5,8803.0,176.0
31138,5,4077.0,188.0
31139,5,6291.0,221.0
31140,5,855.0,139.0
31141,5,5427.0,221.0
31142,5,71.0,116.0
31143,5,3247.0,158.0
31144,5,748.0,158.0
31145,5,1513.0,108.0
31146,5,487.0,161.0
31147,5,8011.0,108.0
31148,5,748.0,122.0
31149,5,4527.0,115.0
31150,5,2070.0,189.0
31151,5,155783.0,182.0
31152,5,48419.0,112.0
31153,5,1199.0,175.0
31154,5,131.0,133.0
31155,5,4345.0,133.0
31156,5,6031.0,117.0
31157,5,9884.0,231.0
31158,5,300296.0,117.0
31159,5,25680.0,123.0
31160,5,2523.0,94.0
31161,5,444.0,159.0
31162,5,118500.0,101.0
31163,5,116824.0,120.0
31164,5,118357.0,100.0
31165,5,222.0,147.0
31166,5,86538.0,111.0
31167,5,579.0,123.0
31168,5,423.0,108.0
31169,5,37.0,136.0
31170,5,465.0,125.0
31171,5,938.0,122.0
31172,5,197.0,116.0
31173,5,773.0,170.0
31174,5,49.0,170.0
31175,5,84.0,170.0
31176,5,3115.0,93.0
31177,5,327.0,197.0
31178,5,20.0,158.0
31179,5,15.0,158.0
31180,5,201.0,158.0
31181,5,606.0,158.0
31182,5,84.0,114.0
31183,5,354.0,187.0
31184,5,589.0,195.0
31185,5,1015.0,195.0
31186,5,715.0,183.0
31187,5,989.0,94.0
31188,5,6649.0,125.0
31189,5,42.0,125.0
31190,5,239.0,211.0
31191,5,179.0,161.0
31192,5,5050.0,155.0
31193,5,109.0,147.0
31194,5,5.0,124.0
31195,5,1796.0,116.0
31196,5,340.0,198.0
31197,5,7216.0,118.0
31198,5,537.0,181.0
31199,5,216.0,184.0
31200,5,301360.0,114.0
31201,5,630.0,255.0
31202,5,3575.0,255.0
31203,5,6.0,124.0
31204,5,908.0,117.0
31205,5,872.0,135.0
31206,5,69.0,175.0
31207,5,4686.0,190.0
31208,5,5018.0,190.0
31209,5,51.0,152.0
31210,5,1854.0,158.0
31211,5,2581.0,158.0
31212,5,69.0,198.0
31213,5,19.0,198.0
31214,5,37.0,123.0
31215,5,300323.0,117.0
31216,5,67.0,192.0
31217,5,3976.0,147.0
31218,5,67.0,119.0
31219,5,3354.0,112.0
31220,5,412.0,116.0
31221,5,33.0,116.0
31222,5,99.0,116.0
31223,5,2323.0,183.0
31224,5,368.0,203.0
31225,5,404.0,201.0
31226,5,45343.0,125.0
31227,5,153.0,199.0
31228,5,113.0,183.0
31229,5,19243.0,274.0
31230,5,94.0,184.0
31231,5,4298.0,125.0
31232,5,292.0,184.0
31233,5,258.0,134.0
31234,5,4440.0,120.0
31235,5,1746.0,197.0
31236,5,65.0,187.0
31237,5,2723.0,163.0
31238,5,4822.0,196.0
31239,5,784.0,199.0
31240,5,111.0,113.0
31241,5,4.0,193.0
31242,5,212.0,173.0
31243,5,915.0,173.0
31244,5,3142.0,189.0
31245,5,544.0,140.0
31246,5,253.0,189.0
31247,5,11372.0,184.0
31248,5,1900.0,91.0
31249,5,1913.0,133.0
31250,5,134.0,158.0
31251,5,7679.0,129.0
31252,5,40626.0,123.0
31253,5,1095.0,177.0
31254,5,89.0,116.0
31255,5,815.0,116.0
31256,5,1211.0,162.0
31257,5,450.0,142.0
31258,5,4106.0,119.0
31259,5,379.0,116.0
31260,5,936.0,116.0
31261,5,640.0,177.0
31262,5,1316.0,123.0
31263,5,39286.0,305.0
31264,5,1853.0,387.0
31265,5,747.0,387.0
31266,5,7851.0,239.0
31267,5,273169.0,298.0
31268,5,13048.0,124.0
31269,5,263.0,201.0
31270,5,217.0,180.0
31271,5,1363.0,147.0
31272,5,803.0,97.0
31273,5,604252.0,795.0
31274,5,502.0,147.0
31275,5,991.0,115.0
31276,5,117.0,114.0
31277,5,62.0,129.0
31278,5,906.0,111.0
31279,5,1064.0,131.0
31280,5,133.0,87.0
31281,5,14105.0,121.0
31282,5,464575.0,221.0
31283,5,423.0,129.0
31284,5,20.0,77.0
31285,5,208.0,77.0
31286,5,337.0,168.0
31287,5,1174.0,122.0
31288,5,128.0,111.0
31289,5,801.0,118.0
31290,5,4146.0,118.0
31291,5,487.0,199.0
31292,5,3146.0,212.0
31293,5,7741.0,119.0
31294,5,4251.0,112.0
31295,5,1546.0,227.0
31296,5,173.0,114.0
31297,5,10.0,114.0
31298,5,4405.0,125.0
31299,5,200593.0,195.0
31300,5,29871.0,119.0
31301,5,25660.0,114.0
31302,5,19.0,202.0
31303,5,1515.0,117.0
31304,5,3475.0,132.0
31305,5,899.0,169.0
31306,5,987.0,174.0
31307,5,599.0,177.0
31308,5,790.0,132.0
31309,5,656.0,209.0
31310,5,4693.0,227.0
31311,5,781.0,228.0
31312,5,504.0,129.0
31313,5,63.0,203.0
31314,5,3216.0,101.0
31315,5,4752.0,126.0
31316,5,8221.0,200.0
31317,5,201.0,196.0
31318,5,3079.0,115.0
31319,5,303.0,114.0
31320,5,177.0,176.0
31321,5,2526.0,132.0
31322,5,1256.0,365.0
31323,5,3071.0,129.0
31324,5,98.0,227.0
31325,5,16997.0,189.0
31326,5,1325.0,133.0
31327,5,6997.0,191.0
31328,5,160.0,96.0
31329,5,1178.0,166.0
31330,5,1178.0,184.0
31331,5,4204.0,167.0
31332,5,5920.0,183.0
31333,5,4923.0,136.0
31334,5,6.0,123.0
31335,5,42890.0,207.0
31336,5,1736.0,184.0
31337,5,910.0,184.0
31338,5,63.0,184.0
31339,5,19.0,245.0
31340,5,5.0,245.0
31341,5,193.0,245.0
31342,5,42.0,245.0
31343,5,10028.0,121.0
31344,5,1182.0,114.0
31345,5,15613.0,114.0
31346,5,72.0,272.0
31347,5,123.0,392.0
31348,5,1719.0,134.0
31349,5,46.0,184.0
31350,5,1537.0,173.0
31351,5,3.0,245.0
31352,5,9.0,245.0
31353,5,9.0,245.0
31354,5,5136.0,136.0
31355,5,6444.0,115.0
31356,5,1304.0,119.0
31357,5,310.0,122.0
31358,5,4466.0,110.0
31359,5,0.0,131.0
31360,5,178.0,123.0
31361,5,43.0,203.0
31362,5,75.0,203.0
31363,5,6617.0,209.0
31364,5,1247.0,162.0
31365,5,188.0,109.0
31366,5,255.0,139.0
31367,5,155.0,183.0
31368,5,4903.0,159.0
31369,5,153.0,158.0
31370,5,120.0,99.0
31371,5,457.0,154.0
31372,5,1670.0,112.0
31373,5,3264.0,185.0
31374,5,766.0,169.0
31375,5,565.0,127.0
31376,5,3043.0,215.0
31377,5,494.0,244.0
31378,5,135651.0,199.0
31379,5,271.0,128.0
31380,5,432.0,192.0
31381,5,410.0,123.0
31382,5,1004.0,139.0
31383,5,3207.0,172.0
31384,5,220.0,172.0
31385,4,4029.0,207.0
31386,4,30.0,203.0
31387,4,114210.0,171.0
31388,4,205.0,145.0
31389,4,32726.0,111.0
31390,4,1466.0,177.0
31391,4,2006.0,176.0
31392,4,10967.0,216.0
31393,4,3917.0,128.0
31394,4,370.0,194.0
31395,4,316.0,127.0
31396,4,261.0,112.0
31397,4,776.0,145.0
31398,4,73.0,145.0
31399,4,66.0,118.0
31400,4,46.0,118.0
31401,4,67959.0,115.0
31402,4,67.0,175.0
31403,4,751.0,123.0
31404,4,2641.0,170.0
31405,4,463.0,187.0
31406,4,14145.0,159.0
31407,4,525.0,157.0
31408,4,710.0,187.0
31409,4,490.0,127.0
31410,4,608.0,147.0
31411,4,480.0,117.0
31412,4,33424.0,135.0
31413,4,855.0,123.0
31414,4,3405.0,189.0
31415,4,54.0,201.0
31416,4,4731.0,147.0
31417,4,2337.0,185.0
31418,4,1219.0,183.0
31419,4,171.0,120.0
31420,4,65.0,180.0
31421,4,8.0,137.0
31422,4,97.0,137.0
31423,4,240.0,119.0
31424,4,15737.0,197.0
31425,4,15016.0,170.0
31426,4,42790.0,170.0
31427,4,291.0,170.0
31428,4,61.0,190.0
31429,4,12796.0,118.0
31430,4,163.0,137.0
31431,4,11960.0,139.0
31432,4,4147.0,139.0
31433,4,463.0,206.0
31434,4,680.0,286.0
31435,4,193.0,131.0
31436,4,68.0,122.0
31437,4,240729.0,263.0
31438,4,215.0,191.0
31439,4,25.0,191.0
31440,4,456.0,173.0
31441,4,298.0,109.0
31442,4,5694.0,109.0
31443,4,1666.0,185.0
31444,4,4020.0,197.0
31445,4,2307.0,114.0
31446,4,26238.0,103.0
31447,4,11194.0,123.0
31448,4,40.0,203.0
31449,4,1609.0,118.0
31450,4,29043.0,124.0
31451,4,13433.0,210.0
31452,4,1160.0,210.0
31453,4,62.0,193.0
31454,4,300077.0,133.0
31455,4,533.0,121.0
31456,4,1883.0,121.0
31457,4,877.0,197.0
31458,4,2355.0,209.0
31459,4,4.0,183.0
31460,4,13.0,183.0
31461,4,1951.0,203.0
31462,4,2132.0,125.0
31463,4,69.0,243.0
31464,4,3527.0,134.0
31465,4,81.0,217.0
31466,4,1063.0,516.0
31467,4,1046.0,135.0
31468,4,113.0,168.0
31469,4,193.0,135.0
31470,4,39991.0,219.0
31471,4,11657.0,219.0
31472,4,1857.0,144.0
31473,4,2096.0,144.0
31474,4,8596.0,139.0
31475,4,1060.0,201.0
31476,4,20523.0,121.0
31477,4,1183.0,191.0
31478,4,1407.0,191.0
31479,4,4140.0,209.0
31480,4,608.0,219.0
31481,4,456.0,134.0
31482,4,1838.0,139.0
31483,4,460.0,125.0
31484,4,18425.0,124.0
31485,4,131580.0,201.0
31486,4,124064.0,178.0
31487,4,1084.0,139.0
31488,4,288.0,103.0
31489,4,178.0,392.0
31490,4,51.0,392.0
31491,4,4062.0,187.0
31492,4,282.0,193.0
31493,4,623.0,167.0
31494,4,246.0,131.0
31495,4,46964.0,236.0
31496,4,1126.0,167.0
31497,4,74.0,156.0
31498,4,2136.0,184.0
31499,4,30.0,116.0
31500,4,587.0,327.0
31501,4,282.0,327.0
31502,4,1269.0,121.0
31503,4,2479.0,120.0
31504,4,1058.0,137.0
31505,4,471.0,209.0
31506,4,868.0,182.0
31507,4,44.0,117.0
31508,4,358.0,117.0
31509,4,179.0,117.0
31510,4,19.0,170.0
31511,4,320.0,118.0
31512,4,5796.0,128.0
31513,4,13650.0,98.0
31514,4,4429.0,204.0
31515,4,2472.0,127.0
31516,4,30094.0,129.0
31517,4,745.0,209.0
31518,4,412.0,209.0
31519,4,8087.0,101.0
31520,4,482.0,184.0
31521,4,31683.0,180.0
31522,4,1442.0,180.0
31523,4,2889.0,206.0
31524,4,301.0,184.0
31525,4,1333.0,195.0
31526,4,1994.0,135.0
31527,4,16.0,122.0
31528,4,0.0,122.0
31529,4,442.0,187.0
31530,4,382.0,158.0
31531,4,1887.0,213.0
31532,4,572.0,114.0
31533,4,4828.0,229.0
31534,4,338.0,105.0
31535,4,87.0,120.0
31536,4,7.0,122.0
31537,4,5070.0,127.0
31538,4,945.0,180.0
31539,4,236.0,180.0
31540,4,5248.0,180.0
31541,4,943.0,180.0
31542,4,141.0,180.0
31543,4,452.0,146.0
31544,4,7484.0,131.0
31545,4,1923.0,187.0
31546,4,428.0,106.0
31547,4,330.0,106.0
31548,4,644.0,171.0
31549,4,422.0,175.0
31550,4,1262.0,96.0
31551,4,206.0,122.0
31552,4,1619.0,120.0
31553,4,339.0,185.0
31554,4,328.0,114.0
31555,4,17907.0,103.0
31556,4,5830.0,194.0
31557,4,11.0,146.0
31558,4,11.0,146.0
31559,4,1683.0,133.0
31560,4,223.0,190.0
31561,4,30.0,357.0
31562,4,50.0,357.0
31563,4,2748.0,204.0
31564,4,4973.0,204.0
31565,4,112.0,190.0
31566,4,999.0,195.0
31567,4,5226.0,195.0
31568,4,724.0,187.0
31569,4,1383.0,127.0
31570,4,272.0,196.0
31571,4,123.0,165.0
31572,4,113.0,165.0
31573,4,44.0,227.0
31574,4,444.0,141.0
31575,4,950.0,184.0
31576,4,686.0,102.0
31577,4,16683.0,131.0
31578,4,216.0,159.0
31579,4,417.0,113.0
31580,4,111.0,113.0
31581,4,18821.0,120.0
31582,4,1302.0,126.0
31583,4,217.0,205.0
31584,4,217239.0,201.0
31585,4,792.0,100.0
31586,4,259.0,201.0
31587,4,70.0,204.0
31588,4,12921.0,196.0
31589,4,10005.0,196.0
31590,4,4861.0,120.0
31591,4,1894.0,127.0
31592,4,348.0,118.0
31593,4,3784.0,192.0
31594,4,1119.0,127.0
31595,4,369.0,184.0
31596,4,13582.0,227.0
31597,4,54.0,228.0
31598,4,38.0,392.0
31599,4,503.0,193.0
31600,4,1461.0,193.0
31601,4,1807.0,121.0
31602,4,1506.0,128.0
31603,4,793.0,143.0
31604,4,554.0,106.0
31605,4,496.0,103.0
31606,4,19.0,122.0
31607,4,1049.0,122.0
31608,4,19409.0,122.0
31609,4,1436.0,124.0
31610,4,17891.0,124.0
31611,4,443.0,114.0
31612,4,1184.0,187.0
31613,4,6188.0,200.0
31614,4,21306.0,117.0
31615,4,641.0,228.0
31616,4,240.0,169.0
31617,4,167.0,169.0
31618,4,122.0,174.0
31619,4,23.0,177.0
31620,4,247.0,173.0
31621,4,2942.0,190.0
31622,4,2976.0,183.0
31623,4,272.0,137.0
31624,4,1301.0,126.0
31625,4,55.0,126.0
31626,4,360.0,151.0
31627,4,1546.0,140.0
31628,4,50.0,154.0
31629,4,8038.0,177.0
31630,4,272.0,195.0
31631,4,1388.0,187.0
31632,4,92.0,232.0
31633,4,815.0,103.0
31634,4,600.0,153.0
31635,4,108.0,206.0
31636,4,56.0,200.0
31637,4,1418.0,137.0
31638,4,445.0,116.0
31639,4,542.0,117.0
31640,4,2861.0,196.0
31641,4,382.0,129.0
31642,4,429.0,110.0
31643,4,1544.0,116.0
31644,4,46.0,110.0
31645,4,177.0,124.0
31646,4,8428.0,125.0
31647,4,8412.0,125.0
31648,4,3983.0,188.0
31649,4,1914.0,127.0
31650,4,1702.0,183.0
31651,4,1877.0,136.0
31652,4,322.0,139.0
31653,4,400.0,199.0
31654,4,4059.0,227.0
31655,4,3409.0,127.0
31656,4,3319.0,188.0
31657,4,5319.0,169.0
31658,4,31.0,107.0
31659,4,6557.0,215.0
31660,4,7058.0,126.0
31661,4,277.0,181.0
31662,4,1230.0,176.0
31663,4,581.0,121.0
31664,4,63363.0,148.0
31665,4,179.0,188.0
31666,4,4323.0,188.0
31667,4,19778.0,169.0
31668,4,2618.0,188.0
31669,4,1736.0,188.0
31670,4,5261.0,188.0
31671,4,5362.0,188.0
31672,4,6981.0,124.0
31673,4,7033.0,171.0
31674,4,2799.0,171.0
31675,4,20221.0,138.0
31676,4,129.0,331.0
31677,4,24.0,331.0
31678,4,1054.0,98.0
31679,4,586.0,98.0
31680,4,2178.0,124.0
31681,4,228.0,184.0
31682,4,5472.0,181.0
31683,4,26111.0,187.0
31684,4,1549.0,115.0
31685,4,1468.0,115.0
31686,4,2344.0,197.0
31687,4,7155.0,117.0
31688,4,941.0,129.0
31689,4,8524.0,267.0
31690,4,624.0,143.0
31691,4,1000.0,190.0
31692,4,15476.0,92.0
31693,4,93.0,200.0
31694,4,32.0,200.0
31695,4,208.0,200.0
31696,4,118.0,200.0
31697,4,913.0,112.0
31698,4,98.0,114.0
31699,4,288.0,200.0
31700,4,59.0,174.0
31701,4,438.0,112.0
31702,4,858.0,179.0
31703,4,876.0,98.0
31704,4,1887.0,196.0
31705,4,893.0,197.0
31706,4,131.0,128.0
31707,4,36.0,111.0
31708,4,83.0,111.0
31709,4,1345.0,192.0
31710,4,93.0,192.0
31711,4,3697.0,112.0
31712,4,6249.0,159.0
31713,4,1276.0,124.0
31714,4,1107.0,121.0
31715,4,2321.0,121.0
31716,4,244.0,107.0
31717,4,17.0,200.0
31718,4,65.0,200.0
31719,4,392.0,200.0
31720,4,52.0,201.0
31721,4,161.0,107.0
31722,4,4620.0,116.0
31723,4,8172.0,200.0
31724,4,13.0,139.0
31725,4,177.0,126.0
31726,4,3149.0,155.0
31727,4,2297.0,201.0
31728,4,14374.0,159.0
31729,4,430.0,153.0
31730,4,3932.0,188.0
31731,4,13518.0,188.0
31732,4,300118.0,122.0
31733,4,321.0,245.0
31734,4,37.0,197.0
31735,4,4532.0,127.0
31736,4,890.0,123.0
31737,4,27.0,129.0
31738,4,136.0,154.0
31739,4,86853.0,126.0
31740,4,1620.0,125.0
31741,4,1071.0,184.0
31742,4,2238.0,115.0
31743,4,191.0,155.0
31744,4,137.0,155.0
31745,4,28474.0,147.0
31746,4,376.0,121.0
31747,4,534.0,121.0
31748,4,65940.0,129.0
31749,4,709.0,190.0
31750,4,14.0,223.0
31751,4,574.0,190.0
31752,4,1123.0,168.0
31753,4,1503.0,206.0
31754,4,2552.0,122.0
31755,4,1886.0,122.0
31756,4,2974.0,122.0
31757,4,102.0,193.0
31758,4,457.0,193.0
31759,4,695.0,193.0
31760,4,6975.0,234.0
31761,4,508.0,110.0
31762,4,1395.0,282.0
31763,4,128728.0,196.0
31764,4,150.0,93.0
31765,4,5394.0,87.0
31766,4,71.0,197.0
31767,4,17.0,197.0
31768,4,42.0,197.0
31769,4,30.0,197.0
31770,4,668.0,124.0
31771,4,3900.0,192.0
31772,4,56334.0,118.0
31773,4,5138.0,223.0
31774,4,4990.0,119.0
31775,4,815.0,187.0
31776,4,1279.0,134.0
31777,4,4194.0,119.0
31778,4,4841.0,132.0
31779,4,89.0,124.0
31780,4,2046.0,181.0
31781,4,181139.0,129.0
31782,4,211.0,213.0
31783,4,66.0,111.0
31784,4,778.0,103.0
31785,4,225.0,118.0
31786,4,837.0,82.0
31787,4,69.0,199.0
31788,4,751.0,118.0
31789,4,3346.0,139.0
31790,4,3164.0,139.0
31791,4,2132.0,182.0
31792,4,142003.0,177.0
31793,4,379.0,193.0
31794,4,3291.0,114.0
31795,4,1616.0,189.0
31796,4,681.0,193.0
31797,4,34.0,117.0
31798,4,597.0,127.0
31799,4,4431.0,131.0
31800,4,5506.0,176.0
31801,4,915.0,139.0
31802,4,73.0,193.0
31803,4,1711.0,132.0
31804,4,1278.0,107.0
31805,4,4.0,107.0
31806,4,502.0,182.0
31807,4,779.0,171.0
31808,4,59.0,114.0
31809,4,61.0,181.0
31810,4,218.0,405.0
31811,4,447.0,209.0
31812,4,397.0,205.0
31813,4,3782.0,158.0
31814,4,9.0,194.0
31815,4,8.0,223.0
31816,4,90.0,219.0
31817,4,35.0,219.0
31818,4,1579.0,123.0
31819,4,2961.0,207.0
31820,4,646.0,92.0
31821,4,940.0,123.0
31822,4,141503.0,140.0
31823,4,1564.0,127.0
31824,4,262.0,217.0
31825,4,23383.0,217.0
31826,4,17241.0,121.0
31827,4,1726.0,158.0
31828,4,416.0,125.0
31829,4,8567.0,118.0
31830,4,15303.0,111.0
31831,4,73.0,193.0
31832,4,338.0,182.0
31833,4,47.0,182.0
31834,4,34290.0,132.0
31835,4,1458.0,107.0
31836,4,482.0,181.0
31837,4,17075.0,117.0
31838,4,273.0,193.0
31839,4,159.0,193.0
31840,4,2028.0,168.0
31841,4,461.0,179.0
31842,4,4969.0,179.0
31843,4,395.0,179.0
31844,4,458.0,97.0
31845,4,241.0,306.0
31846,4,326.0,212.0
31847,4,407.0,196.0
31848,4,1522.0,224.0
31849,4,7.0,141.0
31850,4,228120.0,130.0
31851,4,2083.0,217.0
31852,4,550.0,113.0
31853,4,255.0,179.0
31854,4,64.0,306.0
31855,4,182.0,179.0
31856,4,842.0,184.0
31857,4,16.0,197.0
31858,4,14.0,197.0
31859,4,561.0,436.0
31860,4,16.0,179.0
31861,4,2276.0,198.0
31862,4,849.0,120.0
31863,4,1497.0,120.0
31864,4,560.0,184.0
31865,4,6802.0,124.0
31866,4,811.0,125.0
31867,4,30.0,185.0
31868,4,3217.0,185.0
31869,4,285.0,405.0
31870,4,380.0,184.0
31871,4,9639.0,132.0
31872,4,2499.0,113.0
31873,4,6514.0,113.0
31874,4,688.0,196.0
31875,4,499.0,196.0
31876,4,256.0,158.0
31877,4,624.0,137.0
31878,4,539.0,151.0
31879,4,593.0,151.0
31880,4,108.0,120.0
31881,4,4613.0,88.0
31882,4,662.0,116.0
31883,4,596.0,121.0
31884,4,967.0,185.0
31885,4,62.0,153.0
31886,4,19860.0,213.0
31887,4,13925.0,231.0
31888,4,1288.0,193.0
31889,4,1942.0,196.0
31890,4,881.0,196.0
31891,4,127.0,320.0
31892,4,929.0,133.0
31893,4,10.0,119.0
31894,4,2011.0,101.0
31895,4,6698.0,350.0
31896,4,2606.0,191.0
31897,4,706.0,141.0
31898,4,64.0,177.0
31899,4,162.0,163.0
31900,4,1835.0,202.0
31901,4,771.0,143.0
31902,4,76879.0,149.0
31903,4,30921.0,149.0
31904,4,785.0,320.0
31905,4,260.0,111.0
31906,4,1620.0,125.0
31907,4,1653.0,188.0
31908,4,390.0,189.0
31909,4,530.0,165.0
31910,4,4944.0,185.0
31911,4,699.0,136.0
31912,4,2861.0,190.0
31913,4,991.0,131.0
31914,4,171.0,173.0
31915,4,356.0,173.0
31916,4,1267.0,184.0
31917,4,2155.0,142.0
31918,4,20435.0,176.0
31919,4,800.0,140.0
31920,4,10205.0,119.0
31921,4,1399.0,217.0
31922,4,954.0,217.0
31923,4,4644.0,113.0
31924,4,261.0,122.0
31925,4,265.0,140.0
31926,4,2116.0,125.0
31927,4,178.0,203.0
31928,4,245.0,203.0
31929,4,116.0,136.0
31930,4,103499.0,125.0
31931,4,2896.0,158.0
31932,4,83008.0,212.0
31933,4,1890.0,163.0
31934,4,2071.0,196.0
31935,4,1452.0,188.0
31936,4,3325.0,96.0
31937,4,658.0,135.0
31938,4,5645.0,129.0
31939,4,3685.0,124.0
31940,4,546.0,195.0
31941,4,204.0,203.0
31942,4,763.0,203.0
31943,4,6875.0,203.0
31944,4,64.0,183.0
31945,4,14.0,183.0
31946,4,116.0,183.0
31947,4,300133.0,144.0
31948,4,261.0,206.0
31949,4,78.0,206.0
31950,4,2430.0,135.0
31951,4,336.0,204.0
31952,4,61.0,158.0
31953,4,13.0,158.0
31954,4,848.0,222.0
31955,4,9836.0,170.0
31956,4,157.0,189.0
31957,4,24020.0,189.0
31958,4,4999.0,119.0
31959,4,28962.0,154.0
31960,4,32548.0,154.0
31961,4,1124.0,169.0
31962,4,18747.0,176.0
31963,4,58.0,119.0
31964,4,2405.0,226.0
31965,4,1659.0,226.0
31966,4,31631.0,145.0
31967,4,126622.0,194.0
31968,4,45728.0,124.0
31969,4,77.0,120.0
31970,4,332.0,180.0
31971,4,168.0,113.0
31972,4,283.0,198.0
31973,4,2534.0,110.0
31974,4,5128.0,110.0
31975,4,1048.0,182.0
31976,4,62.0,108.0
31977,4,1348.0,197.0
31978,4,384.0,177.0
31979,4,1439.0,177.0
31980,4,494.0,177.0
31981,4,473.0,172.0
31982,4,2265.0,122.0
31983,4,23845.0,189.0
31984,4,93.0,140.0
31985,4,1830.0,117.0
31986,4,17531.0,117.0
31987,4,996.0,211.0
31988,4,44618.0,116.0
31989,4,742.0,142.0
31990,4,888.0,153.0
31991,4,6883.0,214.0
31992,4,42.0,97.0
31993,4,399.0,311.0
31994,4,2019.0,176.0
31995,4,210.0,177.0
31996,4,121.0,119.0
31997,4,756.0,119.0
31998,4,1694.0,193.0
31999,4,9320.0,200.0
32000,4,241.0,120.0
32001,4,86.0,119.0
32002,4,25074.0,224.0
32003,4,2899.0,158.0
32004,4,3492.0,158.0
32005,4,2072.0,158.0
32006,4,2213.0,123.0
32007,4,10.0,181.0
32008,4,16.0,153.0
32009,4,375994.0,311.0
32010,4,12301.0,307.0
32011,4,5786.0,174.0
32012,4,2708.0,163.0
32013,4,603.0,123.0
32014,4,36.0,183.0
32015,4,82.0,124.0
32016,4,1255.0,136.0
32017,4,162.0,163.0
32018,4,469.0,348.0
32019,4,7811.0,348.0
32020,4,406.0,348.0
32021,4,489.0,348.0
32022,4,549.0,348.0
32023,4,160.0,126.0
32024,4,1141.0,163.0
32025,4,988.0,126.0
32026,4,4211.0,190.0
32027,4,843.0,131.0
32028,4,98127.0,177.0
32029,4,597.0,190.0
32030,4,8911.0,334.0
32031,4,1820.0,173.0
32032,4,36214.0,225.0
32033,4,2748.0,174.0
32034,4,99626.0,178.0
32035,4,1689.0,124.0
32036,4,50938.0,209.0
32037,4,484.0,116.0
32038,4,1056.0,166.0
32039,4,0.0,121.0
32040,4,528.0,151.0
32041,4,186.0,151.0
32042,4,27.0,120.0
32043,4,80.0,140.0
32044,4,80.0,140.0
32045,4,4737.0,168.0
32046,4,57.0,119.0
32047,4,505.0,193.0
32048,4,8803.0,190.0
32049,4,3410.0,123.0
32050,4,3397.0,123.0
32051,4,1357.0,123.0
32052,4,25640.0,129.0
32053,4,726.0,175.0
32054,4,277.0,175.0
32055,4,553.0,175.0
32056,4,4839.0,114.0
32057,4,4031.0,122.0
32058,4,551.0,122.0
32059,4,314.0,132.0
32060,4,555.0,348.0
32061,4,1889.0,122.0
32062,4,4604.0,179.0
32063,4,835.0,179.0
32064,4,1207.0,179.0
32065,4,1329.0,152.0
32066,4,1727.0,99.0
32067,4,31660.0,114.0
32068,4,73228.0,112.0
32069,4,30738.0,116.0
32070,4,19.0,158.0
32071,4,19.0,158.0
32072,4,3293.0,119.0
32073,4,87.0,119.0
32074,4,109.0,130.0
32075,4,163.0,130.0
32076,4,1951.0,205.0
32077,4,18253.0,125.0
32078,4,3161.0,130.0
32079,4,384.0,186.0
32080,4,28067.0,153.0
32081,4,1074.0,195.0
32082,4,1830.0,152.0
32083,4,6099.0,194.0
32084,4,13.0,117.0
32085,4,5252.0,194.0
32086,4,914.0,194.0
32087,4,3204.0,194.0
32088,4,322.0,217.0
32089,4,238.0,120.0
32090,4,161189.0,311.0
32091,4,10987.0,126.0
32092,4,3326.0,195.0
32093,4,1120.0,119.0
32094,4,210.0,132.0
32095,4,1346.0,118.0
32096,4,901.0,110.0
32097,4,149.0,211.0
32098,4,178.0,184.0
32099,4,11570.0,185.0
32100,4,142.0,185.0
32101,4,523.0,117.0
32102,4,10816.0,513.0
32103,4,1146.0,347.0
32104,4,167.0,126.0
32105,4,744.0,128.0
32106,4,22131.0,200.0
32107,4,513.0,189.0
32108,4,1791.0,159.0
32109,4,4427.0,122.0
32110,4,16.0,202.0
32111,4,923.0,202.0
32112,4,2375.0,128.0
32113,4,4114.0,128.0
32114,4,3509.0,167.0
32115,4,655.0,326.0
32116,4,63.0,187.0
32117,4,76.0,193.0
32118,4,2898.0,175.0
32119,4,869.0,347.0
32120,4,628.0,131.0
32121,4,61.0,193.0
32122,4,134.0,193.0
32123,4,29.0,193.0
32124,4,29.0,193.0
32125,4,64.0,193.0
32126,4,27.0,193.0
32127,4,28.0,193.0
32128,4,26.0,193.0
32129,4,3296.0,181.0
32130,4,9534.0,175.0
32131,4,499.0,143.0
32132,4,653.0,109.0
32133,4,20.0,103.0
32134,4,3550.0,186.0
32135,4,992.0,158.0
32136,4,17.0,158.0
32137,4,605.0,174.0
32138,4,1216.0,101.0
32139,4,570.0,184.0
32140,4,469.0,181.0
32141,4,1291.0,122.0
32142,4,9435.0,100.0
32143,4,60.0,119.0
32144,4,1908.0,186.0
32145,4,137.0,191.0
32146,4,792.0,134.0
32147,4,264.0,196.0
32148,4,2190.0,185.0
32149,4,148.0,236.0
32150,4,205.0,236.0
32151,4,232.0,103.0
32152,4,4949.0,187.0
32153,4,1357.0,184.0
32154,4,3253.0,184.0
32155,4,1140.0,134.0
32156,4,15267.0,146.0
32157,4,2785.0,249.0
32158,4,1188.0,149.0
32159,4,13839.0,159.0
32160,4,20840.0,159.0
32161,4,1126.0,195.0
32162,4,141.0,138.0
32163,4,928.0,186.0
32164,4,343.0,139.0
32165,4,15.0,139.0
32166,4,775.0,198.0
32167,4,186.0,130.0
32168,4,2195.0,168.0
32169,4,94.0,174.0
32170,4,57.0,174.0
32171,4,27204.0,230.0
32172,4,29.0,181.0
32173,4,1102.0,175.0
32174,4,17994.0,302.0
32175,4,304.0,125.0
32176,4,1246.0,120.0
32177,4,3023.0,115.0
32178,4,1078.0,208.0
32179,4,9124.0,389.0
32180,4,70.0,121.0
32181,4,339.0,145.0
32182,4,314.0,145.0
32183,4,150473.0,145.0
32184,4,496.0,199.0
32185,4,306.0,199.0
32186,4,333.0,199.0
32187,4,51827.0,120.0
32188,4,2413.0,172.0
32189,4,78.0,212.0
32190,4,444.0,122.0
32191,4,297.0,202.0
32192,4,883.0,176.0
32193,4,6712.0,207.0
32194,4,1157.0,207.0
32195,4,918.0,199.0
32196,4,406.0,199.0
32197,4,939.0,180.0
32198,4,3080.0,195.0
32199,4,335.0,152.0
32200,4,4425.0,184.0
32201,4,951.0,126.0
32202,4,20524.0,181.0
32203,4,8525.0,113.0
32204,4,108.0,211.0
32205,4,77.0,184.0
32206,4,496.0,227.0
32207,4,12838.0,115.0
32208,4,575.0,159.0
32209,4,4985.0,184.0
32210,4,15819.0,211.0
32211,4,815.0,187.0
32212,4,20.0,112.0
32213,4,67.0,112.0
32214,4,70.0,112.0
32215,4,53.0,112.0
32216,4,84575.0,210.0
32217,4,12255.0,210.0
32218,4,1377.0,158.0
32219,4,300.0,120.0
32220,4,13208.0,315.0
32221,4,3490.0,182.0
32222,4,92.0,158.0
32223,4,60826.0,121.0
32224,4,213.0,178.0
32225,4,26.0,108.0
32226,4,44.0,112.0
32227,4,11021.0,124.0
32228,4,8637.0,121.0
32229,4,2172.0,143.0
32230,4,1869.0,161.0
32231,4,51841.0,145.0
32232,4,143.0,225.0
32233,4,332.0,109.0
32234,4,820.0,115.0
32235,4,7062.0,147.0
32236,4,679.0,147.0
32237,4,9451.0,281.0
32238,4,7962.0,281.0
32239,4,403695.0,192.0
32240,4,126.0,196.0
32241,4,13.0,158.0
32242,4,1669.0,158.0
32243,4,874.0,196.0
32244,4,1183.0,145.0
32245,4,7427.0,145.0
32246,4,93.0,145.0
32247,4,198.0,145.0
32248,4,921.0,137.0
32249,4,271.0,180.0
32250,4,2313.0,178.0
32251,4,137897.0,147.0
32252,4,9138.0,192.0
32253,4,69127.0,222.0
32254,4,13141.0,222.0
32255,4,663.0,119.0
32256,4,3822.0,119.0
32257,4,300077.0,143.0
32258,4,95268.0,125.0
32259,4,14229.0,254.0
32260,4,9192.0,392.0
32261,4,23818.0,392.0
32262,4,4641.0,392.0
32263,4,159.0,139.0
32264,4,897.0,124.0
32265,4,183.0,185.0
32266,4,3092.0,197.0
32267,4,156083.0,193.0
32268,4,147.0,196.0
32269,4,686.0,197.0
32270,4,35.0,183.0
32271,4,32.0,183.0
32272,4,55.0,183.0
32273,4,820.0,197.0
32274,4,15.0,197.0
32275,4,8166.0,142.0
32276,4,30.0,142.0
32277,4,277.0,114.0
32278,4,79.0,192.0
32279,4,742.0,125.0
32280,4,155.0,119.0
32281,4,1263.0,180.0
32282,4,821.0,180.0
32283,4,490.0,282.0
32284,4,987.0,119.0
32285,4,767.0,182.0
32286,4,284.0,225.0
32287,4,6718.0,182.0
32288,4,3882.0,109.0
32289,4,4166.0,81.0
32290,4,1491.0,137.0
32291,4,30.0,158.0
32292,4,109.0,162.0
32293,4,153.0,196.0
32294,4,605.0,170.0
32295,4,250.0,189.0
32296,4,805.0,126.0
32297,4,3834.0,181.0
32298,4,328.0,145.0
32299,4,44548.0,145.0
32300,4,232.0,145.0
32301,4,113.0,118.0
32302,4,6117.0,163.0
32303,4,2317.0,179.0
32304,4,2013.0,87.0
32305,4,83.0,156.0
32306,4,62.0,156.0
32307,4,52.0,156.0
32308,4,59.0,90.0
32309,4,2412.0,81.0
32310,4,300132.0,185.0
32311,4,331.0,137.0
32312,4,2182.0,174.0
32313,4,5044.0,81.0
32314,4,81.0,158.0
32315,4,11.0,127.0
32316,4,32004.0,191.0
32317,4,623.0,152.0
32318,4,825.0,152.0
32319,4,214.0,152.0
32320,4,153.0,200.0
32321,4,6562.0,188.0
32322,4,4841.0,180.0
32323,4,7814.0,128.0
32324,4,5381.0,113.0
32325,4,4409.0,172.0
32326,4,5907.0,132.0
32327,4,22.0,132.0
32328,4,1975.0,194.0
32329,4,609.0,194.0
32330,4,373.0,117.0
32331,4,121.0,121.0
32332,4,1585.0,231.0
32333,4,41.0,146.0
32334,4,58.0,120.0
32335,4,948.0,163.0
32336,4,9515.0,189.0
32337,4,46.0,180.0
32338,4,30294.0,133.0
32339,4,1653.0,187.0
32340,4,599.0,124.0
32341,4,937.0,124.0
32342,4,441.0,124.0
32343,4,1506.0,124.0
32344,4,77.0,187.0
32345,4,17.0,180.0
32346,4,633.0,142.0
32347,4,1558.0,142.0
32348,4,300070.0,124.0
32349,4,135840.0,179.0
32350,4,1324.0,129.0
32351,4,14586.0,126.0
32352,4,3415.0,103.0
32353,4,1534.0,96.0
32354,4,3743.0,134.0
32355,4,8.0,180.0
32356,4,2768.0,120.0
32357,4,1084.0,128.0
32358,4,15201.0,181.0
32359,4,15382.0,181.0
32360,4,3704.0,168.0
32361,4,7342.0,123.0
32362,4,15161.0,166.0
32363,4,15377.0,301.0
32364,4,36192.0,209.0
32365,4,2272.0,201.0
32366,4,415.0,153.0
32367,4,2021.0,193.0
32368,4,453.0,173.0
32369,4,4705.0,217.0
32370,4,19603.0,127.0
32371,4,4.0,127.0
32372,4,888.0,142.0
32373,4,6053.0,142.0
32374,4,21.0,230.0
32375,4,7765.0,370.0
32376,4,335.0,129.0
32377,4,14931.0,301.0
32378,4,52.0,301.0
32379,4,137565.0,127.0
32380,4,83351.0,166.0
32381,4,919.0,186.0
32382,4,28.0,158.0
32383,4,1729.0,189.0
32384,4,7248.0,302.0
32385,4,49.0,302.0
32386,4,163.0,96.0
32387,4,99.0,173.0
32388,4,11623.0,301.0
32389,4,8233.0,213.0
32390,4,3068.0,136.0
32391,4,1303.0,188.0
32392,4,1967.0,183.0
32393,4,1485.0,183.0
32394,4,3866.0,183.0
32395,4,211.0,230.0
32396,4,272.0,124.0
32397,4,124.0,133.0
32398,4,1085.0,374.0
32399,4,169153.0,374.0
32400,4,303.0,189.0
32401,4,8597.0,189.0
32402,4,2265.0,148.0
32403,4,2655.0,142.0
32404,4,6.0,125.0
32405,4,728.0,220.0
32406,4,81.0,107.0
32407,4,184.0,107.0
32408,4,167.0,107.0
32409,4,1634.0,107.0
32410,4,283.0,107.0
32411,4,92.0,107.0
32412,4,101.0,107.0
32413,4,96.0,142.0
32414,4,4257.0,136.0
32415,4,18.0,123.0
32416,4,11.0,123.0
32417,4,9.0,123.0
32418,4,623.0,189.0
32419,4,380.0,189.0
32420,4,366.0,189.0
32421,4,520.0,189.0
32422,4,18.0,189.0
32423,4,11318.0,189.0
32424,4,1670.0,189.0
32425,4,2845.0,101.0
32426,4,744.0,148.0
32427,4,5984.0,189.0
32428,4,12144.0,210.0
32429,4,69.0,125.0
32430,4,399.0,114.0
32431,4,3099.0,116.0
32432,4,75.0,191.0
32433,4,4961.0,101.0
32434,4,376.0,125.0
32435,4,19.0,125.0
32436,4,325.0,125.0
32437,4,53533.0,101.0
32438,4,10289.0,210.0
32439,4,5034.0,210.0
32440,4,6798.0,189.0
32441,4,102345.0,185.0
32442,4,320.0,177.0
32443,4,36.0,230.0
32444,4,19.0,123.0
32445,4,312.0,123.0
32446,4,334.0,107.0
32447,4,868.0,113.0
32448,4,129.0,107.0
32449,4,3.0,150.0
32450,4,2.0,202.0
32451,4,1144.0,98.0
32452,4,68993.0,139.0
32453,4,177.0,139.0
32454,4,2999.0,120.0
32455,4,13.0,120.0
32456,4,3046.0,165.0
32457,4,30276.0,137.0
32458,4,2051.0,137.0
32459,4,111532.0,185.0
32460,4,3730.0,200.0
32461,4,659.0,96.0
32462,4,1959.0,102.0
32463,4,678.0,184.0
32464,4,2544.0,185.0
32465,4,276135.0,119.0
32466,4,1225.0,161.0
32467,4,421.0,161.0
32468,4,27.0,158.0
32469,4,2711.0,167.0
32470,4,2429.0,167.0
32471,4,232.0,177.0
32472,4,4005.0,167.0
32473,4,552.0,173.0
32474,4,399.0,196.0
32475,4,280.0,173.0
32476,4,1914.0,141.0
32477,4,324.0,119.0
32478,4,7078.0,227.0
32479,4,1225.0,189.0
32480,4,629.0,179.0
32481,4,63.0,179.0
32482,4,108.0,142.0
32483,4,480.0,210.0
32484,4,13.0,185.0
32485,4,35595.0,128.0
32486,4,448.0,139.0
32487,4,495.0,139.0
32488,4,881.0,139.0
32489,4,645.0,119.0
32490,4,104.0,182.0
32491,4,1014.0,114.0
32492,4,82.0,121.0
32493,4,406.0,182.0
32494,4,1071.0,119.0
32495,4,148.0,118.0
32496,4,15570.0,322.0
32497,4,332.0,187.0
32498,4,226.0,124.0
32499,4,390.0,122.0
32500,4,6840.0,150.0
32501,4,78.0,162.0
32502,4,250438.0,124.0
32503,4,37853.0,124.0
32504,4,356.0,192.0
32505,4,7934.0,187.0
32506,4,8578.0,352.0
32507,4,72886.0,190.0
32508,4,469.0,305.0
32509,4,3711.0,206.0
32510,4,18.0,179.0
32511,4,11533.0,128.0
32512,4,264995.0,123.0
32513,4,422314.0,123.0
32514,4,25195.0,181.0
32515,4,942.0,181.0
32516,4,54.0,158.0
32517,4,44.0,158.0
32518,4,24124.0,212.0
32519,4,1940.0,194.0
32520,4,101889.0,129.0
32521,4,1838.0,352.0
32522,4,487.0,352.0
32523,4,16650.0,352.0
32524,4,99.0,352.0
32525,4,1128.0,179.0
32526,4,2695.0,150.0
32527,4,102.0,174.0
32528,4,1179.0,117.0
32529,4,183470.0,179.0
32530,4,165.0,182.0
32531,4,242.0,182.0
32532,4,722.0,128.0
32533,4,696.0,201.0
32534,4,5238.0,186.0
32535,4,49810.0,178.0
32536,4,199.0,176.0
32537,4,50.0,158.0
32538,4,7295.0,182.0
32539,4,151.0,182.0
32540,4,976.0,125.0
32541,4,58.0,509.0
32542,4,203.0,509.0
32543,4,254.0,123.0
32544,4,82.0,158.0
32545,4,7.0,119.0
32546,4,50515.0,119.0
32547,4,5351.0,317.0
32548,4,43654.0,206.0
32549,4,6465.0,101.0
32550,4,915.0,179.0
32551,4,1441.0,182.0
32552,4,3144.0,157.0
32553,4,414.0,200.0
32554,4,11521.0,133.0
32555,4,21113.0,272.0
32556,4,642.0,191.0
32557,4,2205.0,215.0
32558,4,1443.0,509.0
32559,4,497.0,509.0
32560,4,156.0,509.0
32561,4,1002.0,509.0
32562,4,345.0,509.0
32563,4,210.0,197.0
32564,4,188.0,509.0
32565,4,856.0,157.0
32566,4,1816.0,140.0
32567,4,7851.0,195.0
32568,4,217.0,191.0
32569,4,116.0,191.0
32570,4,664.0,115.0
32571,4,3909.0,107.0
32572,4,801.0,382.0
32573,4,6689.0,182.0
32574,4,2095.0,111.0
32575,4,425.0,185.0
32576,4,904.0,248.0
32577,4,190.0,139.0
32578,4,873.0,111.0
32579,4,426.0,509.0
32580,4,725.0,120.0
32581,4,66.0,124.0
32582,4,414.0,120.0
32583,4,179.0,210.0
32584,4,160239.0,382.0
32585,4,1444.0,187.0
32586,4,4319.0,187.0
32587,4,23.0,122.0
32588,4,427.0,187.0
32589,4,6387.0,138.0
32590,4,478.0,190.0
32591,4,53969.0,333.0
32592,4,3534.0,125.0
32593,4,3459.0,126.0
32594,4,413.0,164.0
32595,4,304710.0,123.0
32596,4,315547.0,123.0
32597,4,577.0,185.0
32598,4,44620.0,113.0
32599,4,23223.0,119.0
32600,4,77.0,187.0
32601,4,102.0,187.0
32602,4,2242.0,188.0
32603,4,1740.0,192.0
32604,4,324439.0,193.0
32605,4,27.0,158.0
32606,4,11.0,187.0
32607,4,162.0,163.0
32608,4,582.0,185.0
32609,4,895.0,185.0
32610,4,255.0,187.0
32611,4,191111.0,127.0
32612,4,1454.0,133.0
32613,4,4.0,196.0
32614,4,343.0,509.0
32615,4,521.0,129.0
32616,4,324.0,181.0
32617,4,3848.0,139.0
32618,4,595.0,139.0
32619,4,66.0,200.0
32620,4,281745.0,163.0
32621,4,355409.0,209.0
32622,4,2.0,183.0
32623,4,5306.0,120.0
32624,4,2357.0,143.0
32625,4,4705.0,120.0
32626,4,7.0,152.0
32627,4,1837.0,151.0
32628,4,117.0,215.0
32629,3,487.0,127.0
32630,3,427166.0,209.0
32631,3,5287.0,114.0
32632,3,2211.0,112.0
32633,3,1079.0,133.0
32634,3,30.0,152.0
32635,3,853.0,202.0
32636,3,478.0,172.0
32637,3,14177.0,215.0
32638,3,742.0,206.0
32639,3,163.0,222.0
32640,3,10955.0,225.0
32641,3,991.0,177.0
32642,3,204.0,131.0
32643,3,12766.0,102.0
32644,3,48812.0,349.0
32645,3,451.0,127.0
32646,3,291.0,127.0
32647,3,413.0,127.0
32648,3,176.0,125.0
32649,3,4985.0,180.0
32650,3,1092.0,121.0
32651,3,569.0,121.0
32652,3,35.0,118.0
32653,3,23.0,118.0
32654,3,520.0,172.0
32655,3,297.0,121.0
32656,3,25105.0,195.0
32657,3,948.0,191.0
32658,3,100.0,190.0
32659,3,685.0,190.0
32660,3,1009.0,180.0
32661,3,315.0,159.0
32662,3,2307.0,182.0
32663,3,141.0,188.0
32664,3,1933.0,187.0
32665,3,956.0,180.0
32666,3,1406.0,188.0
32667,3,796.0,132.0
32668,3,754.0,132.0
32669,3,879.0,132.0
32670,3,833.0,132.0
32671,3,1968.0,208.0
32672,3,11667.0,130.0
32673,3,200.0,333.0
32674,3,151.0,190.0
32675,3,333.0,190.0
32676,3,408.0,129.0
32677,3,1859.0,113.0
32678,3,55.0,190.0
32679,3,56227.0,210.0
32680,3,9642.0,534.0
32681,3,612.0,181.0
32682,3,2918.0,116.0
32683,3,339.0,158.0
32684,3,190.0,158.0
32685,3,30308.0,180.0
32686,3,25.0,158.0
32687,3,2073.0,182.0
32688,3,3066.0,91.0
32689,3,394.0,120.0
32690,3,676.0,185.0
32691,3,518.0,187.0
32692,3,472.0,136.0
32693,3,694.0,210.0
32694,3,2415.0,123.0
32695,3,5710.0,113.0
32696,3,586.0,146.0
32697,3,1457.0,187.0
32698,3,687.0,172.0
32699,3,3884.0,187.0
32700,3,104.0,187.0
32701,3,396.0,187.0
32702,3,38.0,187.0
32703,3,38294.0,126.0
32704,3,976.0,88.0
32705,3,2104.0,187.0
32706,3,11.0,221.0
32707,3,52.0,158.0
32708,3,111.0,158.0
32709,3,4392.0,355.0
32710,3,322.0,205.0
32711,3,557.0,197.0
32712,3,186.0,150.0
32713,3,12170.0,131.0
32714,3,18691.0,241.0
32715,3,964.0,115.0
32716,3,402.0,184.0
32717,3,10.0,108.0
32718,3,296.0,121.0
32719,3,16260.0,135.0
32720,3,14221.0,129.0
32721,3,101.0,200.0
32722,3,93.0,158.0
32723,3,213.0,158.0
32724,3,94.0,158.0
32725,3,52.0,121.0
32726,3,15123.0,168.0
32727,3,15123.0,182.0
32728,3,87.0,160.0
32729,3,2000.0,113.0
32730,3,366.0,113.0
32731,3,16624.0,194.0
32732,3,6417.0,185.0
32733,3,4690.0,182.0
32734,3,4574.0,194.0
32735,3,85.0,128.0
32736,3,429.0,193.0
32737,3,714.0,193.0
32738,3,160.0,179.0
32739,3,757.0,162.0
32740,3,128.0,193.0
32741,3,63776.0,179.0
32742,3,1630.0,179.0
32743,3,1434.0,169.0
32744,3,26.0,92.0
32745,3,5539.0,182.0
32746,3,421.0,194.0
32747,3,39894.0,202.0
32748,3,2941.0,112.0
32749,3,580.0,214.0
32750,3,6254.0,161.0
32751,3,128.0,211.0
32752,3,33978.0,165.0
32753,3,98.0,162.0
32754,3,133.0,124.0
32755,3,2722.0,181.0
32756,3,39.0,158.0
32757,3,985.0,158.0
32758,3,468.0,130.0
32759,3,1527.0,124.0
32760,3,13731.0,128.0
32761,3,11138.0,128.0
32762,3,10945.0,206.0
32763,3,10333.0,452.0
32764,3,211.0,104.0
32765,3,2721.0,190.0
32766,3,197.0,114.0
32767,3,16187.0,113.0
32768,3,98.0,162.0
32769,3,733.0,162.0
32770,3,83939.0,124.0
32771,3,184382.0,124.0
32772,3,121.0,126.0
32773,3,315.0,177.0
32774,3,490.0,90.0
32775,3,1434.0,118.0
32776,3,1005.0,194.0
32777,3,40.0,305.0
32778,3,497.0,305.0
32779,3,3293.0,121.0
32780,3,397.0,177.0
32781,3,211.0,305.0
32782,3,493.0,211.0
32783,3,461.0,178.0
32784,3,2876.0,187.0
32785,3,2966.0,131.0
32786,3,264.0,147.0
32787,3,317.0,147.0
32788,3,113.0,124.0
32789,3,2653.0,119.0
32790,3,232213.0,126.0
32791,3,1615.0,121.0
32792,3,5438.0,121.0
32793,3,630.0,143.0
32794,3,1286.0,126.0
32795,3,370.0,127.0
32796,3,630.0,127.0
32797,3,177.0,185.0
32798,3,946.0,184.0
32799,3,60.0,158.0
32800,3,1731.0,158.0
32801,3,760.0,162.0
32802,3,1187.0,114.0
32803,3,318.0,200.0
32804,3,3909.0,190.0
32805,3,296.0,121.0
32806,3,12037.0,261.0
32807,3,3543.0,261.0
32808,3,3527.0,206.0
32809,3,125.0,126.0
32810,3,14764.0,224.0
32811,3,7913.0,224.0
32812,3,1007.0,102.0
32813,3,4515.0,174.0
32814,3,96.0,192.0
32815,3,16.0,185.0
32816,3,302.0,147.0
32817,3,244.0,147.0
32818,3,5507.0,147.0
32819,3,286.0,147.0
32820,3,328.0,147.0
32821,3,7138.0,118.0
32822,3,83218.0,185.0
32823,3,24.0,123.0
32824,3,1999.0,195.0
32825,3,1349.0,195.0
32826,3,140.0,140.0
32827,3,124.0,131.0
32828,3,88.0,131.0
32829,3,136434.0,126.0
32830,3,95.0,123.0
32831,3,213.0,147.0
32832,3,257.0,147.0
32833,3,5078.0,196.0
32834,3,9.0,122.0
32835,3,5215.0,139.0
32836,3,2145.0,139.0
32837,3,77046.0,185.0
32838,3,7499.0,274.0
32839,3,224.0,129.0
32840,3,565.0,193.0
32841,3,6596.0,140.0
32842,3,140.0,141.0
32843,3,6146.0,142.0
32844,3,1175.0,202.0
32845,3,108387.0,179.0
32846,3,3032.0,165.0
32847,3,557.0,121.0
32848,3,67.0,110.0
32849,3,1033.0,181.0
32850,3,1570.0,181.0
32851,3,17935.0,204.0
32852,3,37568.0,126.0
32853,3,386.0,117.0
32854,3,2416.0,138.0
32855,3,18142.0,104.0
32856,3,5942.0,136.0
32857,3,570.0,136.0
32858,3,46.0,246.0
32859,3,24749.0,136.0
32860,3,682.0,304.0
32861,3,69191.0,223.0
32862,3,168.0,223.0
32863,3,57.0,179.0
32864,3,228.0,132.0
32865,3,228.0,204.0
32866,3,670.0,204.0
32867,3,112172.0,166.0
32868,3,23732.0,166.0
32869,3,11731.0,166.0
32870,3,75861.0,166.0
32871,3,228.0,204.0
32872,3,869.0,138.0
32873,3,2545.0,138.0
32874,3,462.0,138.0
32875,3,2312.0,156.0
32876,3,1143.0,101.0
32877,3,2666.0,133.0
32878,3,882.0,124.0
32879,3,874.0,166.0
32880,3,1113.0,182.0
32881,3,6186.0,198.0
32882,3,1746.0,189.0
32883,3,153.0,189.0
32884,3,189.0,187.0
32885,3,4099.0,166.0
32886,3,338.0,167.0
32887,3,150.0,167.0
32888,3,4161.0,115.0
32889,3,35.0,196.0
32890,3,954.0,136.0
32891,3,129.0,114.0
32892,3,1193.0,182.0
32893,3,698.0,96.0
32894,3,52.0,173.0
32895,3,889.0,180.0
32896,3,1855.0,200.0
32897,3,796.0,176.0
32898,3,494.0,134.0
32899,3,31831.0,199.0
32900,3,4451.0,126.0
32901,3,30.0,133.0
32902,3,867.0,189.0
32903,3,130.0,177.0
32904,3,2291.0,188.0
32905,3,14756.0,344.0
32906,3,15175.0,241.0
32907,3,243375.0,127.0
32908,3,206018.0,119.0
32909,3,791.0,187.0
32910,3,1482.0,166.0
32911,3,6.0,180.0
32912,3,264.0,104.0
32913,3,32.0,179.0
32914,3,343.0,179.0
32915,3,30.0,179.0
32916,3,88.0,124.0
32917,3,1098.0,93.0
32918,3,8.0,180.0
32919,3,37.0,199.0
32920,3,34.0,199.0
32921,3,1075.0,141.0
32922,3,2609.0,161.0
32923,3,5553.0,138.0
32924,3,761.0,162.0
32925,3,248.0,119.0
32926,3,6360.0,138.0
32927,3,3943.0,127.0
32928,3,14.0,180.0
32929,3,11.0,180.0
32930,3,24.0,180.0
32931,3,173.0,180.0
32932,3,367.0,187.0
32933,3,52.0,187.0
32934,3,9417.0,109.0
32935,3,293.0,118.0
32936,3,44484.0,136.0
32937,3,10622.0,155.0
32938,3,1271.0,173.0
32939,3,5955.0,111.0
32940,3,10990.0,173.0
32941,3,75.0,180.0
32942,3,16.0,123.0
32943,3,95.0,156.0
32944,3,234.0,156.0
32945,3,650.0,188.0
32946,3,15195.0,132.0
32947,3,6146.0,184.0
32948,3,360.0,115.0
32949,3,486.0,235.0
32950,3,343.0,119.0
32951,3,347.0,196.0
32952,3,419.0,196.0
32953,3,320.0,196.0
32954,3,883.0,196.0
32955,3,933.0,189.0
32956,3,920.0,140.0
32957,3,40.0,180.0
32958,3,13694.0,119.0
32959,3,241.0,147.0
32960,3,312.0,137.0
32961,3,15.0,136.0
32962,3,361.0,114.0
32963,3,3436.0,137.0
32964,3,1470.0,125.0
32965,3,2300.0,121.0
32966,3,39596.0,155.0
32967,3,2032.0,113.0
32968,3,1898.0,155.0
32969,3,25669.0,155.0
32970,3,1848.0,155.0
32971,3,4748.0,110.0
32972,3,111.0,158.0
32973,3,3833.0,216.0
32974,3,67.0,156.0
32975,3,60093.0,124.0
32976,3,432.0,125.0
32977,3,8499.0,343.0
32978,3,446.0,189.0
32979,3,3223.0,116.0
32980,3,4497.0,111.0
32981,3,2304.0,207.0
32982,3,150.0,207.0
32983,3,617.0,122.0
32984,3,0.0,122.0
32985,3,943.0,113.0
32986,3,798.0,132.0
32987,3,124.0,179.0
32988,3,9452.0,152.0
32989,3,1563.0,207.0
32990,3,94.0,156.0
32991,3,66157.0,221.0
32992,3,294.0,201.0
32993,3,2456.0,221.0
32994,3,62.0,156.0
32995,3,10356.0,131.0
32996,3,8170.0,158.0
32997,3,345.0,116.0
32998,3,547.0,161.0
32999,3,93297.0,202.0
33000,3,857.0,203.0
33001,3,1006.0,183.0
33002,3,85.0,118.0
33003,3,209.0,245.0
33004,3,254.0,278.0
33005,3,321.0,113.0
33006,3,535.0,106.0
33007,3,2233.0,108.0
33008,3,3414.0,119.0
33009,3,2803.0,108.0
33010,3,2213.0,108.0
33011,3,2468.0,108.0
33012,3,248.0,329.0
33013,3,4392.0,197.0
33014,3,1954.0,122.0
33015,3,14.0,122.0
33016,3,22730.0,127.0
33017,3,581.0,199.0
33018,3,10.0,122.0
33019,3,4338.0,142.0
33020,3,1060.0,230.0
33021,3,10.0,136.0
33022,3,126.0,136.0
33023,3,648.0,108.0
33024,3,2448.0,199.0
33025,3,1116.0,329.0
33026,3,267.0,329.0
33027,3,112.0,329.0
33028,3,383.0,329.0
33029,3,1450.0,199.0
33030,3,453.0,230.0
33031,3,240.0,230.0
33032,3,630.0,155.0
33033,3,84.0,104.0
33034,3,4645.0,161.0
33035,3,3752.0,180.0
33036,3,4202.0,180.0
33037,3,795.0,180.0
33038,3,2201.0,108.0
33039,3,68810.0,211.0
33040,3,155.0,108.0
33041,3,396.0,201.0
33042,3,965.0,253.0
33043,3,4997.0,122.0
33044,3,3779.0,178.0
33045,3,472.0,134.0
33046,3,2128.0,134.0
33047,3,386.0,134.0
33048,3,2892.0,158.0
33049,3,1748.0,225.0
33050,3,113.0,225.0
33051,3,670.0,199.0
33052,3,1400.0,131.0
33053,3,744.0,131.0
33054,3,926.0,122.0
33055,3,2132.0,199.0
33056,3,3193.0,199.0
33057,3,1360.0,199.0
33058,3,1789.0,199.0
33059,3,3269.0,125.0
33060,3,170581.0,125.0
33061,3,181.0,124.0
33062,3,3117.0,199.0
33063,3,289.0,254.0
33064,3,598.0,160.0
33065,3,5.0,160.0
33066,3,2061.0,199.0
33067,3,691.0,199.0
33068,3,650.0,187.0
33069,3,45555.0,161.0
33070,3,1814.0,146.0
33071,3,46745.0,145.0
33072,3,88.0,197.0
33073,3,416.0,197.0
33074,3,2291.0,197.0
33075,3,3063.0,198.0
33076,3,2851.0,142.0
33077,3,649.0,125.0
33078,3,442.0,137.0
33079,3,540.0,158.0
33080,3,892.0,158.0
33081,3,452.0,122.0
33082,3,3394.0,190.0
33083,3,46.0,122.0
33084,3,3552.0,199.0
33085,3,1546.0,199.0
33086,3,15673.0,199.0
33087,3,47.0,197.0
33088,3,71.0,217.0
33089,3,34.0,122.0
33090,3,22909.0,213.0
33091,3,87.0,212.0
33092,3,26849.0,111.0
33093,3,619.0,175.0
33094,3,1580.0,116.0
33095,3,3380.0,191.0
33096,3,1060.0,136.0
33097,3,392.0,126.0
33098,3,207.0,202.0
33099,3,38.0,202.0
33100,3,171.0,138.0
33101,3,291.0,138.0
33102,3,32.0,145.0
33103,3,332.0,129.0
33104,3,494.0,203.0
33105,3,14401.0,159.0
33106,3,557.0,193.0
33107,3,428.0,149.0
33108,3,14010.0,149.0
33109,3,2092.0,149.0
33110,3,5650.0,198.0
33111,3,10113.0,133.0
33112,3,30424.0,107.0
33113,3,161.0,178.0
33114,3,11602.0,159.0
33115,3,6330.0,159.0
33116,3,1826.0,183.0
33117,3,7477.0,183.0
33118,3,2213.0,197.0
33119,3,136.0,185.0
33120,3,2756.0,185.0
33121,3,9576.0,185.0
33122,3,1369.0,185.0
33123,3,2961.0,185.0
33124,3,104.0,129.0
33125,3,42.0,129.0
33126,3,252.0,184.0
33127,3,11424.0,184.0
33128,3,131.0,184.0
33129,3,423.0,210.0
33130,3,63.0,165.0
33131,3,6816.0,251.0
33132,3,17552.0,251.0
33133,3,1257.0,119.0
33134,3,2146.0,181.0
33135,3,369.0,119.0
33136,3,6995.0,116.0
33137,3,1468.0,153.0
33138,3,2743.0,182.0
33139,3,25.0,114.0
33140,3,6484.0,225.0
33141,3,1976.0,143.0
33142,3,102319.0,185.0
33143,3,800.0,181.0
33144,3,630.0,120.0
33145,3,750.0,100.0
33146,3,912.0,213.0
33147,3,1250.0,197.0
33148,3,295.0,122.0
33149,3,159.0,446.0
33150,3,726.0,210.0
33151,3,925.0,183.0
33152,3,100.0,193.0
33153,3,3437.0,347.0
33154,3,3389.0,185.0
33155,3,2056.0,130.0
33156,3,580.0,193.0
33157,3,35.0,193.0
33158,3,6483.0,143.0
33159,3,1121.0,153.0
33160,3,41.0,108.0
33161,3,1511.0,119.0
33162,3,28.0,180.0
33163,3,1585.0,192.0
33164,3,719.0,192.0
33165,3,9456.0,120.0
33166,3,8928.0,118.0
33167,3,5295.0,193.0
33168,3,55.0,193.0
33169,3,866.0,210.0
33170,3,365.0,180.0
33171,3,629.0,132.0
33172,3,1618.0,189.0
33173,3,58.0,169.0
33174,3,188.0,169.0
33175,3,10.0,134.0
33176,3,73.0,94.0
33177,3,338.0,186.0
33178,3,2348.0,190.0
33179,3,36079.0,141.0
33180,3,162.0,201.0
33181,3,4002.0,189.0
33182,3,840.0,213.0
33183,3,207.0,184.0
33184,3,506.0,336.0
33185,3,182522.0,336.0
33186,3,7679.0,122.0
33187,3,223.0,100.0
33188,3,665.0,100.0
33189,3,280.0,130.0
33190,3,1650.0,130.0
33191,3,339.0,124.0
33192,3,4043.0,207.0
33193,3,20282.0,211.0
33194,3,10505.0,118.0
33195,3,197.0,130.0
33196,3,4802.0,127.0
33197,3,670.0,202.0
33198,3,374.0,124.0
33199,3,50120.0,217.0
33200,3,65.0,158.0
33201,3,629.0,158.0
33202,3,944.0,206.0
33203,3,13.0,168.0
33204,3,10405.0,156.0
33205,3,77.0,116.0
33206,3,10.0,186.0
33207,3,2866.0,153.0
33208,3,19713.0,152.0
33209,3,55586.0,152.0
33210,3,216.0,120.0
33211,3,2521.0,90.0
33212,3,204.0,185.0
33213,3,18226.0,139.0
33214,3,892.0,185.0
33215,3,57.0,189.0
33216,3,362.0,206.0
33217,3,6.0,206.0
33218,3,697.0,162.0
33219,3,11719.0,151.0
33220,3,678.0,135.0
33221,3,14989.0,120.0
33222,3,21.0,173.0
33223,3,380.0,184.0
33224,3,495.0,225.0
33225,3,13954.0,228.0
33226,3,181550.0,227.0
33227,3,75.0,184.0
33228,3,718.0,111.0
33229,3,880.0,93.0
33230,3,34508.0,114.0
33231,3,1329.0,158.0
33232,3,1394.0,158.0
33233,3,266.0,158.0
33234,3,1984.0,203.0
33235,3,17847.0,190.0
33236,3,847.0,179.0
33237,3,3801.0,121.0
33238,3,2605.0,121.0
33239,3,1786.0,120.0
33240,3,69.0,187.0
33241,3,959.0,124.0
33242,3,9757.0,202.0
33243,3,355.0,121.0
33244,3,78.0,121.0
33245,3,2276.0,122.0
33246,3,1103.0,121.0
33247,3,2294.0,132.0
33248,3,2390.0,675.0
33249,3,2581.0,175.0
33250,3,2945.0,136.0
33251,3,298238.0,675.0
33252,3,1136.0,179.0
33253,3,83.0,107.0
33254,3,83.0,107.0
33255,3,827.0,102.0
33256,3,806.0,112.0
33257,3,21.0,98.0
33258,3,249.0,196.0
33259,3,9276.0,120.0
33260,3,17076.0,120.0
33261,3,23553.0,128.0
33262,3,612.0,119.0
33263,3,7913.0,147.0
33264,3,166.0,132.0
33265,3,145.0,132.0
33266,3,166.0,153.0
33267,3,674.0,177.0
33268,3,76995.0,130.0
33269,3,641.0,178.0
33270,3,4129.0,143.0
33271,3,9197.0,143.0
33272,3,5141.0,143.0
33273,3,1226.0,143.0
33274,3,15148.0,143.0
33275,3,217.0,203.0
33276,3,557.0,178.0
33277,3,152.0,124.0
33278,3,947.0,200.0
33279,3,1280.0,173.0
33280,3,12727.0,110.0
33281,3,9646.0,127.0
33282,3,15587.0,127.0
33283,3,296.0,120.0
33284,3,2825.0,194.0
33285,3,15356.0,214.0
33286,3,458.0,113.0
33287,3,260.0,208.0
33288,3,84357.0,182.0
33289,3,75857.0,203.0
33290,3,5251.0,203.0
33291,3,3105.0,203.0
33292,3,166855.0,129.0
33293,3,124.0,126.0
33294,3,62569.0,123.0
33295,3,187.0,180.0
33296,3,5243.0,179.0
33297,3,668.0,177.0
33298,3,2810.0,110.0
33299,3,3914.0,110.0
33300,3,1047.0,203.0
33301,3,302605.0,177.0
33302,3,46801.0,214.0
33303,3,5335.0,143.0
33304,3,3676.0,143.0
33305,3,561.0,209.0
33306,3,67612.0,117.0
33307,3,54361.0,122.0
33308,3,12721.0,119.0
33309,3,197.0,134.0
33310,3,22.0,209.0
33311,3,2545.0,172.0
33312,3,72.0,196.0
33313,3,20.0,196.0
33314,3,305.0,154.0
33315,3,1315.0,212.0
33316,3,157.0,212.0
33317,3,168.0,212.0
33318,3,2459.0,147.0
33319,3,232.0,162.0
33320,3,573.0,119.0
33321,3,72.0,404.0
33322,3,68.0,145.0
33323,3,22401.0,387.0
33324,3,319.0,101.0
33325,3,977.0,203.0
33326,3,974.0,203.0
33327,3,738.0,135.0
33328,3,1276.0,203.0
33329,3,4873.0,203.0
33330,3,4872.0,203.0
33331,3,7918.0,203.0
33332,3,224.0,165.0
33333,3,87.0,189.0
33334,3,162.0,189.0
33335,3,4049.0,166.0
33336,3,500.0,149.0
33337,3,1932.0,180.0
33338,3,701.0,115.0
33339,3,2737.0,203.0
33340,3,20450.0,214.0
33341,3,48639.0,214.0
33342,3,21639.0,214.0
33343,3,600157.0,129.0
33344,3,68.0,183.0
33345,3,11.0,183.0
33346,3,53.0,183.0
33347,3,42215.0,206.0
33348,3,426.0,128.0
33349,3,701.0,162.0
33350,3,146.0,158.0
33351,3,5758.0,208.0
33352,3,22.0,158.0
33353,3,147729.0,201.0
33354,3,18258.0,194.0
33355,3,5573.0,96.0
33356,3,6191.0,118.0
33357,3,1135.0,176.0
33358,3,26.0,142.0
33359,3,1347.0,187.0
33360,3,1125.0,187.0
33361,3,391.0,189.0
33362,3,26.0,121.0
33363,3,5.0,121.0
33364,3,57.0,121.0
33365,3,10370.0,186.0
33366,3,72.0,213.0
33367,3,519.0,131.0
33368,3,3223.0,197.0
33369,3,200.0,203.0
33370,3,217.0,202.0
33371,3,21.0,158.0
33372,3,668.0,115.0
33373,3,765.0,115.0
33374,3,6558.0,96.0
33375,3,471.0,120.0
33376,3,1529.0,103.0
33377,3,1469.0,103.0
33378,3,670.0,103.0
33379,3,5728.0,196.0
33380,3,99.0,126.0
33381,3,1525.0,183.0
33382,3,14521.0,149.0
33383,3,3285.0,134.0
33384,3,5307.0,120.0
33385,3,573.0,295.0
33386,3,10400.0,114.0
33387,3,113.0,165.0
33388,3,52.0,120.0
33389,3,1242.0,187.0
33390,3,1135.0,187.0
33391,3,281.0,387.0
33392,3,9775.0,174.0
33393,3,453.0,195.0
33394,3,59.0,204.0
33395,3,120.0,204.0
33396,3,31.0,160.0
33397,3,8494.0,196.0
33398,3,7380.0,179.0
33399,3,9762.0,188.0
33400,3,10094.0,123.0
33401,3,94.0,113.0
33402,3,322.0,133.0
33403,3,1375.0,201.0
33404,3,35489.0,476.0
33405,3,67.0,115.0
33406,3,808.0,115.0
33407,3,67.0,121.0
33408,3,32581.0,127.0
33409,3,4577.0,184.0
33410,3,47.0,181.0
33411,3,97.0,158.0
33412,3,37.0,158.0
33413,3,3843.0,175.0
33414,3,12967.0,199.0
33415,3,81.0,222.0
33416,3,621.0,199.0
33417,3,990.0,126.0
33418,3,2449.0,238.0
33419,3,643.0,185.0
33420,3,17202.0,114.0
33421,3,17169.0,114.0
33422,3,21640.0,167.0
33423,3,22591.0,112.0
33424,3,38816.0,112.0
33425,3,5753.0,177.0
33426,3,1701.0,119.0
33427,3,204.0,218.0
33428,3,3466.0,239.0
33429,3,302.0,239.0
33430,3,11646.0,120.0
33431,3,59918.0,210.0
33432,3,52638.0,210.0
33433,3,239.0,152.0
33434,3,600.0,182.0
33435,3,114.0,190.0
33436,3,21456.0,189.0
33437,3,827.0,206.0
33438,3,781.0,139.0
33439,3,3504.0,91.0
33440,3,79268.0,193.0
33441,3,39.0,158.0
33442,3,823.0,201.0
33443,3,132.0,141.0
33444,3,2044.0,189.0
33445,3,2290.0,181.0
33446,3,150024.0,160.0
33447,3,5706.0,100.0
33448,3,15433.0,177.0
33449,3,55.0,217.0
33450,3,2237.0,217.0
33451,3,19203.0,151.0
33452,3,792.0,122.0
33453,3,0.0,194.0
33454,3,536.0,231.0
33455,3,4.0,116.0
33456,3,844.0,120.0
33457,3,22258.0,292.0
33458,3,1536.0,292.0
33459,3,1706.0,158.0
33460,3,819.0,179.0
33461,3,10879.0,116.0
33462,3,630.0,121.0
33463,3,702.0,121.0
33464,3,12.0,181.0
33465,3,896.0,182.0
33466,3,67373.0,210.0
33467,3,555.0,182.0
33468,3,11071.0,193.0
33469,3,1062.0,107.0
33470,3,843.0,100.0
33471,3,3.0,193.0
33472,3,482.0,234.0
33473,3,288.0,184.0
33474,3,275.0,179.0
33475,3,3903.0,148.0
33476,3,17967.0,90.0
33477,3,705.0,190.0
33478,3,507.0,120.0
33479,3,729.0,136.0
33480,3,4517.0,158.0
33481,3,750.0,112.0
33482,3,525.0,206.0
33483,3,3142.0,206.0
33484,3,3415.0,158.0
33485,3,12090.0,150.0
33486,3,2244.0,119.0
33487,3,4264.0,123.0
33488,3,844.0,229.0
33489,3,147.0,189.0
33490,3,726.0,107.0
33491,3,2103.0,210.0
33492,3,47.0,183.0
33493,3,60.0,213.0
33494,3,644.0,84.0
33495,3,473.0,84.0
33496,3,1283.0,125.0
33497,3,140.0,178.0
33498,3,56.0,178.0
33499,3,67.0,178.0
33500,3,37.0,180.0
33501,3,16.0,226.0
33502,3,5.0,173.0
33503,3,4333.0,125.0
33504,3,30.0,183.0
33505,3,2583.0,126.0
33506,3,901.0,193.0
33507,3,352.0,118.0
33508,3,3241.0,112.0
33509,3,66.0,184.0
33510,3,458.0,182.0
33511,3,4494.0,209.0
33512,3,1754.0,187.0
33513,3,6333.0,184.0
33514,3,19636.0,194.0
33515,3,503.0,133.0
33516,3,769.0,114.0
33517,3,6.0,189.0
33518,3,111.0,188.0
33519,3,1817.0,176.0
33520,3,750.0,147.0
33521,3,789.0,121.0
33522,3,38.0,176.0
33523,3,8839.0,139.0
33524,3,33.0,116.0
33525,3,1249.0,206.0
33526,3,4548.0,115.0
33527,3,480.0,203.0
33528,3,356.0,191.0
33529,3,38.0,193.0
33530,3,1281.0,155.0
33531,3,2173.0,196.0
33532,3,534.0,209.0
33533,3,266.0,209.0
33534,3,667.0,209.0
33535,3,27051.0,178.0
33536,3,1098.0,197.0
33537,3,210.0,209.0
33538,3,39.0,209.0
33539,3,692.0,125.0
33540,3,1940.0,137.0
33541,3,1022.0,193.0
33542,3,4880.0,127.0
33543,3,4461.0,123.0
33544,3,4615.0,123.0
33545,3,8680.0,154.0
33546,3,128.0,193.0
33547,3,291.0,157.0
33548,3,129.0,183.0
33549,3,310.0,183.0
33550,3,603.0,176.0
33551,3,2540.0,130.0
33552,3,161.0,147.0
33553,3,442.0,201.0
33554,3,159.0,107.0
33555,3,758.0,107.0
33556,3,7051.0,127.0
33557,3,271.0,147.0
33558,3,245.0,147.0
33559,3,53036.0,203.0
33560,3,12405.0,317.0
33561,3,92172.0,157.0
33562,3,708.0,157.0
33563,3,9866.0,193.0
33564,3,20523.0,213.0
33565,3,244.0,147.0
33566,3,349.0,137.0
33567,3,385.0,110.0
33568,3,1397.0,120.0
33569,3,46.0,186.0
33570,3,202.0,124.0
33571,3,1992.0,133.0
33572,3,65.0,196.0
33573,3,396.0,188.0
33574,3,98.0,111.0
33575,3,1497.0,100.0
33576,3,179.0,320.0
33577,3,68.0,320.0
33578,3,6136.0,207.0
33579,3,1714.0,193.0
33580,3,2804.0,137.0
33581,3,86.0,178.0
33582,3,1120.0,111.0
33583,3,88.0,137.0
33584,3,1281.0,132.0
33585,3,981.0,127.0
33586,3,696.0,186.0
33587,3,827.0,174.0
33588,3,1035.0,195.0
33589,3,1801.0,128.0
33590,3,5991.0,142.0
33591,3,16107.0,120.0
33592,3,50471.0,120.0
33593,3,2052.0,162.0
33594,3,20029.0,197.0
33595,3,25096.0,212.0
33596,3,36410.0,205.0
33597,3,416.0,203.0
33598,3,2511.0,143.0
33599,3,3822.0,133.0
33600,3,143922.0,188.0
33601,3,454.0,121.0
33602,3,1171.0,98.0
33603,3,50251.0,132.0
33604,3,2226.0,455.0
33605,3,2236.0,455.0
33606,3,557.0,87.0
33607,3,2967.0,188.0
33608,3,5212.0,180.0
33609,3,739.0,195.0
33610,3,1699.0,122.0
33611,3,859.0,126.0
33612,3,895.0,126.0
33613,3,911.0,126.0
33614,3,2035.0,139.0
33615,3,47.0,130.0
33616,3,568.0,199.0
33617,3,2368.0,179.0
33618,3,94.0,122.0
33619,3,8909.0,125.0
33620,3,509.0,180.0
33621,3,426.0,119.0
33622,3,7835.0,191.0
33623,3,470.0,115.0
33624,3,632.0,184.0
33625,3,1872.0,171.0
33626,3,2422.0,190.0
33627,3,82.0,123.0
33628,3,1410.0,141.0
33629,3,342.0,121.0
33630,3,775.0,121.0
33631,3,718.0,130.0
33632,3,57.0,130.0
33633,3,227.0,130.0
33634,3,341.0,130.0
33635,3,1660.0,196.0
33636,3,2388.0,131.0
33637,3,16.0,122.0
33638,3,10937.0,135.0
33639,3,29.0,183.0
33640,3,19.0,183.0
33641,3,605.0,115.0
33642,3,604.0,113.0
33643,3,101.0,124.0
33644,3,3917.0,116.0
33645,3,1138.0,117.0
33646,3,1857.0,188.0
33647,3,263.0,111.0
33648,3,1009.0,195.0
33649,3,6048.0,158.0
33650,3,24124.0,116.0
33651,3,1387.0,130.0
33652,3,144.0,130.0
33653,3,2869.0,228.0
33654,3,23.0,190.0
33655,3,1801.0,178.0
33656,3,348.0,165.0
33657,3,1607.0,126.0
33658,3,292.0,112.0
33659,3,224.0,195.0
33660,3,682.0,173.0
33661,3,153.0,211.0
33662,3,1586.0,180.0
33663,3,67.0,123.0
33664,3,17090.0,288.0
33665,3,76.0,204.0
33666,3,2341.0,200.0
33667,3,2525.0,200.0
33668,3,232.0,107.0
33669,3,638.0,130.0
33670,3,527.0,193.0
33671,3,212.0,209.0
33672,3,2874.0,200.0
33673,3,383.0,193.0
33674,3,2146.0,126.0
33675,3,5.0,183.0
33676,3,117.0,180.0
33677,3,77.0,123.0
33678,3,508.0,111.0
33679,3,98.0,116.0
33680,3,75.0,177.0
33681,3,12672.0,121.0
33682,3,778.0,187.0
33683,3,16835.0,96.0
33684,3,387.0,197.0
33685,3,232912.0,488.0
33686,3,5.0,162.0
33687,3,276.0,117.0
33688,3,1653.0,199.0
33689,3,3563.0,171.0
33690,3,25345.0,112.0
33691,3,46.0,131.0
33692,3,775.0,131.0
33693,3,1.0,183.0
33694,3,7696.0,406.0
33695,3,1558.0,185.0
33696,3,1021.0,185.0
33697,3,3812.0,136.0
33698,3,484.0,114.0
33699,3,811.0,194.0
33700,3,2245.0,194.0
33701,3,541.0,194.0
33702,3,1016.0,194.0
33703,3,12128.0,194.0
33704,3,509.0,194.0
33705,3,292.0,194.0
33706,3,520.0,146.0
33707,3,378.0,195.0
33708,3,1641.0,198.0
33709,3,6696.0,112.0
33710,3,375.0,112.0
33711,3,370.0,327.0
33712,3,3684.0,135.0
33713,3,48.0,204.0
33714,3,76.0,121.0
33715,3,783.0,193.0
33716,3,1055.0,185.0
33717,3,58.0,248.0
33718,3,1323.0,124.0
33719,3,61.0,126.0
33720,3,18411.0,178.0
33721,3,648.0,193.0
33722,3,4825.0,210.0
33723,3,6052.0,379.0
33724,3,2127.0,149.0
33725,3,154.0,159.0
33726,3,218.0,159.0
33727,3,71.0,121.0
33728,3,947.0,139.0
33729,3,1433.0,95.0
33730,3,20759.0,153.0
33731,3,1817.0,121.0
33732,3,935.0,181.0
33733,3,352.0,167.0
33734,3,402.0,95.0
33735,3,507.0,122.0
33736,3,14472.0,132.0
33737,3,1121.0,188.0
33738,3,190488.0,292.0
33739,3,787.0,209.0
33740,3,1715.0,209.0
33741,3,18842.0,153.0
33742,3,117.0,132.0
33743,3,760.0,121.0
33744,3,949.0,134.0
33745,3,2101.0,119.0
33746,3,466.0,119.0
33747,3,8278.0,126.0
33748,3,869.0,114.0
33749,3,243.0,136.0
33750,3,156.0,116.0
33751,3,1419.0,89.0
33752,3,673.0,245.0
33753,3,3951.0,172.0
33754,3,5756.0,121.0
33755,3,197.0,120.0
33756,3,311.0,120.0
33757,3,500.0,222.0
33758,3,5248.0,245.0
33759,3,5547.0,516.0
33760,3,1831.0,191.0
33761,3,3721.0,191.0
33762,3,1101.0,191.0
33763,3,151.0,117.0
33764,3,601.0,117.0
33765,3,671.0,117.0
33766,3,742.0,116.0
33767,3,905.0,143.0
33768,3,4.0,183.0
33769,3,201.0,516.0
33770,3,10.0,125.0
33771,3,31476.0,193.0
33772,3,1673.0,203.0
33773,3,132367.0,152.0
33774,3,154.0,121.0
33775,3,7323.0,386.0
33776,3,46.0,156.0
33777,3,2775.0,177.0
33778,3,431.0,182.0
33779,3,12481.0,122.0
33780,3,56847.0,122.0
33781,3,26133.0,122.0
33782,3,3017.0,122.0
33783,3,14168.0,122.0
33784,3,2133.0,177.0
33785,3,2189.0,177.0
33786,3,2293.0,177.0
33787,3,2056.0,177.0
33788,3,179.0,139.0
33789,3,494.0,126.0
33790,3,1610.0,139.0
33791,3,1786.0,183.0
33792,3,26.0,183.0
33793,3,3273.0,184.0
33794,3,86.0,195.0
33795,3,591.0,185.0
33796,3,557.0,203.0
33797,3,18291.0,182.0
33798,3,165.0,196.0
33799,3,939.0,205.0
33800,3,765.0,124.0
33801,3,5963.0,184.0
33802,3,459.0,203.0
33803,3,32.0,203.0
33804,3,202.0,203.0
33805,3,67.0,203.0
33806,3,70.0,203.0
33807,3,9.0,183.0
33808,3,3.0,183.0
33809,3,3222.0,177.0
33810,3,4571.0,177.0
33811,3,2533.0,177.0
33812,3,2277.0,177.0
33813,3,3782.0,177.0
33814,3,2512.0,177.0
33815,3,2827.0,177.0
33816,3,35.0,193.0
33817,3,1416.0,146.0
33818,3,455.0,146.0
33819,3,1011.0,146.0
33820,3,150.0,209.0
33821,3,1002.0,209.0
33822,3,2.0,183.0
33823,3,31.0,197.0
33824,3,477.0,245.0
33825,3,5904.0,209.0
33826,3,434.0,194.0
33827,3,2676.0,173.0
33828,3,14.0,192.0
33829,3,1514.0,163.0
33830,3,984.0,229.0
33831,3,448.0,109.0
33832,3,54.0,191.0
33833,3,30.0,191.0
33834,3,2439.0,229.0
33835,3,1699.0,229.0
33836,3,107.0,210.0
33837,3,1.0,183.0
33838,3,4.0,183.0
33839,3,4953.0,183.0
33840,3,10663.0,171.0
33841,3,1344.0,155.0
33842,3,293.0,119.0
33843,3,2868.0,201.0
33844,3,295.0,117.0
33845,3,1944.0,174.0
33846,3,1347.0,141.0
33847,3,25.0,117.0
33848,3,6383.0,316.0
33849,3,28512.0,123.0
33850,3,29061.0,123.0
33851,3,10.0,136.0
33852,3,3650.0,118.0
33853,3,307.0,191.0
33854,3,10457.0,184.0
33855,3,96.0,206.0
33856,3,709.0,172.0
33857,3,1270.0,218.0
33858,3,187.0,175.0
33859,3,1078.0,199.0
33860,3,870.0,199.0
33861,3,364.0,159.0
33862,3,3146.0,185.0
33863,3,207.0,147.0
33864,3,10715.0,145.0
33865,3,7771.0,145.0
33866,3,513.0,172.0
33867,3,608.0,182.0
33868,3,2643.0,181.0
33869,3,66.0,175.0
33870,3,4869.0,183.0
33871,3,2386.0,244.0
33872,3,11012.0,215.0
33873,3,4611.0,114.0
33874,3,3979.0,116.0
33875,3,3056.0,116.0
33876,3,359655.0,209.0
33877,3,14.0,183.0
33878,3,3.0,183.0
33879,3,20.0,107.0
33880,3,1318.0,127.0
33881,3,174.0,202.0
33882,3,260.0,126.0
33883,3,210661.0,171.0
33884,3,3206.0,114.0
33885,3,17.0,118.0
33886,3,2870.0,129.0
33887,3,474.0,187.0
33888,3,2140.0,215.0
33889,3,387876.0,209.0
33890,3,472203.0,209.0
33891,3,324366.0,209.0
33892,3,405602.0,209.0
33893,3,372731.0,209.0
33894,3,348471.0,209.0
33895,3,499903.0,209.0
33896,3,356506.0,209.0
33897,3,8.0,183.0
33898,3,384.0,126.0
33899,3,3.0,183.0
33900,3,2.0,183.0
33901,3,1.0,183.0
33902,3,4.0,183.0
33903,2,322.0,187.0
33904,2,70666.0,245.0
33905,2,3061.0,134.0
33906,2,345.0,107.0
33907,2,1251.0,125.0
33908,2,227.0,125.0
33909,2,7144.0,120.0
33910,2,374.0,120.0
33911,2,295.0,118.0
33912,2,6170.0,112.0
33913,2,22.0,216.0
33914,2,632.0,131.0
33915,2,825.0,131.0
33916,2,11748.0,147.0
33917,2,829.0,189.0
33918,2,891.0,119.0
33919,2,844.0,119.0
33920,2,973.0,198.0
33921,2,658.0,125.0
33922,2,81591.0,245.0
33923,2,13140.0,147.0
33924,2,781.0,147.0
33925,2,609.0,147.0
33926,2,2101.0,147.0
33927,2,16360.0,205.0
33928,2,3563.0,205.0
33929,2,377.0,185.0
33930,2,518.0,185.0
33931,2,29768.0,147.0
33932,2,2742.0,147.0
33933,2,180.0,175.0
33934,2,15647.0,263.0
33935,2,77.0,128.0
33936,2,3787.0,122.0
33937,2,196.0,175.0
33938,2,95.0,178.0
33939,2,5997.0,120.0
33940,2,242.0,178.0
33941,2,8926.0,178.0
33942,2,20.0,174.0
33943,2,2847.0,196.0
33944,2,7384.0,198.0
33945,2,10513.0,182.0
33946,2,10804.0,205.0
33947,2,2001.0,195.0
33948,2,222.0,123.0
33949,2,209.0,196.0
33950,2,39.0,126.0
33951,2,140.0,203.0
33952,2,2594.0,190.0
33953,2,31005.0,126.0
33954,2,137216.0,175.0
33955,2,122.0,175.0
33956,2,1387.0,203.0
33957,2,351.0,121.0
33958,2,5354.0,203.0
33959,2,259.0,88.0
33960,2,3321.0,112.0
33961,2,1115.0,118.0
33962,2,62.0,203.0
33963,2,254.0,187.0
33964,2,1973.0,173.0
33965,2,1794.0,83.0
33966,2,3249.0,218.0
33967,2,273049.0,189.0
33968,2,22755.0,132.0
33969,2,236.0,202.0
33970,2,366.0,164.0
33971,2,10355.0,164.0
33972,2,845.0,151.0
33973,2,291.0,162.0
33974,2,170.0,193.0
33975,2,7449.0,122.0
33976,2,6028.0,185.0
33977,2,6062.0,185.0
33978,2,621.0,145.0
33979,2,3821.0,91.0
33980,2,88.0,159.0
33981,2,295.0,201.0
33982,2,121139.0,197.0
33983,2,19.0,222.0
33984,2,23.0,222.0
33985,2,396.0,191.0
33986,2,210.0,129.0
33987,2,273.0,114.0
33988,2,76.0,114.0
33989,2,3731.0,333.0
33990,2,795.0,140.0
33991,2,1330.0,121.0
33992,2,979.0,159.0
33993,2,2783.0,222.0
33994,2,22918.0,134.0
33995,2,398.0,114.0
33996,2,95.0,195.0
33997,2,26.0,209.0
33998,2,20292.0,120.0
33999,2,901.0,145.0
34000,2,1730.0,200.0
34001,2,2309.0,154.0
34002,2,93.0,130.0
34003,2,210.0,154.0
34004,2,273.0,186.0
34005,2,2773.0,130.0
34006,2,379.0,129.0
34007,2,67.0,115.0
34008,2,121.0,115.0
34009,2,1534.0,172.0
34010,2,5343.0,183.0
34011,2,767.0,172.0
34012,2,32.0,115.0
34013,2,432.0,115.0
34014,2,1909.0,126.0
34015,2,1033.0,174.0
34016,2,110.0,203.0
34017,2,28.0,197.0
34018,2,47.0,118.0
34019,2,3882.0,203.0
34020,2,97.0,203.0
34021,2,6102.0,101.0
34022,2,2325.0,253.0
34023,2,176.0,199.0
34024,2,823.0,199.0
34025,2,103994.0,186.0
34026,2,28.0,331.0
34027,2,57.0,331.0
34028,2,25.0,331.0
34029,2,365.0,111.0
34030,2,936.0,152.0
34031,2,535.0,203.0
34032,2,4627.0,366.0
34033,2,2946.0,137.0
34034,2,552.0,331.0
34035,2,307.0,331.0
34036,2,678.0,111.0
34037,2,76585.0,218.0
34038,2,8811.0,111.0
34039,2,16353.0,111.0
34040,2,681.0,180.0
34041,2,414.0,200.0
34042,2,5006.0,154.0
34043,2,15.0,154.0
34044,2,336.0,229.0
34045,2,40.0,176.0
34046,2,2997.0,202.0
34047,2,363098.0,129.0
34048,2,46.0,124.0
34049,2,0.0,124.0
34050,2,118.0,202.0
34051,2,2917.0,202.0
34052,2,133.0,202.0
34053,2,54.0,120.0
34054,2,48.0,120.0
34055,2,3697.0,338.0
34056,2,16443.0,338.0
34057,2,46498.0,338.0
34058,2,7260.0,338.0
34059,2,937.0,138.0
34060,2,65404.0,338.0
34061,2,1482.0,110.0
34062,2,13144.0,110.0
34063,2,2841.0,338.0
34064,2,9721.0,338.0
34065,2,63183.0,338.0
34066,2,62.0,153.0
34067,2,31638.0,338.0
34068,2,42.0,122.0
34069,2,8851.0,338.0
34070,2,823.0,115.0
34071,2,13067.0,120.0
34072,2,539.0,82.0
34073,2,713.0,191.0
34074,2,31.0,124.0
34075,2,7493.0,338.0
34076,2,15530.0,338.0
34077,2,4786.0,338.0
34078,2,69073.0,338.0
34079,2,1921.0,153.0
34080,2,3676.0,153.0
34081,2,441.0,153.0
34082,2,16760.0,338.0
34083,2,12713.0,338.0
34084,2,7103.0,163.0
34085,2,33.0,187.0
34086,2,9565.0,163.0
34087,2,1868.0,229.0
34088,2,382.0,180.0
34089,2,1102.0,184.0
34090,2,46.0,110.0
34091,2,46.0,110.0
34092,2,1248.0,119.0
34093,2,91.0,201.0
34094,2,8817.0,179.0
34095,2,2172.0,181.0
34096,2,50.0,181.0
34097,2,5719.0,181.0
34098,2,346.0,220.0
34099,2,453.0,189.0
34100,2,1619.0,192.0
34101,2,1184.0,189.0
34102,2,181.0,119.0
34103,2,1297.0,217.0
34104,2,26069.0,217.0
34105,2,42408.0,147.0
34106,2,31.0,157.0
34107,2,564.0,136.0
34108,2,8658.0,190.0
34109,2,2323.0,126.0
34110,2,124.0,116.0
34111,2,45890.0,204.0
34112,2,1039.0,141.0
34113,2,190.0,201.0
34114,2,195.0,120.0
34115,2,1154.0,115.0
34116,2,30.0,119.0
34117,2,1455.0,229.0
34118,2,20217.0,188.0
34119,2,153.0,215.0
34120,2,21.0,176.0
34121,2,3292.0,201.0
34122,2,2243.0,137.0
34123,2,140.0,137.0
34124,2,476.0,165.0
34125,2,1163.0,116.0
34126,2,32.0,116.0
34127,2,1085.0,116.0
34128,2,3343.0,177.0
34129,2,26404.0,129.0
34130,2,382.0,165.0
34131,2,226.0,165.0
34132,2,8667.0,154.0
34133,2,5.0,240.0
34134,2,1044.0,189.0
34135,2,6425.0,153.0
34136,2,14018.0,227.0
34137,2,73.0,153.0
34138,2,312.0,516.0
34139,2,11846.0,227.0
34140,2,4486.0,91.0
34141,2,20580.0,110.0
34142,2,125.0,194.0
34143,2,9512.0,176.0
34144,2,12.0,180.0
34145,2,3208.0,196.0
34146,2,700.0,190.0
34147,2,1272.0,179.0
34148,2,12800.0,227.0
34149,2,490.0,177.0
34150,2,1375.0,177.0
34151,2,15.0,225.0
34152,2,124089.0,121.0
34153,2,49.0,135.0
34154,2,2614.0,180.0
34155,2,335017.0,422.0
34156,2,329.0,121.0
34157,2,3494.0,249.0
34158,2,22376.0,124.0
34159,2,6414.0,128.0
34160,2,143649.0,124.0
34161,2,11.0,200.0
34162,2,51.0,215.0
34163,2,1514.0,215.0
34164,2,11821.0,227.0
34165,2,18211.0,227.0
34166,2,11746.0,227.0
34167,2,2188.0,139.0
34168,2,13475.0,227.0
34169,2,10109.0,227.0
34170,2,8725.0,227.0
34171,2,2884.0,139.0
34172,2,1649.0,225.0
34173,2,16712.0,91.0
34174,2,15345.0,80.0
34175,2,1369.0,127.0
34176,2,3441.0,240.0
34177,2,1872.0,96.0
34178,2,661.0,202.0
34179,2,585.0,225.0
34180,2,3654.0,189.0
34181,2,290.0,132.0
34182,2,10806.0,119.0
34183,2,768.0,130.0
34184,2,897.0,142.0
34185,2,346.0,201.0
34186,2,17.0,201.0
34187,2,204.0,118.0
34188,2,27145.0,117.0
34189,2,3019.0,176.0
34190,2,8289.0,141.0
34191,2,216.0,180.0
34192,2,321.0,132.0
34193,2,468.0,95.0
34194,2,1828.0,95.0
34195,2,63319.0,162.0
34196,2,1137.0,124.0
34197,2,117.0,165.0
34198,2,1310.0,516.0
34199,2,960.0,165.0
34200,2,3241.0,203.0
34201,2,5198.0,179.0
34202,2,95.0,165.0
34203,2,84.0,210.0
34204,2,46725.0,125.0
34205,2,739.0,210.0
34206,2,87.0,210.0
34207,2,2736.0,143.0
34208,2,1311.0,124.0
34209,2,549.0,117.0
34210,2,267.0,126.0
34211,2,12237.0,139.0
34212,2,1877.0,203.0
34213,2,277.0,183.0
34214,2,204.0,183.0
34215,2,298.0,183.0
34216,2,841.0,183.0
34217,2,559.0,118.0
34218,2,116.0,119.0
34219,2,655.0,118.0
34220,2,1080.0,118.0
34221,2,3124.0,225.0
34222,2,5846.0,225.0
34223,2,1049.0,107.0
34224,2,385.0,180.0
34225,2,38.0,131.0
34226,2,619.0,131.0
34227,2,217.0,138.0
34228,2,828.0,170.0
34229,2,4835.0,218.0
34230,2,72.0,203.0
34231,2,156576.0,134.0
34232,2,324.0,115.0
34233,2,858.0,120.0
34234,2,1056.0,121.0
34235,2,1489.0,112.0
34236,2,9015.0,194.0
34237,2,75.0,203.0
34238,2,3456.0,203.0
34239,2,395.0,220.0
34240,2,2327.0,125.0
34241,2,68.0,220.0
34242,2,301349.0,115.0
34243,2,1001.0,116.0
34244,2,163.0,116.0
34245,2,7310.0,116.0
34246,2,138.0,245.0
34247,2,535.0,181.0
34248,2,78283.0,145.0
34249,2,10146.0,225.0
34250,2,501.0,118.0
34251,2,101.0,117.0
34252,2,2882.0,116.0
34253,2,103120.0,278.0
34254,2,103.0,178.0
34255,2,656.0,115.0
34256,2,5292.0,332.0
34257,2,454.0,181.0
34258,2,186.0,245.0
34259,2,16740.0,204.0
34260,2,3455.0,183.0
34261,2,586.0,124.0
34262,2,328.0,124.0
34263,2,104.0,160.0
34264,2,64.0,160.0
34265,2,4319.0,124.0
34266,2,3987.0,124.0
34267,2,809.0,124.0
34268,2,1689.0,124.0
34269,2,766.0,124.0
34270,2,1173.0,121.0
34271,2,360.0,124.0
34272,2,339.0,124.0
34273,2,364.0,179.0
34274,2,4349.0,120.0
34275,2,1092.0,114.0
34276,2,368.0,117.0
34277,2,725.0,117.0
34278,2,1163.0,120.0
34279,2,10867.0,127.0
34280,2,227.0,129.0
34281,2,14262.0,123.0
34282,2,87.0,188.0
34283,2,733.0,188.0
34284,2,1201.0,188.0
34285,2,1380.0,188.0
34286,2,505.0,188.0
34287,2,833.0,188.0
34288,2,6735.0,394.0
34289,2,1397.0,230.0
34290,2,7.0,146.0
34291,2,155.0,225.0
34292,2,236.0,401.0
34293,2,1001.0,121.0
34294,2,80951.0,197.0
34295,2,573.0,188.0
34296,2,469.0,187.0
34297,2,2292.0,203.0
34298,2,71.0,120.0
34299,2,101.0,120.0
34300,2,219.0,122.0
34301,2,46494.0,239.0
34302,2,15953.0,187.0
34303,2,2220.0,187.0
34304,2,3208.0,187.0
34305,2,3396.0,187.0
34306,2,1601.0,187.0
34307,2,5235.0,187.0
34308,2,1185.0,187.0
34309,2,44.0,203.0
34310,2,279.0,189.0
34311,2,136.0,162.0
34312,2,107929.0,185.0
34313,2,227.0,129.0
34314,2,236.0,119.0
34315,2,4763.0,136.0
34316,2,1687.0,203.0
34317,2,85.0,197.0
34318,2,23.0,122.0
34319,2,31.0,139.0
34320,2,352.0,139.0
34321,2,202.0,139.0
34322,2,1679.0,207.0
34323,2,126.0,207.0
34324,2,383.0,184.0
34325,2,504.0,184.0
34326,2,3007.0,102.0
34327,2,114303.0,135.0
34328,2,4288.0,122.0
34329,2,433.0,139.0
34330,2,289.0,180.0
34331,2,61.0,139.0
34332,2,236.0,139.0
34333,2,8.0,177.0
34334,2,837.0,391.0
34335,2,39685.0,212.0
34336,2,14981.0,137.0
34337,2,0.0,97.0
34338,2,0.0,97.0
34339,2,15052.0,111.0
34340,2,1435.0,187.0
34341,2,77.0,150.0
34342,2,362.0,230.0
34343,2,599.0,230.0
34344,2,2002.0,122.0
34345,2,2721.0,113.0
34346,2,640.0,122.0
34347,2,1889.0,132.0
34348,2,773.0,132.0
34349,2,6599.0,127.0
34350,2,498.0,178.0
34351,2,17748.0,134.0
34352,2,2761.0,121.0
34353,2,4692.0,195.0
34354,2,2703.0,121.0
34355,2,961.0,134.0
34356,2,42098.0,111.0
34357,2,122457.0,179.0
34358,2,132.0,207.0
34359,2,28.0,230.0
34360,2,264.0,121.0
34361,2,148.0,121.0
34362,2,27.0,198.0
34363,2,70.0,128.0
34364,2,69.0,121.0
34365,2,427.0,200.0
34366,2,262.0,230.0
34367,2,31.0,125.0
34368,2,24.0,230.0
34369,2,126487.0,113.0
34370,2,1055.0,111.0
34371,2,70.0,124.0
34372,2,81.0,158.0
34373,2,4222.0,161.0
34374,2,55207.0,130.0
34375,2,570.0,120.0
34376,2,3519.0,112.0
34377,2,90.0,201.0
34378,2,3335.0,201.0
34379,2,88.0,201.0
34380,2,1127.0,124.0
34381,2,23077.0,121.0
34382,2,7.0,123.0
34383,2,598867.0,374.0
34384,2,51974.0,173.0
34385,2,336335.0,115.0
34386,2,25.0,124.0
34387,2,435.0,129.0
34388,2,559.0,125.0
34389,2,12041.0,197.0
34390,2,519.0,125.0
34391,2,648.0,125.0
34392,2,15500.0,187.0
34393,2,6278.0,187.0
34394,2,207.0,178.0
34395,2,37.0,188.0
34396,2,6092.0,184.0
34397,2,18.0,158.0
34398,2,4371.0,139.0
34399,2,1851.0,121.0
34400,2,3668.0,132.0
34401,2,1219.0,110.0
34402,2,2383.0,190.0
34403,2,556.0,126.0
34404,2,7948.0,534.0
34405,2,320.0,534.0
34406,2,65913.0,145.0
34407,2,15.0,121.0
34408,2,100.0,121.0
34409,2,130315.0,126.0
34410,2,1082.0,120.0
34411,2,5421.0,184.0
34412,2,819.0,184.0
34413,2,556.0,184.0
34414,2,1060.0,184.0
34415,2,176.0,221.0
34416,2,72876.0,250.0
34417,2,5250.0,101.0
34418,2,19.0,207.0
34419,2,12367.0,119.0
34420,2,400.0,248.0
34421,2,1016.0,128.0
34422,2,2415.0,100.0
34423,2,36003.0,121.0
34424,2,1453.0,112.0
34425,2,187050.0,122.0
34426,2,208.0,229.0
34427,2,107096.0,120.0
34428,2,114769.0,116.0
34429,2,13361.0,201.0
34430,2,149189.0,121.0
34431,2,49.0,158.0
34432,2,165.0,211.0
34433,2,53.0,158.0
34434,2,68.0,158.0
34435,2,65.0,191.0
34436,2,1013.0,158.0
34437,2,54301.0,212.0
34438,2,1469.0,158.0
34439,2,14943.0,164.0
34440,2,1463.0,158.0
34441,2,3211.0,158.0
34442,2,84.0,158.0
34443,2,2639.0,212.0
34444,2,618.0,125.0
34445,2,219.0,125.0
34446,2,8014.0,181.0
34447,2,2186.0,190.0
34448,2,1898.0,181.0
34449,2,94.0,196.0
34450,2,352.0,196.0
34451,2,195.0,118.0
34452,2,20468.0,118.0
34453,2,345.0,112.0
34454,2,616.0,118.0
34455,2,94781.0,129.0
34456,2,319402.0,129.0
34457,2,107143.0,126.0
34458,2,95152.0,126.0
34459,2,45045.0,126.0
34460,2,9517.0,118.0
34461,2,42.0,154.0
34462,2,150126.0,123.0
34463,2,2936.0,210.0
34464,2,62.0,118.0
34465,2,60795.0,118.0
34466,2,5271.0,131.0
34467,2,10188.0,118.0
34468,2,526.0,198.0
34469,2,2067.0,162.0
34470,2,2024.0,162.0
34471,2,288.0,126.0
34472,2,3870.0,133.0
34473,2,3186.0,129.0
34474,2,10000.0,124.0
34475,2,189218.0,121.0
34476,2,178.0,162.0
34477,2,187.0,162.0
34478,2,126.0,179.0
34479,2,81658.0,156.0
34480,2,66811.0,126.0
34481,2,119458.0,119.0
34482,2,26.0,189.0
34483,2,591.0,189.0
34484,2,1989.0,189.0
34485,2,102.0,123.0
34486,2,69.0,158.0
34487,2,85.0,158.0
34488,2,11987.0,120.0
34489,2,35.0,158.0
34490,2,39096.0,242.0
34491,2,133.0,158.0
34492,2,355.0,189.0
34493,2,463.0,189.0
34494,2,3678.0,110.0
34495,2,3174.0,190.0
34496,2,838.0,189.0
34497,2,165.0,189.0
34498,2,2918.0,189.0
34499,2,804.0,189.0
34500,2,630.0,189.0
34501,2,139678.0,123.0
34502,2,1196.0,114.0
34503,2,42.0,187.0
34504,2,85.0,174.0
34505,2,155.0,186.0
34506,2,2862.0,110.0
34507,2,1423.0,110.0
34508,2,28.0,179.0
34509,2,23.0,120.0
34510,2,304.0,180.0
34511,2,121144.0,126.0
34512,2,333.0,196.0
34513,2,105.0,196.0
34514,2,27447.0,196.0
34515,2,1746.0,158.0
34516,2,106.0,158.0
34517,2,705.0,135.0
34518,2,108.0,116.0
34519,2,88.0,116.0
34520,2,314.0,110.0
34521,2,257.0,110.0
34522,2,16684.0,189.0
34523,2,2028.0,158.0
34524,2,17090.0,158.0
34525,2,153787.0,196.0
34526,2,7654.0,196.0
34527,2,479.0,135.0
34528,2,580.0,121.0
34529,2,515.0,121.0
34530,2,1056.0,158.0
34531,2,243.0,162.0
34532,2,16397.0,115.0
34533,2,2429.0,98.0
34534,2,463.0,137.0
34535,2,2358.0,137.0
34536,2,3693.0,98.0
34537,2,2876.0,134.0
34538,2,10462.0,198.0
34539,2,140.0,162.0
34540,2,515.0,112.0
34541,2,50551.0,117.0
34542,2,50186.0,120.0
34543,2,134.0,158.0
34544,2,1389.0,158.0
34545,2,361.0,158.0
34546,2,1182.0,125.0
34547,2,3674.0,159.0
34548,2,4636.0,159.0
34549,2,140789.0,141.0
34550,2,1012.0,212.0
34551,2,327.0,138.0
34552,2,390.0,149.0
34553,2,617.0,139.0
34554,2,53.0,212.0
34555,2,388.0,192.0
34556,2,422.0,192.0
34557,2,740.0,192.0
34558,2,2323.0,158.0
34559,2,407.0,139.0
34560,2,3144.0,134.0
34561,2,32531.0,134.0
34562,2,411.0,141.0
34563,2,8112.0,130.0
34564,2,32118.0,111.0
34565,2,298.0,137.0
34566,2,978.0,212.0
34567,2,33390.0,147.0
34568,2,5187.0,197.0
34569,2,58.0,185.0
34570,2,3365.0,203.0
34571,2,399.0,204.0
34572,2,1496.0,147.0
34573,2,359.0,147.0
34574,2,312.0,148.0
34575,2,359.0,119.0
34576,2,156.0,112.0
34577,2,1043.0,111.0
34578,2,15.0,158.0
34579,2,3110.0,158.0
34580,2,2199.0,159.0
34581,2,58.0,200.0
34582,2,331.0,192.0
34583,2,9714.0,111.0
34584,2,61.0,125.0
34585,2,37.0,107.0
34586,2,473.0,161.0
34587,2,202.0,196.0
34588,2,8281.0,126.0
34589,2,614.0,183.0
34590,2,109.0,124.0
34591,2,499.0,126.0
34592,2,118.0,158.0
34593,2,354.0,217.0
34594,2,406.0,116.0
34595,2,592.0,112.0
34596,2,331.0,114.0
34597,2,728.0,114.0
34598,2,597.0,111.0
34599,2,467.0,114.0
34600,2,42573.0,217.0
34601,2,241.0,132.0
34602,2,1493.0,123.0
34603,2,1610.0,158.0
34604,2,589.0,132.0
34605,2,89.0,170.0
34606,2,110874.0,109.0
34607,2,90770.0,109.0
34608,2,11597.0,109.0
34609,2,3395.0,109.0
34610,2,265.0,128.0
34611,2,299.0,128.0
34612,2,42660.0,128.0
34613,2,431.0,125.0
34614,2,369.0,114.0
34615,2,1763.0,187.0
34616,2,2676.0,158.0
34617,2,46.0,123.0
34618,2,1882.0,123.0
34619,2,36050.0,134.0
34620,2,24.0,131.0
34621,2,7.0,131.0
34622,2,337.0,119.0
34623,2,1225.0,119.0
34624,2,5064.0,119.0
34625,2,614.0,220.0
34626,2,2287.0,119.0
34627,2,327.0,132.0
34628,2,587.0,162.0
34629,2,958.0,162.0
34630,2,341.0,162.0
34631,2,1484.0,147.0
34632,2,745.0,183.0
34633,2,1710.0,214.0
34634,2,2597.0,214.0
34635,2,335.0,125.0
34636,2,434.0,158.0
34637,2,3063.0,204.0
34638,2,294.0,162.0
34639,2,243.0,124.0
34640,2,821.0,142.0
34641,2,960.0,142.0
34642,2,373.0,125.0
34643,2,418.0,136.0
34644,2,281.0,136.0
34645,2,482.0,202.0
34646,2,500.0,127.0
34647,2,337.0,132.0
34648,2,393.0,131.0
34649,2,216.0,130.0
34650,2,40.0,136.0
34651,2,15.0,136.0
34652,2,63.0,212.0
34653,2,4029.0,212.0
34654,2,8192.0,168.0
34655,2,43.0,187.0
34656,2,73.0,187.0
34657,2,223.0,193.0
34658,2,2126.0,158.0
34659,2,2637.0,158.0
34660,2,2582.0,158.0
34661,2,19113.0,158.0
34662,2,101.0,202.0
34663,2,50.0,201.0
34664,2,29255.0,221.0
34665,2,3978.0,181.0
34666,2,77.0,193.0
34667,2,645.0,252.0
34668,2,580.0,252.0
34669,2,757.0,252.0
34670,2,17497.0,158.0
34671,2,3283.0,192.0
34672,2,101.0,125.0
34673,2,89.0,181.0
34674,2,9023.0,219.0
34675,2,72.0,114.0
34676,2,199.0,223.0
34677,2,3786.0,104.0
34678,2,14479.0,140.0
34679,2,24907.0,104.0
34680,2,0.0,174.0
34681,2,5006.0,186.0
34682,2,1187.0,133.0
34683,2,8142.0,350.0
34684,2,1428.0,104.0
34685,2,123022.0,104.0
34686,2,193.0,190.0
34687,2,1595.0,234.0
34688,2,20.0,240.0
34689,2,331.0,193.0
34690,2,62.0,213.0
34691,2,1927.0,223.0
34692,2,805.0,223.0
34693,2,319.0,99.0
34694,2,773.0,139.0
34695,2,109.0,223.0
34696,2,45.0,223.0
34697,2,7982.0,147.0
34698,2,16.0,121.0
34699,2,31443.0,184.0
34700,2,1455.0,179.0
34701,2,22543.0,179.0
34702,2,1111.0,121.0
34703,2,212.0,129.0
34704,2,4991.0,142.0
34705,2,4579.0,260.0
34706,2,232.0,178.0
34707,2,46.0,213.0
34708,2,909.0,180.0
34709,2,4651.0,203.0
34710,2,163.0,140.0
34711,2,137.0,223.0
34712,2,70.0,178.0
34713,2,62.0,178.0
34714,2,272927.0,157.0
34715,2,31.0,112.0
34716,2,1857.0,129.0
34717,2,24220.0,123.0
34718,2,169.0,196.0
34719,2,97.0,196.0
34720,2,62.0,205.0
34721,2,39.0,139.0
34722,2,1495.0,112.0
34723,2,130902.0,134.0
34724,2,204800.0,134.0
34725,2,218179.0,145.0
34726,2,99401.0,165.0
34727,2,29.0,139.0
34728,2,25.0,139.0
34729,2,497.0,139.0
34730,2,624.0,125.0
34731,2,773.0,125.0
34732,2,1269.0,176.0
34733,2,8856.0,248.0
34734,2,960.0,180.0
34735,2,3943.0,227.0
34736,2,413.0,227.0
34737,2,13977.0,175.0
34738,2,3923.0,212.0
34739,2,203287.0,258.0
34740,2,12216.0,188.0
34741,2,62.0,178.0
34742,2,47882.0,119.0
34743,2,4183.0,188.0
34744,2,5417.0,188.0
34745,2,33147.0,99.0
34746,2,60252.0,132.0
34747,2,2504.0,188.0
34748,2,9120.0,204.0
34749,2,500.0,208.0
34750,2,1557.0,188.0
34751,2,1118.0,175.0
34752,2,8834.0,215.0
34753,2,7815.0,215.0
34754,2,1619.0,149.0
34755,2,338.0,149.0
34756,2,39.0,117.0
34757,2,102.0,117.0
34758,2,539.0,183.0
34759,2,1224.0,202.0
34760,2,543.0,201.0
34761,2,118.0,124.0
34762,2,36.0,124.0
34763,2,1401.0,118.0
34764,2,130.0,213.0
34765,2,349.0,169.0
34766,2,8913.0,142.0
34767,2,449.0,139.0
34768,2,960.0,114.0
34769,2,10280.0,204.0
34770,2,95.0,204.0
34771,2,1172.0,213.0
34772,2,8416.0,126.0
34773,2,37.0,256.0
34774,2,3551.0,139.0
34775,2,1101.0,114.0
34776,2,104.0,204.0
34777,2,516.0,200.0
34778,2,94.0,200.0
34779,2,55460.0,336.0
34780,2,2388.0,159.0
34781,2,2471.0,132.0
34782,2,1258.0,132.0
34783,2,329.0,132.0
34784,2,507.0,132.0
34785,2,185.0,124.0
34786,2,5250.0,306.0
34787,2,3209.0,204.0
34788,2,913.0,163.0
34789,2,1272.0,327.0
34790,2,22.0,131.0
34791,2,570.0,156.0
34792,2,13776.0,120.0
34793,2,690.0,156.0
34794,2,28.0,156.0
34795,2,52.0,156.0
34796,2,19.0,156.0
34797,2,214.0,111.0
34798,2,209230.0,219.0
34799,2,103538.0,219.0
34800,2,29478.0,249.0
34801,2,112.0,202.0
34802,2,3782.0,132.0
34803,2,222948.0,213.0
34804,2,1809.0,182.0
34805,2,1192.0,182.0
34806,2,19313.0,197.0
34807,2,2287.0,185.0
34808,2,1835.0,173.0
34809,2,444.0,192.0
34810,2,5414.0,197.0
34811,2,4885.0,101.0
34812,2,25133.0,101.0
34813,2,16354.0,101.0
34814,2,3613.0,101.0
34815,2,6289.0,196.0
34816,2,6.0,188.0
34817,2,560.0,197.0
34818,2,6248.0,188.0
34819,2,300.0,197.0
34820,2,1202.0,197.0
34821,2,9785.0,249.0
34822,2,123.0,114.0
34823,2,375.0,213.0
34824,2,638.0,184.0
34825,2,156998.0,213.0
34826,2,136.0,197.0
34827,2,1351.0,142.0
34828,2,9201.0,189.0
34829,2,169.0,164.0
34830,2,90.0,184.0
34831,2,78.0,122.0
34832,2,25604.0,122.0
34833,2,311.0,213.0
34834,2,348.0,213.0
34835,2,2428.0,125.0
34836,2,52446.0,201.0
34837,2,52449.0,201.0
34838,2,265.0,131.0
34839,2,2389.0,133.0
34840,2,2715.0,133.0
34841,2,52498.0,201.0
34842,2,16283.0,227.0
34843,2,5483.0,173.0
34844,2,1494.0,197.0
34845,2,37935.0,132.0
34846,2,69.0,159.0
34847,2,203.0,187.0
34848,2,103.0,130.0
34849,2,683.0,436.0
34850,2,3542.0,131.0
34851,2,13.0,152.0
34852,2,127.0,104.0
34853,2,2800.0,202.0
34854,2,30403.0,107.0
34855,2,150.0,122.0
34856,2,267.0,200.0
34857,2,52493.0,201.0
34858,2,52453.0,201.0
34859,2,912.0,131.0
34860,2,797.0,131.0
34861,2,10059.0,110.0
34862,2,60352.0,283.0
34863,2,917.0,178.0
34864,2,1155.0,109.0
34865,2,375.0,112.0
34866,2,52729.0,139.0
34867,2,34.0,203.0
34868,2,112871.0,867.0
34869,2,1218.0,134.0
34870,2,426.0,200.0
34871,2,163.0,200.0
34872,2,8371.0,200.0
34873,2,1479.0,170.0
34874,2,9325.0,107.0
34875,2,697.0,136.0
34876,2,2492.0,136.0
34877,2,26987.0,136.0
34878,2,3628.0,107.0
34879,2,77.0,107.0
34880,2,621.0,117.0
34881,2,539.0,186.0
34882,2,124.0,123.0
34883,2,77.0,123.0
34884,2,296.0,141.0
34885,2,6000.0,136.0
34886,2,2137.0,107.0
34887,2,164.0,119.0
34888,2,11530.0,142.0
34889,2,351.0,141.0
34890,2,4054.0,141.0
34891,2,2650.0,123.0
34892,2,1249.0,197.0
34893,2,329.0,195.0
34894,2,15593.0,231.0
34895,2,5739.0,156.0
34896,2,80733.0,180.0
34897,2,87.0,295.0
34898,2,72.0,295.0
34899,2,407.0,120.0
34900,2,607.0,127.0
34901,2,2645.0,194.0
34902,2,5415.0,126.0
34903,2,1413.0,184.0
34904,2,2048.0,134.0
34905,2,77.0,134.0
34906,2,74.0,167.0
34907,2,52.0,185.0
34908,2,148.0,134.0
34909,2,14997.0,136.0
34910,2,7533.0,136.0
34911,2,721.0,136.0
34912,2,54.0,186.0
34913,2,528.0,186.0
34914,2,292.0,208.0
34915,2,4368.0,153.0
34916,2,1448.0,197.0
34917,2,107.0,200.0
34918,2,3293.0,200.0
34919,2,10.0,170.0
34920,2,238.0,200.0
34921,2,165.0,170.0
34922,2,390.0,127.0
34923,2,1166.0,119.0
34924,2,2650.0,210.0
34925,2,137.0,195.0
34926,2,338.0,195.0
34927,2,26508.0,133.0
34928,2,343.0,126.0
34929,2,112.0,187.0
34930,2,23.0,181.0
34931,2,2024.0,116.0
34932,2,679.0,119.0
34933,2,173.0,119.0
34934,2,129.0,175.0
34935,2,46.0,325.0
34936,2,62.0,116.0
34937,2,5177.0,178.0
34938,2,3118.0,134.0
34939,2,145.0,223.0
34940,2,11750.0,112.0
34941,2,1686.0,104.0
34942,2,856.0,122.0
34943,2,18918.0,145.0
34944,2,18901.0,145.0
34945,2,6353.0,185.0
34946,2,555.0,113.0
34947,2,3211.0,181.0
34948,2,15187.0,148.0
34949,2,15181.0,148.0
34950,2,2613.0,191.0
34951,2,20725.0,141.0
34952,2,96.0,200.0
34953,2,9108.0,158.0
34954,2,687.0,167.0
34955,2,66.0,175.0
34956,2,201.0,200.0
34957,2,3479.0,200.0
34958,2,203.0,307.0
34959,2,21813.0,182.0
34960,2,137284.0,135.0
34961,2,34767.0,195.0
34962,2,828.0,99.0
34963,2,1799.0,124.0
34964,2,6385.0,157.0
34965,2,29.0,175.0
34966,2,460.0,116.0
34967,2,831.0,177.0
34968,2,147046.0,140.0
34969,2,16309.0,141.0
34970,2,1852.0,145.0
34971,2,178.0,117.0
34972,2,54.0,182.0
34973,2,46.0,123.0
34974,2,54.0,119.0
34975,2,204.0,122.0
34976,2,300.0,237.0
34977,2,1578.0,127.0
34978,2,6324.0,173.0
34979,2,1601.0,138.0
34980,2,843.0,138.0
34981,2,6382.0,140.0
34982,2,208.0,201.0
34983,2,396.0,188.0
34984,2,516.0,121.0
34985,2,104.0,192.0
34986,2,85.0,122.0
34987,2,5576.0,135.0
34988,2,2807.0,132.0
34989,2,339.0,173.0
34990,2,410.0,173.0
34991,2,278.0,123.0
34992,2,122466.0,340.0
34993,2,453.0,340.0
34994,2,538.0,126.0
34995,2,1340.0,151.0
34996,2,1937.0,142.0
34997,2,1941.0,111.0
34998,2,9189.0,134.0
34999,2,624.0,120.0
35000,2,21.0,149.0
35001,2,180.0,120.0
35002,2,242.0,120.0
35003,2,31.0,120.0
35004,2,1657.0,201.0
35005,2,200.0,190.0
35006,2,14198.0,159.0
35007,2,203.0,188.0
35008,2,118.0,130.0
35009,2,2716.0,203.0
35010,2,359.0,203.0
35011,2,2246.0,203.0
35012,2,2423.0,203.0
35013,2,2243.0,203.0
35014,2,179.0,151.0
35015,2,132.0,162.0
35016,2,313.0,181.0
35017,2,23.0,120.0
35018,2,108.0,124.0
35019,2,2916.0,199.0
35020,2,4865.0,177.0
35021,2,2584.0,199.0
35022,2,46.0,120.0
35023,2,257.0,151.0
35024,2,1166.0,151.0
35025,2,2966.0,182.0
35026,2,1047.0,122.0
35027,2,2190.0,127.0
35028,2,210.0,223.0
35029,2,95131.0,178.0
35030,2,4031.0,193.0
35031,2,13373.0,193.0
35032,2,433.0,226.0
35033,2,308.0,124.0
35034,2,12249.0,237.0
35035,2,615.0,92.0
35036,2,95.0,175.0
35037,2,586.0,174.0
35038,2,1922.0,119.0
35039,2,782.0,194.0
35040,2,155.0,143.0
35041,2,0.0,179.0
35042,2,87.0,179.0
35043,2,293202.0,277.0
35044,2,687.0,123.0
35045,2,1454.0,209.0
35046,2,1475.0,104.0
35047,2,163.0,125.0
35048,2,15.0,117.0
35049,2,62.0,137.0
35050,2,1430.0,143.0
35051,2,535.0,209.0
35052,2,1784.0,209.0
35053,2,4221.0,123.0
35054,2,190.0,127.0
35055,2,313.0,204.0
35056,2,10.0,183.0
35057,2,1.0,183.0
35058,2,269.0,114.0
35059,2,214.0,111.0
35060,2,445.0,126.0
35061,2,975.0,209.0
35062,2,368.0,209.0
35063,2,630.0,209.0
35064,2,2147.0,209.0
35065,2,1406.0,116.0
35066,2,166306.0,203.0
35067,2,485184.0,136.0
35068,2,2.0,183.0
35069,2,1.0,183.0
35070,2,1011.0,96.0
35071,2,10805.0,134.0
35072,2,672.0,181.0
35073,2,4.0,183.0
35074,2,174527.0,189.0
35075,2,38.0,157.0
35076,2,3837.0,101.0
35077,2,2243.0,122.0
35078,2,660.0,108.0
35079,2,4604.0,203.0
35080,2,3082.0,203.0
35081,2,1422.0,191.0
35082,2,4531.0,191.0
35083,2,1445.0,191.0
35084,2,197.0,125.0
35085,2,1022.0,170.0
35086,2,1160.0,170.0
35087,2,1447.0,170.0
35088,2,3195.0,170.0
35089,2,173.0,128.0
35090,2,46519.0,122.0
35091,2,310.0,109.0
35092,2,15721.0,114.0
35093,2,109.0,126.0
35094,2,4347.0,119.0
35095,2,78139.0,137.0
35096,2,423.0,226.0
35097,2,84.0,170.0
35098,2,147.0,209.0
35099,2,189.0,170.0
35100,2,4963.0,226.0
35101,2,17506.0,179.0
35102,2,2243.0,115.0
35103,2,990.0,209.0
35104,2,1424.0,209.0
35105,2,23563.0,127.0
35106,2,1602.0,226.0
35107,2,24550.0,191.0
35108,2,1699.0,175.0
35109,2,60384.0,229.0
35110,2,562.0,108.0
35111,2,7251.0,198.0
35112,2,7341.0,214.0
35113,2,406.0,197.0
35114,2,108030.0,183.0
35115,2,2111.0,116.0
35116,2,171.0,116.0
35117,2,1803.0,116.0
35118,2,2133.0,116.0
35119,2,761.0,192.0
35120,2,1240.0,113.0
35121,2,3156.0,201.0
35122,2,1436.0,113.0
35123,2,4287.0,113.0
35124,2,1381.0,185.0
35125,2,3631.0,200.0
35126,2,492.0,200.0
35127,2,1029.0,128.0
35128,2,187.0,121.0
35129,2,692.0,113.0
35130,2,117.0,113.0
35131,2,1438.0,189.0
35132,2,1191.0,125.0
35133,2,2844.0,115.0
35134,2,742.0,125.0
35135,2,436.0,209.0
35136,2,350.0,200.0
35137,2,5460.0,200.0
35138,2,519.0,209.0
35139,2,30158.0,200.0
35140,2,1632.0,209.0
35141,2,1313.0,209.0
35142,2,2058.0,125.0
35143,2,208.0,184.0
35144,2,836.0,203.0
35145,2,2262.0,125.0
35146,2,7145.0,121.0
35147,2,645.0,196.0
35148,2,704.0,319.0
35149,2,16580.0,319.0
35150,2,15920.0,319.0
35151,2,242.0,102.0
35152,2,8.0,102.0
35153,2,2512.0,102.0
35154,2,2783.0,125.0
35155,2,2152.0,125.0
35156,2,7180.0,149.0
35157,2,2519.0,125.0
35158,2,1784.0,125.0
35159,2,44444.0,138.0
35160,2,2419.0,96.0
35161,2,1274.0,138.0
35162,2,2329.0,138.0
35163,2,123.0,140.0
35164,2,39.0,160.0
35165,2,314.0,140.0
35166,2,760.0,140.0
35167,2,2339.0,327.0
35168,2,17731.0,123.0
35169,2,9491.0,189.0
35170,2,242.0,209.0
35171,2,50481.0,116.0
35172,2,40.0,166.0
35173,2,362.0,206.0
35174,2,6680.0,206.0
35175,2,264.0,140.0
35176,2,6293.0,131.0
35177,2,1148.0,117.0
35178,2,1966.0,116.0
35179,2,2278.0,206.0
35180,2,49.0,217.0
35181,2,3321.0,116.0
35182,2,281.0,124.0
35183,2,30307.0,604.0
35184,2,75420.0,270.0
35185,2,2141.0,120.0
35186,2,38498.0,604.0
35187,2,1004.0,185.0
35188,2,1057.0,185.0
35189,2,1238.0,185.0
35190,2,352.0,194.0
35191,2,7285.0,189.0
35192,2,5169.0,189.0
35193,2,3533.0,191.0
35194,2,52519.0,116.0
35195,2,548.0,116.0
35196,2,60.0,184.0
35197,2,81.0,211.0
35198,2,142697.0,147.0
35199,2,1552.0,185.0
35200,2,120.0,185.0
35201,2,143.0,185.0
35202,2,50.0,184.0
35203,2,144.0,196.0
35204,2,70084.0,203.0
35205,2,32.0,213.0
35206,2,153.0,211.0
35207,2,175.0,211.0
35208,2,318.0,132.0
35209,2,1095.0,166.0
35210,2,195960.0,332.0
35211,2,204423.0,203.0
35212,2,447.0,178.0
35213,2,351.0,152.0
35214,2,3161.0,116.0
35215,2,394.0,177.0
35216,2,664.0,113.0
35217,2,254.0,175.0
35218,2,1884.0,135.0
35219,2,1319.0,183.0
35220,2,106.0,183.0
35221,2,112.0,183.0
35222,2,99.0,183.0
35223,2,6470.0,198.0
35224,2,10110.0,183.0
35225,2,127.0,183.0
35226,2,71.0,183.0
35227,2,297.0,200.0
35228,2,195.0,195.0
35229,2,42.0,180.0
35230,2,1381.0,152.0
35231,2,93.0,110.0
35232,2,3282.0,152.0
35233,2,2336.0,152.0
35234,2,2089.0,152.0
35235,2,2146.0,186.0
35236,2,395.0,184.0
35237,2,3417.0,114.0
35238,2,231.0,179.0
35239,2,55476.0,194.0
35240,2,3560.0,132.0
35241,2,986.0,184.0
35242,2,1546.0,184.0
35243,2,5965.0,97.0
35244,2,139.0,189.0
35245,2,91.0,178.0
35246,2,57.0,181.0
35247,2,118.0,180.0
35248,2,266.0,179.0
35249,2,119.0,179.0
35250,2,111.0,179.0
35251,2,1893.0,173.0
35252,2,88.0,173.0
35253,2,81.0,173.0
35254,2,48.0,189.0
35255,2,117.0,173.0
35256,2,1796.0,116.0
35257,2,545.0,104.0
35258,2,370.0,183.0
35259,2,2134.0,120.0
35260,2,1938.0,120.0
35261,2,3307.0,134.0
35262,2,666.0,179.0
35263,2,496.0,179.0
35264,2,3944.0,334.0
35265,2,203.0,122.0
35266,2,15563.0,202.0
35267,2,104.0,203.0
35268,2,1094.0,186.0
35269,2,389.0,175.0
35270,2,4292.0,181.0
35271,2,3878.0,181.0
35272,2,2961.0,203.0
35273,2,119.0,203.0
35274,2,5230.0,334.0
35275,2,9449.0,109.0
35276,2,109.0,160.0
35277,2,24.0,118.0
35278,2,634.0,180.0
35279,2,1015.0,132.0
35280,2,1239.0,113.0
35281,2,6798.0,182.0
35282,2,40.0,124.0
35283,2,3278.0,120.0
35284,2,174.0,211.0
35285,2,99.0,211.0
35286,2,140.0,207.0
35287,2,4212.0,207.0
35288,2,6883.0,134.0
35289,2,237.0,104.0
35290,2,300.0,193.0
35291,2,210.0,122.0
35292,2,5252.0,151.0
35293,2,171.0,122.0
35294,2,377.0,122.0
35295,2,78.0,195.0
35296,2,376.0,176.0
35297,2,1617.0,120.0
35298,2,2312.0,120.0
35299,2,5423.0,127.0
35300,2,4438.0,127.0
35301,2,155.0,195.0
35302,2,8.0,195.0
35303,2,570.0,195.0
35304,2,5288.0,223.0
35305,2,198.0,207.0
35306,2,1656.0,173.0
35307,2,921.0,114.0
35308,2,249.0,139.0
35309,2,37504.0,139.0
35310,2,176.0,189.0
35311,2,221394.0,194.0
35312,2,577.0,201.0
35313,2,1093.0,182.0
35314,2,920.0,201.0
35315,2,6222.0,201.0
35316,2,4696.0,201.0
35317,2,236.0,248.0
35318,2,1557.0,248.0
35319,2,4759.0,248.0
35320,2,3771.0,248.0
35321,2,8488.0,185.0
35322,2,171.0,185.0
35323,2,632.0,167.0
35324,2,179610.0,185.0
35325,2,22912.0,163.0
35326,2,97.0,179.0
35327,2,114.0,179.0
35328,2,21559.0,195.0
35329,2,252.0,203.0
35330,2,75.0,179.0
35331,2,235.0,170.0
35332,2,4138.0,132.0
35333,2,9609.0,134.0
35334,2,3601.0,112.0
35335,2,5271.0,112.0
35336,2,1456.0,147.0
35337,2,25957.0,120.0
35338,2,287.0,189.0
35339,2,1172.0,189.0
35340,2,1464.0,189.0
35341,2,1373.0,189.0
35342,2,328.0,189.0
35343,2,282.0,177.0
35344,2,288.0,185.0
35345,2,476.0,185.0
35346,2,85.0,185.0
35347,2,81.0,189.0
35348,2,16964.0,189.0
35349,2,332.0,185.0
35350,2,1079.0,133.0
35351,2,9482.0,140.0
35352,2,101.0,133.0
35353,2,734.0,127.0
35354,2,263261.0,186.0
35355,2,32723.0,186.0
35356,2,1981.0,81.0
35357,2,599.0,133.0
35358,2,196.0,161.0
35359,2,1781.0,208.0
35360,2,376.0,208.0
35361,2,2355.0,92.0
35362,2,801.0,190.0
35363,2,431.0,110.0
35364,2,575.0,110.0
35365,2,1062.0,101.0
35366,2,15.0,121.0
35367,2,23.0,208.0
35368,2,904.0,208.0
35369,2,5748.0,142.0
35370,2,427.0,188.0
35371,2,977.0,133.0
35372,2,1537.0,94.0
35373,2,2452.0,98.0
35374,2,1388.0,99.0
35375,2,1943.0,114.0
35376,2,3019.0,120.0
35377,2,313.0,136.0
35378,2,284.0,136.0
35379,2,1605.0,136.0
35380,2,327.0,136.0
35381,2,265.0,136.0
35382,2,210.0,125.0
35383,2,311.0,125.0
35384,2,5404.0,213.0
35385,2,28494.0,100.0
35386,2,428.0,120.0
35387,2,674.0,134.0
35388,2,403.0,450.0
35389,2,14906.0,604.0
35390,2,73759.0,250.0
35391,2,210.0,112.0
35392,2,133.0,136.0
35393,2,3390.0,114.0
35394,2,890.0,94.0
35395,2,123.0,94.0
35396,2,3040.0,130.0
35397,2,188.0,94.0
35398,2,989.0,94.0
35399,2,15723.0,112.0
35400,2,1078.0,122.0
35401,2,2046.0,86.0
35402,2,169591.0,179.0
35403,2,170547.0,179.0
35404,2,9404.0,137.0
35405,2,11688.0,142.0
35406,2,1560.0,170.0
35407,2,4293.0,170.0
35408,2,3809.0,117.0
35409,2,148.0,133.0
35410,2,17439.0,133.0
35411,2,17369.0,133.0
35412,2,6922.0,214.0
35413,2,553.0,196.0
35414,2,1026.0,178.0
35415,2,27270.0,407.0
35416,2,829.0,112.0
35417,2,496.0,171.0
35418,2,1203.0,131.0
35419,2,1249.0,134.0
35420,2,1185.0,132.0
35421,2,76.0,330.0
35422,2,428.0,179.0
35423,2,3244.0,122.0
35424,2,3668.0,177.0
35425,2,71.0,98.0
35426,2,3598.0,141.0
35427,2,2406.0,122.0
35428,2,496.0,122.0
35429,2,20778.0,111.0
35430,2,23025.0,189.0
35431,2,300104.0,193.0
35432,2,7724.0,177.0
35433,2,585.0,93.0
35434,2,2294.0,100.0
35435,2,2433.0,132.0
35436,2,560.0,100.0
35437,2,5279.0,387.0
35438,2,327.0,387.0
35439,2,9983.0,90.0
35440,2,1766.0,96.0
35441,2,8632.0,96.0
35442,2,2664.0,102.0
35443,2,727.0,102.0
35444,2,884.0,101.0
35445,2,15008.0,213.0
35446,2,558.0,112.0
35447,2,46.0,387.0
35448,2,4657.0,387.0
35449,2,2875.0,201.0
35450,2,8162.0,387.0
35451,2,249.0,201.0
35452,2,75.0,193.0
35453,2,24.0,193.0
35454,2,615.0,201.0
35455,2,4969.0,175.0
35456,2,3611.0,347.0
35457,2,96.0,206.0
35458,2,2250.0,206.0
35459,2,137.0,206.0
35460,2,3796.0,196.0
35461,2,904.0,196.0
35462,2,501.0,201.0
35463,2,11392.0,94.0
35464,2,262.0,201.0
35465,2,3979.0,201.0
35466,2,53550.0,146.0
35467,2,1427.0,202.0
35468,2,1164.0,91.0
35469,2,97.0,202.0
35470,2,685.0,91.0
35471,2,8560.0,105.0
35472,2,1731.0,193.0
35473,2,771.0,125.0
35474,2,974.0,105.0
35475,2,104.0,206.0
35476,2,1609.0,172.0
35477,2,1939.0,172.0
35478,2,4763.0,172.0
35479,2,921.0,101.0
35480,2,136808.0,238.0
35481,2,17796.0,238.0
35482,2,2965.0,118.0
35483,2,17372.0,238.0
35484,2,13690.0,238.0
35485,2,499.0,189.0
35486,2,15213.0,238.0
35487,2,101.0,202.0
35488,2,20833.0,238.0
35489,2,36397.0,238.0
35490,2,22976.0,238.0
35491,2,22915.0,238.0
35492,2,2088.0,114.0
35493,2,24212.0,121.0
35494,2,2902.0,172.0
35495,2,30297.0,202.0
35496,2,172.0,170.0
35497,2,7399.0,120.0
35498,2,7598.0,120.0
35499,2,195.0,121.0
35500,2,1287.0,114.0
35501,2,3366.0,155.0
35502,2,1699.0,197.0
35503,2,19624.0,133.0
35504,2,5851.0,124.0
35505,2,7620.0,124.0
35506,2,9104.0,124.0
35507,2,38.0,181.0
35508,2,135.0,194.0
35509,2,146559.0,135.0
35510,2,131633.0,198.0
35511,2,5554.0,175.0
35512,2,1882.0,179.0
35513,2,5098.0,139.0
35514,2,2961.0,216.0
35515,2,15175.0,139.0
35516,2,31877.0,127.0
35517,2,6007.0,179.0
35518,2,381.0,146.0
35519,2,9316.0,177.0
35520,2,19183.0,146.0
35521,2,201.0,107.0
35522,2,78.0,107.0
35523,2,2149.0,184.0
35524,2,163.0,128.0
35525,2,153.0,213.0
35526,2,17679.0,134.0
35527,2,71587.0,168.0
35528,2,3447.0,121.0
35529,2,851.0,121.0
35530,2,453.0,171.0
35531,2,1324.0,182.0
35532,2,1532.0,182.0
35533,2,39788.0,248.0
35534,2,62.0,114.0
35535,2,183.0,248.0
35536,2,13863.0,248.0
35537,2,720.0,132.0
35538,2,7.0,136.0
35539,2,36541.0,219.0
35540,2,52202.0,219.0
35541,2,22957.0,219.0
35542,2,22952.0,219.0
35543,2,2363.0,124.0
35544,2,8469.0,148.0
35545,2,899.0,114.0
35546,2,7275.0,148.0
35547,2,5039.0,124.0
35548,2,99427.0,122.0
35549,2,1244.0,122.0
35550,2,1217.0,111.0
35551,2,920.0,112.0
35552,2,468.0,125.0
35553,2,207.0,106.0
35554,2,10922.0,133.0
35555,2,311.0,152.0
35556,2,407.0,185.0
35557,2,503.0,131.0
35558,2,1023.0,98.0
35559,2,1271.0,106.0
35560,2,829.0,105.0
35561,2,807.0,114.0
35562,2,838.0,115.0
35563,2,1219.0,118.0
35564,2,1408.0,125.0
35565,2,768.0,112.0
35566,2,1015.0,126.0
35567,2,733.0,125.0
35568,2,789.0,115.0
35569,2,790.0,124.0
35570,2,532.0,137.0
35571,2,827.0,136.0
35572,2,1173.0,123.0
35573,2,896.0,106.0
35574,2,1578.0,116.0
35575,2,893.0,124.0
35576,2,1351.0,98.0
35577,2,386.0,214.0
35578,2,1666.0,214.0
35579,2,1610.0,111.0
35580,2,719.0,122.0
35581,2,1116.0,111.0
35582,2,110.0,126.0
35583,2,60030.0,126.0
35584,2,397.0,126.0
35585,2,2826.0,126.0
35586,2,360.0,126.0
35587,2,1110.0,123.0
35588,2,1391.0,104.0
35589,2,1062.0,103.0
35590,2,1408.0,124.0
35591,2,1148.0,114.0
35592,2,1530.0,104.0
35593,2,1783.0,106.0
35594,2,1166.0,124.0
35595,2,210.0,132.0
35596,2,674.0,105.0
35597,2,39.0,132.0
35598,2,871.0,123.0
35599,2,897.0,124.0
35600,2,1153.0,96.0
35601,2,891.0,105.0
35602,2,944.0,123.0
35603,2,765.0,104.0
35604,2,1266.0,135.0
35605,2,21013.0,184.0
35606,2,614.0,117.0
35607,2,1069.0,104.0
35608,2,466.0,110.0
35609,2,1327.0,112.0
35610,2,2242.0,104.0
35611,2,1033.0,107.0
35612,2,93.0,121.0
35613,2,11241.0,146.0
35614,2,1223.0,111.0
35615,2,1171.0,105.0
35616,2,697.0,112.0
35617,2,1625.0,123.0
35618,2,62.0,184.0
35619,2,2806.0,134.0
35620,2,2687.0,134.0
35621,2,1324.0,177.0
35622,2,456.0,174.0
35623,2,839.0,108.0
35624,2,861.0,108.0
35625,2,1648.0,126.0
35626,2,90.0,195.0
35627,2,2251.0,195.0
35628,2,2155.0,195.0
35629,2,221563.0,488.0
35630,2,55.0,209.0
35631,2,6970.0,159.0
35632,2,8602.0,95.0
35633,2,445.0,95.0
35634,2,3240.0,204.0
35635,2,1840.0,204.0
35636,2,54243.0,114.0
35637,2,44365.0,148.0
35638,2,109.0,195.0
35639,2,10375.0,128.0
35640,2,35.0,124.0
35641,2,241.0,165.0
35642,2,1377.0,110.0
35643,2,1643.0,110.0
35644,2,29.0,117.0
35645,2,2659.0,121.0
35646,2,251850.0,198.0
35647,2,3581.0,192.0
35648,2,171.0,123.0
35649,2,7.0,121.0
35650,2,54.0,125.0
35651,2,361.0,125.0
35652,2,101.0,125.0
35653,2,698.0,125.0
35654,2,244.0,240.0
35655,2,186.0,240.0
35656,2,56.0,227.0
35657,2,2167.0,261.0
35658,2,1981.0,133.0
35659,2,16636.0,133.0
35660,2,3577.0,207.0
35661,2,2669.0,149.0
35662,2,6373.0,141.0
35663,2,49.0,204.0
35664,2,3418.0,205.0
35665,2,3767.0,204.0
35666,2,1981.0,115.0
35667,2,138901.0,316.0
35668,2,346.0,168.0
35669,2,3334.0,461.0
35670,2,475.0,193.0
35671,2,24438.0,132.0
35672,2,2529.0,132.0
35673,2,73.0,125.0
35674,2,62.0,208.0
35675,2,162.0,195.0
35676,2,9869.0,120.0
35677,2,531.0,135.0
35678,2,38.0,120.0
35679,2,1484.0,180.0
35680,2,405.0,168.0
35681,2,45.0,183.0
35682,2,3236.0,138.0
35683,2,36392.0,134.0
35684,2,12663.0,452.0
35685,2,94.0,122.0
35686,2,2015.0,92.0
35687,2,65.0,188.0
35688,2,96764.0,196.0
35689,2,1896.0,174.0
35690,2,5004.0,132.0
35691,2,2350.0,87.0
35692,2,4657.0,87.0
35693,2,1977.0,188.0
35694,2,218.0,188.0
35695,2,1976.0,149.0
35696,2,16641.0,129.0
35697,2,17383.0,129.0
35698,2,2232.0,176.0
35699,2,939.0,131.0
35700,2,10241.0,131.0
35701,2,320.0,173.0
35702,2,27200.0,132.0
35703,2,849.0,187.0
35704,2,181204.0,203.0
35705,2,250.0,200.0
35706,2,1937.0,642.0
35707,2,156.0,204.0
35708,2,1743.0,174.0
35709,2,87.0,111.0
35710,2,730.0,111.0
35711,2,13772.0,197.0
35712,2,30.0,111.0
35713,2,2006.0,144.0
35714,2,4156.0,133.0
35715,2,281.0,87.0
35716,2,557.0,111.0
35717,2,243.0,111.0
35718,2,1334.0,65.0
35719,2,1155.0,131.0
35720,2,1864.0,202.0
35721,2,863.0,206.0
35722,2,675.0,151.0
35723,2,343.0,206.0
35724,2,52613.0,210.0
35725,2,126.0,121.0
35726,2,650.0,155.0
35727,2,255.0,199.0
35728,2,1740.0,192.0
35729,2,8308.0,192.0
35730,2,474.0,184.0
35731,2,250.0,282.0
35732,2,127.0,155.0
35733,2,523.0,134.0
35734,2,2908.0,187.0
35735,2,3800.0,201.0
35736,2,21816.0,152.0
35737,2,832.0,179.0
35738,2,28742.0,179.0
35739,2,39734.0,117.0
35740,2,1001.0,207.0
35741,2,2382.0,106.0
35742,2,151.0,172.0
35743,2,919.0,172.0
35744,2,14.0,199.0
35745,2,16.0,208.0
35746,2,696.0,132.0
35747,2,7.0,199.0
35748,2,105074.0,199.0
35749,2,3122.0,122.0
35750,2,118.0,122.0
35751,2,3875.0,206.0
35752,2,48214.0,122.0
35753,2,16969.0,122.0
35754,2,68.0,169.0
35755,2,2062.0,118.0
35756,2,3981.0,188.0
35757,2,100.0,206.0
35758,2,3397.0,206.0
35759,2,101.0,206.0
35760,2,2962.0,169.0
35761,2,141.0,158.0
35762,2,5172.0,96.0
35763,2,801.0,169.0
35764,2,489.0,196.0
35765,2,76.0,121.0
35766,2,111.0,128.0
35767,2,414.0,169.0
35768,2,3402.0,127.0
35769,2,7204.0,220.0
35770,2,93.0,120.0
35771,2,1821.0,135.0
35772,2,530.0,129.0
35773,2,755.0,127.0
35774,2,611.0,127.0
35775,2,4715.0,194.0
35776,2,7569.0,148.0
35777,2,945.0,160.0
35778,2,26832.0,115.0
35779,2,37507.0,222.0
35780,2,236.0,222.0
35781,2,12294.0,222.0
35782,2,2447.0,113.0
35783,2,320.0,113.0
35784,2,1454.0,96.0
35785,2,1459.0,114.0
35786,2,4441.0,121.0
35787,2,273.0,106.0
35788,2,4290.0,101.0
35789,2,11087.0,101.0
35790,2,24439.0,101.0
35791,2,8800.0,101.0
35792,2,17448.0,140.0
35793,2,1815.0,188.0
35794,2,16036.0,114.0
35795,2,31.0,113.0
35796,2,487.0,113.0
35797,2,39.0,113.0
35798,2,3242.0,134.0
35799,2,2109.0,134.0
35800,2,3034.0,125.0
35801,2,5987.0,125.0
35802,2,587.0,184.0
35803,2,267.0,130.0
35804,2,821.0,184.0
35805,2,54.0,199.0
35806,2,3410.0,180.0
35807,2,915.0,117.0
35808,2,1111.0,187.0
35809,2,3686.0,196.0
35810,2,450.0,199.0
35811,2,9286.0,197.0
35812,2,5174.0,204.0
35813,2,2737.0,103.0
35814,2,3884.0,115.0
35815,2,218.0,118.0
35816,2,3546.0,115.0
35817,2,3136.0,237.0
35818,2,163.0,118.0
35819,2,118.0,118.0
35820,2,146.0,118.0
35821,2,94.0,118.0
35822,2,413.0,144.0
35823,2,8407.0,234.0
35824,2,172.0,205.0
35825,2,1019.0,237.0
35826,2,935.0,209.0
35827,2,378.0,332.0
35828,2,782.0,121.0
35829,2,1711.0,137.0
35830,2,844.0,122.0
35831,2,15515.0,197.0
35832,2,331711.0,363.0
35833,2,321988.0,363.0
35834,2,22.0,183.0
35835,2,18.0,183.0
35836,2,11.0,195.0
35837,2,11692.0,115.0
35838,2,139.0,195.0
35839,2,5.0,183.0
35840,2,2096.0,125.0
35841,2,8718.0,174.0
35842,2,997.0,174.0
35843,2,1152.0,260.0
35844,2,793.0,231.0
35845,2,48945.0,230.0
35846,2,49028.0,230.0
35847,2,35004.0,178.0
35848,2,2058.0,205.0
35849,2,137.0,205.0
35850,2,1669.0,195.0
35851,2,250.0,283.0
35852,2,1709.0,283.0
35853,2,701.0,113.0
35854,2,2512.0,128.0
35855,2,3139.0,185.0
35856,2,60.0,189.0
35857,2,125.0,112.0
35858,2,1602.0,160.0
35859,2,46.0,160.0
35860,2,34.0,160.0
35861,2,5122.0,178.0
35862,2,20733.0,254.0
35863,2,49.0,160.0
35864,2,1649.0,160.0
35865,2,56.0,160.0
35866,2,246.0,201.0
35867,2,36977.0,178.0
35868,2,123058.0,178.0
35869,2,32404.0,178.0
35870,2,10238.0,185.0
35871,2,353286.0,178.0
35872,2,47.0,195.0
35873,2,9.0,195.0
35874,2,102.0,675.0
35875,2,1002.0,126.0
35876,2,398.0,191.0
35877,2,8703.0,334.0
35878,2,33.0,175.0
35879,2,343.0,175.0
35880,2,3992.0,175.0
35881,2,2584.0,175.0
35882,2,5203.0,404.0
35883,2,175.0,204.0
35884,2,5608.0,204.0
35885,2,5665.0,153.0
35886,2,8600.0,120.0
35887,2,2823.0,120.0
35888,2,14410.0,181.0
35889,2,11725.0,201.0
35890,2,3726.0,181.0
35891,2,46.0,132.0
35892,2,521.0,195.0
35893,2,982.0,195.0
35894,2,1193.0,208.0
35895,2,484.0,112.0
35896,2,959.0,120.0
35897,2,62.0,195.0
35898,2,57.0,195.0
35899,2,402.0,205.0
35900,2,229.0,205.0
35901,2,17204.0,143.0
35902,2,6922.0,207.0
35903,2,1296.0,200.0
35904,2,1529.0,122.0
35905,2,1903.0,189.0
35906,2,9794.0,200.0
35907,2,40.0,152.0
35908,2,384.0,185.0
35909,2,2575.0,153.0
35910,2,1042.0,153.0
35911,2,4350.0,205.0
35912,2,3828.0,153.0
35913,2,7009.0,153.0
35914,2,766.0,196.0
35915,2,1838.0,138.0
35916,2,300661.0,217.0
35917,2,2689.0,189.0
35918,2,1348.0,110.0
35919,2,14.0,182.0
35920,2,427.0,119.0
35921,2,934.0,255.0
35922,2,753.0,100.0
35923,2,179.0,132.0
35924,2,69129.0,149.0
35925,2,2164.0,124.0
35926,2,9285.0,211.0
35927,2,3618.0,108.0
35928,2,7695.0,183.0
35929,2,1065.0,121.0
35930,2,25.0,283.0
35931,2,120.0,283.0
35932,2,398.0,163.0
35933,2,800.0,122.0
35934,2,14072.0,202.0
35935,2,101457.0,108.0
35936,2,4095.0,181.0
35937,2,1201.0,82.0
35938,2,862.0,131.0
35939,2,81.0,244.0
35940,2,34.0,207.0
35941,2,861.0,187.0
35942,2,389.0,195.0
35943,2,14313.0,186.0
35944,2,26891.0,99.0
35945,2,271.0,178.0
35946,2,880.0,132.0
35947,2,19.0,205.0
35948,2,349.0,188.0
35949,2,53.0,198.0
35950,2,5216.0,159.0
35951,2,24.0,132.0
35952,2,1023.0,132.0
35953,2,199767.0,225.0
35954,2,390.0,225.0
35955,2,30561.0,225.0
35956,2,234726.0,225.0
35957,2,31.0,225.0
35958,2,23.0,225.0
35959,2,3520.0,225.0
35960,2,23.0,225.0
35961,2,31.0,225.0
35962,2,23.0,225.0
35963,2,2317.0,170.0
35964,2,2278.0,183.0
35965,2,2244.0,206.0
35966,2,86708.0,392.0
35967,2,463.0,392.0
35968,2,156.0,392.0
35969,2,2781.0,132.0
35970,2,383.0,139.0
35971,2,513.0,195.0
35972,2,2754.0,225.0
35973,2,1669.0,118.0
35974,2,111818.0,225.0
35975,2,1764.0,163.0
35976,2,66328.0,177.0
35977,2,1877.0,92.0
35978,2,744.0,92.0
35979,2,15.0,112.0
35980,2,563.0,163.0
35981,2,2537.0,172.0
35982,2,18.0,198.0
35983,2,15.0,198.0
35984,2,20.0,187.0
35985,2,160.0,187.0
35986,2,22.0,225.0
35987,2,1275.0,92.0
35988,2,732.0,195.0
35989,2,13.0,187.0
35990,2,1519.0,133.0
35991,2,243.0,198.0
35992,2,13.0,198.0
35993,2,1850.0,195.0
35994,2,2218.0,137.0
35995,2,174177.0,108.0
35996,2,8281.0,136.0
35997,2,1069.0,136.0
35998,2,651.0,145.0
35999,2,629.0,125.0
36000,2,1922.0,131.0
36001,2,191910.0,108.0
36002,2,25243.0,108.0
36003,2,74282.0,193.0
36004,2,43.0,193.0
36005,2,2242.0,194.0
36006,2,489.0,177.0
36007,2,780.0,177.0
36008,2,874.0,177.0
36009,2,3080.0,138.0
36010,2,626.0,175.0
36011,2,713.0,180.0
36012,2,625.0,139.0
36013,2,1933.0,92.0
36014,2,69.0,156.0
36015,2,32.0,185.0
36016,2,594.0,182.0
36017,2,2259.0,131.0
36018,2,52415.0,131.0
36019,2,124.0,156.0
36020,2,1114.0,124.0
36021,2,2109.0,124.0
36022,2,2761.0,113.0
36023,2,109.0,156.0
36024,2,8899.0,114.0
36025,2,1354.0,197.0
36026,2,1364.0,196.0
36027,2,405.0,180.0
36028,2,2621.0,221.0
36029,2,752.0,385.0
36030,2,15064.0,106.0
36031,2,1333.0,90.0
36032,2,4484.0,90.0
36033,2,3314.0,127.0
36034,2,934.0,137.0
36035,2,1953.0,137.0
36036,2,62.0,156.0
36037,2,191.0,156.0
36038,2,2171.0,131.0
36039,2,508.0,187.0
36040,2,4988.0,187.0
36041,2,40.0,189.0
36042,2,421.0,189.0
36043,2,17.0,127.0
36044,2,3628.0,127.0
36045,2,4269.0,135.0
36046,2,1905.0,155.0
36047,2,1515.0,117.0
36048,2,2414.0,113.0
36049,2,725.0,148.0
36050,2,10.0,233.0
36051,2,820.0,114.0
36052,2,1011.0,193.0
36053,2,555.0,113.0
36054,2,235.0,152.0
36055,2,89.0,233.0
36056,2,105879.0,245.0
36057,2,25.0,180.0
36058,2,141.0,180.0
36059,2,13.0,180.0
36060,2,17.0,180.0
36061,2,26307.0,190.0
36062,2,289.0,180.0
36063,2,128287.0,190.0
36064,2,300995.0,318.0
36065,2,1622.0,112.0
36066,2,1804.0,128.0
36067,2,413.0,118.0
36068,2,500.0,195.0
36069,2,130.0,195.0
36070,2,224.0,195.0
36071,2,31168.0,136.0
36072,2,11.0,180.0
36073,2,4845.0,200.0
36074,2,3007.0,133.0
36075,2,17.0,195.0
36076,2,319.0,150.0
36077,2,594.0,187.0
36078,2,2537.0,150.0
36079,2,1751.0,177.0
36080,2,101.0,233.0
36081,2,566.0,150.0
36082,2,19417.0,179.0
36083,2,3297.0,82.0
36084,2,79447.0,137.0
36085,2,301023.0,570.0
36086,2,53092.0,287.0
36087,2,2016.0,110.0
36088,2,15628.0,197.0
36089,2,736.0,235.0
36090,2,11332.0,143.0
36091,2,9538.0,143.0
36092,2,29710.0,176.0
36093,2,257.0,136.0
36094,2,48694.0,102.0
36095,2,12180.0,103.0
36096,2,12182.0,113.0
36097,2,42416.0,166.0
36098,2,349.0,111.0
36099,2,140.0,121.0
36100,2,1024.0,215.0
36101,2,1497.0,186.0
36102,2,11880.0,126.0
36103,2,2570.0,122.0
36104,2,4574.0,177.0
36105,2,13130.0,178.0
36106,2,51.0,199.0
36107,2,1574.0,82.0
36108,2,37.0,199.0
36109,2,327.0,117.0
36110,2,7144.0,210.0
36111,2,73620.0,249.0
36112,2,305.0,199.0
36113,2,380.0,139.0
36114,2,486146.0,133.0
36115,2,480.0,137.0
36116,2,439.0,154.0
36117,2,8085.0,249.0
36118,2,735.0,125.0
36119,2,1486.0,167.0
36120,2,42452.0,107.0
36121,2,599.0,1032.0
36122,2,99.0,199.0
36123,2,6901.0,107.0
36124,2,60822.0,117.0
36125,2,20205.0,150.0
36126,2,1068.0,150.0
36127,2,30235.0,150.0
36128,2,10770.0,150.0
36129,2,3792.0,127.0
36130,2,114.0,216.0
36131,2,850.0,191.0
36132,2,225.0,142.0
36133,2,148.0,124.0
36134,2,702.0,130.0
36135,2,119.0,175.0
36136,2,155.0,175.0
36137,2,2293.0,115.0
36138,2,184.0,190.0
36139,2,343.0,209.0
36140,2,3146.0,209.0
36141,2,143.0,187.0
36142,2,115.0,209.0
36143,2,3394.0,122.0
36144,2,4282.0,179.0
36145,2,516.0,179.0
36146,2,1367.0,89.0
36147,2,634.0,191.0
36148,2,10091.0,191.0
36149,2,1797.0,191.0
36150,2,289.0,179.0
36151,2,538.0,125.0
36152,2,674.0,130.0
36153,2,13407.0,115.0
36154,2,1072.0,140.0
36155,2,18037.0,128.0
36156,2,156.0,200.0
36157,2,277.0,336.0
36158,2,8204.0,114.0
36159,2,8211.0,114.0
36160,2,756.0,174.0
36161,2,14308.0,166.0
36162,2,5821.0,127.0
36163,2,1196.0,152.0
36164,2,73324.0,186.0
36165,2,73324.0,179.0
36166,2,397.0,186.0
36167,2,397.0,179.0
36168,2,15344.0,136.0
36169,2,145.0,161.0
36170,2,2578.0,136.0
36171,2,735.0,125.0
36172,2,12484.0,129.0
36173,2,263.0,157.0
36174,2,2880.0,157.0
36175,2,225.0,157.0
36176,2,4968.0,114.0
36177,2,40.0,180.0
36178,2,1382.0,129.0
36179,2,399.0,180.0
36180,2,931.0,180.0
36181,2,1505.0,187.0
36182,2,421.0,122.0
36183,2,32.0,187.0
36184,2,721.0,187.0
36185,2,295.0,119.0
36186,2,62.0,138.0
36187,2,521.0,138.0
36188,2,991.0,119.0
36189,2,89043.0,117.0
36190,2,660.0,180.0
36191,2,555.0,180.0
36192,2,461.0,180.0
36193,2,441.0,180.0
36194,2,200306.0,132.0
36195,2,23590.0,165.0
36196,2,4478.0,144.0
36197,2,23384.0,165.0
36198,2,20092.0,131.0
36199,2,1676.0,131.0
36200,2,26945.0,165.0
36201,2,17762.0,165.0
36202,2,22651.0,165.0
36203,2,26966.0,165.0
36204,2,26905.0,165.0
36205,2,25861.0,165.0
36206,2,54.0,175.0
36207,2,6.0,187.0
36208,2,49.0,175.0
36209,2,141.0,175.0
36210,2,1408.0,144.0
36211,2,62.0,175.0
36212,2,31.0,175.0
36213,2,31.0,175.0
36214,2,106.0,187.0
36215,2,40.0,100.0
36216,2,1575.0,184.0
36217,2,48.0,187.0
36218,2,30.0,187.0
36219,2,19.0,187.0
36220,2,1814.0,191.0
36221,2,1234.0,203.0
36222,2,467.0,191.0
36223,2,122.0,205.0
36224,2,2101.0,205.0
36225,2,498.0,191.0
36226,2,115.0,205.0
36227,2,62.0,175.0
36228,2,600.0,188.0
36229,2,192.0,178.0
36230,2,8.0,131.0
36231,2,1335.0,125.0
36232,2,635.0,107.0
36233,2,849.0,199.0
36234,2,819.0,131.0
36235,2,2609.0,198.0
36236,2,625.0,186.0
36237,2,6557.0,166.0
36238,2,2640.0,185.0
36239,2,1983.0,114.0
36240,2,996.0,113.0
36241,2,33744.0,210.0
36242,2,1649.0,129.0
36243,2,1118.0,167.0
36244,2,2210.0,167.0
36245,2,9966.0,216.0
36246,2,554.0,167.0
36247,2,9569.0,136.0
36248,2,30751.0,167.0
36249,2,1054.0,107.0
36250,2,45094.0,175.0
36251,2,8591.0,182.0
36252,2,987.0,183.0
36253,2,223.0,196.0
36254,2,9077.0,326.0
36255,2,873.0,284.0
36256,2,7423.0,128.0
36257,2,484.0,126.0
36258,2,2788.0,142.0
36259,2,48236.0,116.0
36260,2,10338.0,128.0
36261,2,440.0,194.0
36262,2,408.0,206.0
36263,2,424.0,347.0
36264,2,893.0,206.0
36265,2,673.0,113.0
36266,2,1644.0,215.0
36267,2,3836.0,148.0
36268,2,129.0,180.0
36269,2,707.0,178.0
36270,2,1359.0,197.0
36271,2,31.0,133.0
36272,2,5782.0,181.0
36273,2,376.0,195.0
36274,2,403.0,195.0
36275,2,389.0,195.0
36276,2,1993.0,206.0
36277,2,4.0,198.0
36278,2,88269.0,190.0
36279,2,12258.0,242.0
36280,2,806.0,299.0
36281,2,56433.0,299.0
36282,2,752.0,305.0
36283,2,324.0,305.0
36284,2,1425.0,115.0
36285,2,182.0,150.0
36286,2,99.0,238.0
36287,2,1338.0,115.0
36288,2,2172.0,115.0
36289,2,1554.0,115.0
36290,2,80160.0,118.0
36291,2,2352.0,122.0
36292,2,4568.0,173.0
36293,2,8842.0,126.0
36294,2,29433.0,118.0
36295,2,35209.0,118.0
36296,2,57109.0,118.0
36297,2,41563.0,127.0
36298,2,202.0,118.0
36299,2,4785.0,369.0
36300,2,20756.0,369.0
36301,2,129142.0,239.0
36302,2,1440.0,261.0
36303,2,3371.0,261.0
36304,2,34184.0,226.0
36305,2,94.0,216.0
36306,2,1537.0,122.0
36307,2,812.0,125.0
36308,2,874.0,124.0
36309,2,132.0,124.0
36310,1,7004.0,124.0
36311,1,1844.0,181.0
36312,1,46380.0,155.0
36313,1,3100.0,96.0
36314,1,249.0,132.0
36315,1,1689.0,127.0
36316,1,2136.0,173.0
36317,1,1364.0,212.0
36318,1,706.0,121.0
36319,1,874.0,111.0
36320,1,1597.0,136.0
36321,1,1171.0,127.0
36322,1,94.0,216.0
36323,1,37.0,216.0
36324,1,61442.0,348.0
36325,1,2645.0,127.0
36326,1,51359.0,125.0
36327,1,203.0,349.0
36328,1,19.0,349.0
36329,1,15.0,349.0
36330,1,18599.0,349.0
36331,1,361.0,349.0
36332,1,4540.0,193.0
36333,1,2302.0,127.0
36334,1,50314.0,155.0
36335,1,1392.0,198.0
36336,1,8973.0,212.0
36337,1,2427.0,235.0
36338,1,10569.0,299.0
36339,1,4811.0,299.0
36340,1,222.0,131.0
36341,1,475.0,191.0
36342,1,560.0,191.0
36343,1,5829.0,112.0
36344,1,103667.0,191.0
36345,1,296.0,140.0
36346,1,343.0,133.0
36347,1,140.0,124.0
36348,1,7427.0,183.0
36349,1,377.0,147.0
36350,1,4256.0,118.0
36351,1,5223.0,118.0
36352,1,468.0,125.0
36353,1,1102.0,192.0
36354,1,80501.0,143.0
36355,1,1729.0,115.0
36356,1,276.0,178.0
36357,1,190.0,189.0
36358,1,180060.0,238.0
36359,1,1283.0,102.0
36360,1,543.0,121.0
36361,1,571.0,305.0
36362,1,456.0,305.0
36363,1,471.0,305.0
36364,1,470.0,305.0
36365,1,506.0,305.0
36366,1,582.0,305.0
36367,1,500.0,305.0
36368,1,438.0,121.0
36369,1,6744.0,113.0
36370,1,53356.0,135.0
36371,1,25.0,349.0
36372,1,19.0,349.0
36373,1,1187.0,181.0
36374,1,344.0,168.0
36375,1,32803.0,135.0
36376,1,19020.0,135.0
36377,1,1659.0,68.0
36378,1,40080.0,138.0
36379,1,2645.0,147.0
36380,1,2035.0,195.0
36381,1,45.0,206.0
36382,1,1897.0,108.0
36383,1,3278.0,128.0
36384,1,1066.0,224.0
36385,1,191.0,299.0
36386,1,2000.0,160.0
36387,1,13032.0,110.0
36388,1,143210.0,110.0
36389,1,13343.0,138.0
36390,1,9875.0,138.0
36391,1,8656.0,189.0
36392,1,9820.0,186.0
36393,1,1971.0,130.0
36394,1,764.0,113.0
36395,1,405.0,136.0
36396,1,470.0,305.0
36397,1,12265.0,102.0
36398,1,18067.0,122.0
36399,1,576.0,180.0
36400,1,37825.0,143.0
36401,1,1548.0,143.0
36402,1,3392.0,143.0
36403,1,156.0,215.0
36404,1,478.0,305.0
36405,1,468.0,305.0
36406,1,180788.0,135.0
36407,1,60300.0,237.0
36408,1,60688.0,237.0
36409,1,752.0,114.0
36410,1,767.0,114.0
36411,1,2464.0,202.0
36412,1,2339.0,202.0
36413,1,14.0,349.0
36414,1,3370.0,206.0
36415,1,2199.0,206.0
36416,1,2906.0,142.0
36417,1,5696.0,141.0
36418,1,15148.0,141.0
36419,1,6816.0,114.0
36420,1,117343.0,127.0
36421,1,937.0,124.0
36422,1,109.0,206.0
36423,1,79813.0,114.0
36424,1,14922.0,114.0
36425,1,245466.0,118.0
36426,1,6763.0,142.0
36427,1,32613.0,207.0
36428,1,93.0,142.0
36429,1,8989.0,197.0
36430,1,84400.0,216.0
36431,1,734.0,129.0
36432,1,26051.0,476.0
36433,1,2020.0,142.0
36434,1,50204.0,135.0
36435,1,29415.0,285.0
36436,1,1794.0,142.0
36437,1,4318.0,128.0
36438,1,48.0,246.0
36439,1,10252.0,128.0
36440,1,6922.0,186.0
36441,1,36.0,246.0
36442,1,58446.0,136.0
36443,1,15.0,349.0
36444,1,41.0,349.0
36445,1,181.0,349.0
36446,1,28.0,349.0
36447,1,17.0,349.0
36448,1,45.0,349.0
36449,1,16.0,349.0
36450,1,19.0,349.0
36451,1,684.0,349.0
36452,1,27911.0,172.0
36453,1,210.0,301.0
36454,1,1406.0,128.0
36455,1,3649.0,128.0
36456,1,1588.0,128.0
36457,1,5017.0,105.0
36458,1,1087.0,79.0
36459,1,642.0,183.0
36460,1,16978.0,183.0
36461,1,3502.0,116.0
36462,1,831.0,110.0
36463,1,6889.0,104.0
36464,1,1160.0,104.0
36465,1,8108.0,207.0
36466,1,4404.0,140.0
36467,1,624.0,114.0
36468,1,30150.0,182.0
36469,1,3465.0,116.0
36470,1,926.0,227.0
36471,1,1754.0,110.0
36472,1,43829.0,127.0
36473,1,15047.0,127.0
36474,1,11625.0,127.0
36475,1,1359.0,135.0
36476,1,0.0,105.0
36477,1,1976.0,105.0
36478,1,765.0,105.0
36479,1,1203.0,129.0
36480,1,1876.0,136.0
36481,1,67809.0,216.0
36482,1,13.0,123.0
36483,1,3251.0,112.0
36484,1,92.0,123.0
36485,1,958.0,114.0
36486,1,3419.0,213.0
36487,1,1062.0,111.0
36488,1,735.0,106.0
36489,1,18311.0,107.0
36490,1,1148.0,107.0
36491,1,44674.0,210.0
36492,1,8101.0,105.0
36493,1,3999.0,105.0
36494,1,87.0,187.0
36495,1,1060.0,116.0
36496,1,56088.0,116.0
36497,1,1826.0,137.0
36498,1,9201.0,184.0
36499,1,0.0,160.0
36500,1,85936.0,131.0
36501,1,7228.0,131.0
36502,1,2343.0,110.0
36503,1,93.0,110.0
36504,1,19496.0,194.0
36505,1,3335.0,166.0
36506,1,386.0,170.0
36507,1,1817.0,113.0
36508,1,826.0,116.0
36509,1,114.0,186.0
36510,1,8875.0,166.0
36511,1,30101.0,133.0
36512,1,3876.0,128.0
36513,1,53319.0,134.0
36514,1,2318.0,182.0
36515,1,286.0,182.0
36516,1,1111.0,186.0
36517,1,4089.0,186.0
36518,1,1074.0,85.0
36519,1,1210.0,85.0
36520,1,19949.0,195.0
36521,1,10316.0,117.0
36522,1,3550.0,117.0
36523,1,969.0,306.0
36524,1,293.0,120.0
36525,1,93.0,175.0
36526,1,265.0,131.0
36527,1,169.0,191.0
36528,1,62.0,175.0
36529,1,5418.0,150.0
36530,1,3683.0,150.0
36531,1,4897.0,189.0
36532,1,6336.0,220.0
36533,1,46.0,175.0
36534,1,317.0,205.0
36535,1,1287.0,205.0
36536,1,124.0,203.0
36537,1,48651.0,125.0
36538,1,44.0,187.0
36539,1,600109.0,203.0
36540,1,1130.0,187.0
36541,1,187.0,203.0
36542,1,300078.0,183.0
36543,1,3037.0,126.0
36544,1,2155.0,126.0
36545,1,1769.0,204.0
36546,1,1091.0,182.0
36547,1,1102.0,182.0
36548,1,2385.0,192.0
36549,1,3616.0,192.0
36550,1,245603.0,177.0
36551,1,623.0,184.0
36552,1,2138.0,161.0
36553,1,2046.0,161.0
36554,1,828.0,110.0
36555,1,58.0,187.0
36556,1,109.0,130.0
36557,1,12725.0,107.0
36558,1,2687.0,134.0
36559,1,883.0,118.0
36560,1,54143.0,167.0
36561,1,41.0,184.0
36562,1,442.0,184.0
36563,1,324.0,184.0
36564,1,871.0,192.0
36565,1,51.0,192.0
36566,1,46.0,175.0
36567,1,46.0,175.0
36568,1,47.0,187.0
36569,1,120.0,187.0
36570,1,967.0,109.0
36571,1,3063.0,124.0
36572,1,843.0,129.0
36573,1,19.0,112.0
36574,1,58914.0,137.0
36575,1,67997.0,131.0
36576,1,10783.0,133.0
36577,1,1781.0,133.0
36578,1,31.0,133.0
36579,1,1843.0,116.0
36580,1,78.0,144.0
36581,1,10917.0,132.0
36582,1,8581.0,144.0
36583,1,1172.0,206.0
36584,1,211806.0,138.0
36585,1,3816.0,99.0
36586,1,323.0,180.0
36587,1,67154.0,125.0
36588,1,71778.0,208.0
36589,1,8189.0,215.0
36590,1,28727.0,146.0
36591,1,31222.0,146.0
36592,1,26396.0,146.0
36593,1,27408.0,146.0
36594,1,43364.0,146.0
36595,1,6900.0,113.0
36596,1,8581.0,144.0
36597,1,93.0,182.0
36598,1,24893.0,182.0
36599,1,29286.0,182.0
36600,1,1714.0,213.0
36601,1,6313.0,99.0
36602,1,11303.0,166.0
36603,1,1985.0,131.0
36604,1,881.0,187.0
36605,1,102.0,187.0
36606,1,3257.0,166.0
36607,1,5172.0,187.0
36608,1,137100.0,119.0
36609,1,319.0,176.0
36610,1,312.0,125.0
36611,1,93.0,125.0
36612,1,1303.0,119.0
36613,1,555.0,167.0
36614,1,989.0,347.0
36615,1,8481.0,188.0
36616,1,133.0,188.0
36617,1,848.0,187.0
36618,1,70767.0,198.0
36619,1,546.0,124.0
36620,1,115263.0,125.0
36621,1,133.0,180.0
36622,1,21379.0,135.0
36623,1,6062.0,127.0
36624,1,5441.0,127.0
36625,1,2345.0,203.0
36626,1,93.0,146.0
36627,1,31.0,146.0
36628,1,109.0,146.0
36629,1,46.0,146.0
36630,1,156.0,146.0
36631,1,471.0,146.0
36632,1,58.0,146.0
36633,1,251.0,146.0
36634,1,297.0,146.0
36635,1,156.0,133.0
36636,1,1734.0,112.0
36637,1,2921.0,112.0
36638,1,41283.0,154.0
36639,1,2099.0,188.0
36640,1,28236.0,132.0
36641,1,28767.0,132.0
36642,1,12225.0,177.0
36643,1,4255.0,210.0
36644,1,4207.0,181.0
36645,1,698.0,181.0
36646,1,18965.0,117.0
36647,1,214.0,181.0
36648,1,1373.0,180.0
36649,1,1391.0,180.0
36650,1,2405.0,180.0
36651,1,7062.0,135.0
36652,1,3375.0,188.0
36653,1,300045.0,136.0
36654,1,7977.0,187.0
36655,1,9158.0,187.0
36656,1,5004.0,114.0
36657,1,4955.0,114.0
36658,1,36.0,210.0
36659,1,7349.0,114.0
36660,1,10541.0,134.0
36661,1,8641.0,141.0
36662,1,2159.0,181.0
36663,1,602.0,194.0
36664,1,241.0,333.0
36665,1,410.0,183.0
36666,1,16.0,197.0
36667,1,3980.0,157.0
36668,1,4950.0,172.0
36669,1,3140.0,111.0
36670,1,641.0,157.0
36671,1,2171.0,111.0
36672,1,17.0,198.0
36673,1,31872.0,143.0
36674,1,281.0,129.0
36675,1,6826.0,144.0
36676,1,1016.0,142.0
36677,1,2693.0,194.0
36678,1,2831.0,194.0
36679,1,3263.0,194.0
36680,1,1210.0,194.0
36681,1,149.0,190.0
36682,1,1666.0,190.0
36683,1,1558.0,190.0
36684,1,784.0,358.0
36685,1,39.0,358.0
36686,1,4283.0,358.0
36687,1,1326.0,200.0
36688,1,2492.0,195.0
36689,1,1871.0,195.0
36690,1,52.0,195.0
36691,1,1004.0,195.0
36692,1,470.0,195.0
36693,1,3394.0,161.0
36694,1,3450.0,161.0
36695,1,2107.0,132.0
36696,1,319.0,161.0
36697,1,1734.0,129.0
36698,1,37964.0,129.0
36699,1,78.0,149.0
36700,1,293.0,234.0
36701,1,79.0,234.0
36702,1,14163.0,150.0
36703,1,443.0,152.0
36704,1,30597.0,234.0
36705,1,20.0,234.0
36706,1,22278.0,166.0
36707,1,20566.0,176.0
36708,1,19675.0,166.0
36709,1,2318.0,166.0
36710,1,1471.0,753.0
36711,1,1543.0,188.0
36712,1,702.0,185.0
36713,1,6761.0,221.0
36714,1,12.0,190.0
36715,1,2279.0,190.0
36716,1,1401.0,204.0
36717,1,69.0,190.0
36718,1,312.0,125.0
36719,1,14289.0,122.0
36720,1,1484.0,122.0
36721,1,116.0,301.0
36722,1,65405.0,128.0
36723,1,637.0,129.0
36724,1,4208.0,119.0
36725,1,2096.0,200.0
36726,1,2535.0,152.0
36727,1,2065.0,152.0
36728,1,11389.0,186.0
36729,1,20022.0,140.0
36730,1,7719.0,202.0
36731,1,7783.0,202.0
36732,1,8220.0,202.0
36733,1,6581.0,202.0
36734,1,20090.0,202.0
36735,1,20203.0,202.0
36736,1,34896.0,202.0
36737,1,6798.0,202.0
36738,1,4309.0,202.0
36739,1,6626.0,202.0
36740,1,6235.0,202.0
36741,1,189.0,114.0
36742,1,365.0,110.0
36743,1,31.0,140.0
36744,1,2348.0,130.0
36745,1,199.0,329.0
36746,1,2669.0,121.0
36747,1,1722.0,121.0
36748,1,56730.0,152.0
36749,1,31.0,130.0
36750,1,359.0,122.0
36751,1,743.0,125.0
36752,1,56.0,179.0
36753,1,4670.0,174.0
36754,1,6904.0,207.0
36755,1,1502.0,125.0
36756,1,123783.0,125.0
36757,1,5016.0,114.0
36758,1,5034.0,114.0
36759,1,5892.0,138.0
36760,1,3356.0,190.0
36761,1,453.0,130.0
36762,1,468.0,125.0
36763,1,3244.0,111.0
36764,1,897.0,196.0
36765,1,838.0,179.0
36766,1,84.0,181.0
36767,1,32915.0,131.0
36768,1,21877.0,202.0
36769,1,21752.0,202.0
36770,1,8236.0,202.0
36771,1,93941.0,133.0
36772,1,784.0,114.0
36773,1,9431.0,123.0
36774,1,10042.0,212.0
36775,1,937.0,187.0
36776,1,119.0,187.0
36777,1,16022.0,187.0
36778,1,13828.0,125.0
36779,1,1965.0,121.0
36780,1,109.0,124.0
36781,1,4783.0,134.0
36782,1,10330.0,134.0
36783,1,7589.0,113.0
36784,1,12652.0,114.0
36785,1,4670.0,122.0
36786,1,29.0,200.0
36787,1,187.0,125.0
36788,1,300100.0,125.0
36789,1,171898.0,364.0
36790,1,206241.0,364.0
36791,1,393.0,205.0
36792,1,42356.0,174.0
36793,1,46.0,122.0
36794,1,6486.0,134.0
36795,1,7575.0,134.0
36796,1,4805.0,123.0
36797,1,12.0,190.0
36798,1,45030.0,214.0
36799,1,4136.0,150.0
36800,1,4750.0,130.0
36801,1,5531.0,130.0
36802,1,4167.0,130.0
36803,1,34647.0,173.0
36804,1,12776.0,342.0
36805,1,406.0,213.0
36806,1,296.0,213.0
36807,1,250.0,138.0
36808,1,300054.0,134.0
36809,1,294.0,209.0
36810,1,21330.0,133.0
36811,1,36170.0,263.0
36812,1,1040.0,186.0
36813,1,31.0,186.0
36814,1,252.0,207.0
36815,1,654.0,207.0
36816,1,21817.0,133.0
36817,1,974.0,189.0
36818,1,1227.0,129.0
36819,1,1892.0,121.0
36820,1,3304.0,164.0
36821,1,125.0,122.0
36822,1,453.0,125.0
36823,1,354.0,176.0
36824,1,23278.0,151.0
36825,1,6506.0,139.0
36826,1,291.0,209.0
36827,1,2612.0,116.0
36828,1,187.0,139.0
36829,1,140.0,139.0
36830,1,10.0,199.0
36831,1,7506.0,201.0
36832,1,762.0,115.0
36833,1,1176.0,185.0
36834,1,6934.0,207.0
36835,1,1427.0,688.0
36836,1,1123.0,688.0
36837,1,308.0,688.0
36838,1,1325.0,688.0
36839,1,1313.0,688.0
36840,1,644.0,177.0
36841,1,1433.0,175.0
36842,1,7699.0,175.0
36843,1,711.0,175.0
36844,1,692.0,125.0
36845,1,4706.0,192.0
36846,1,5133.0,192.0
36847,1,3035.0,164.0
36848,1,1718.0,124.0
36849,1,2564.0,124.0
36850,1,1562.0,124.0
36851,1,2000.0,124.0
36852,1,7250.0,124.0
36853,1,37929.0,166.0
36854,1,300048.0,129.0
36855,1,718.0,117.0
36856,1,3959.0,202.0
36857,1,89.0,216.0
36858,1,6500.0,210.0
36859,1,93.0,142.0
36860,1,19.0,216.0
36861,1,78.0,198.0
36862,1,68.0,198.0
36863,1,13334.0,198.0
36864,1,31638.0,198.0
36865,1,86.0,198.0
36866,1,419.0,198.0
36867,1,375.0,159.0
36868,1,437.0,128.0
36869,1,15.0,137.0
36870,1,300102.0,137.0
36871,1,207.0,191.0
36872,1,3486.0,186.0
36873,1,2909.0,139.0
36874,1,734.0,139.0
36875,1,234.0,139.0
36876,1,34474.0,216.0
36877,1,786.0,222.0
36878,1,82062.0,117.0
36879,1,196.0,234.0
36880,1,375.0,234.0
36881,1,15.0,234.0
36882,1,1671.0,129.0
36883,1,145.0,129.0
36884,1,134870.0,146.0
36885,1,31927.0,146.0
36886,1,5618.0,143.0
36887,1,3717.0,109.0
36888,1,12721.0,115.0
36889,1,203.0,129.0
36890,1,54919.0,209.0
36891,1,256722.0,218.0
36892,1,130999.0,218.0
36893,1,585.0,199.0
36894,1,1089.0,1032.0
36895,1,1030.0,180.0
36896,1,4954.0,245.0
36897,1,17556.0,245.0
36898,1,10091.0,245.0
36899,1,46.0,125.0
36900,1,501.0,224.0
36901,1,391438.0,114.0
36902,1,124.0,201.0
36903,1,62.0,125.0
36904,1,60921.0,125.0
36905,1,1261.0,125.0
36906,1,553.0,125.0
36907,1,2360.0,224.0
36908,1,279.0,195.0
36909,1,4643.0,210.0
36910,1,3930.0,249.0
36911,1,87420.0,458.0
36912,1,24411.0,119.0
36913,1,359.0,119.0
36914,1,5830.0,119.0
36915,1,499.0,146.0
36916,1,1346.0,132.0
36917,1,49472.0,138.0
36918,1,1261.0,186.0
36919,1,890.0,139.0
36920,1,156.0,139.0
36921,1,6682.0,210.0
36922,1,48624.0,136.0
36923,1,5548.0,126.0
36924,1,18071.0,137.0
36925,1,2666.0,194.0
36926,1,12550.0,114.0
36927,1,82.0,186.0
36928,1,39430.0,136.0
36929,1,547538.0,129.0
36930,1,654.0,178.0
36931,1,101066.0,235.0
36932,1,467220.0,210.0
36933,1,3027.0,229.0
36934,1,6434.0,245.0
36935,1,9006.0,245.0
36936,1,12183.0,245.0
36937,1,6587.0,245.0
36938,1,3106.0,245.0
36939,1,4079.0,245.0
36940,1,9336.0,245.0
36941,1,11232.0,168.0
36942,1,28195.0,168.0
36943,1,25503.0,168.0
36944,1,1723.0,168.0
36945,1,1914.0,229.0
36946,1,20559.0,210.0
36947,1,2008.0,229.0
36948,1,14263.0,198.0
36949,1,113.0,125.0
36950,1,15725.0,105.0
36951,1,4375.0,105.0
36952,1,6926.0,194.0
36953,1,1183.0,126.0
36954,1,410.0,126.0
36955,1,28551.0,126.0
36956,1,190.0,126.0
36957,1,640.0,126.0
36958,1,40.0,199.0
36959,1,231.0,155.0
36960,1,553.0,155.0
36961,1,392.0,155.0
36962,1,3062.0,133.0
36963,1,170.0,210.0
36964,1,251.0,113.0
36965,1,13063.0,178.0
36966,1,39.0,199.0
36967,1,2000.0,126.0
36968,1,5035.0,206.0
36969,1,6321.0,190.0
36970,1,990.0,374.0
36971,1,9997.0,127.0
36972,1,1515.0,123.0
36973,1,82318.0,129.0
36974,1,1312.0,123.0
36975,1,774.0,142.0
36976,1,14493.0,135.0
36977,1,829.0,233.0
36978,1,810.0,111.0
36979,1,2723.0,172.0
36980,1,324.0,179.0
36981,1,1909.0,129.0
36982,1,10122.0,114.0
36983,1,7764.0,180.0
36984,1,106699.0,99.0
36985,1,3984.0,123.0
36986,1,2443.0,125.0
36987,1,4515.0,134.0
36988,1,1232.0,125.0
36989,1,31902.0,104.0
36990,1,63522.0,104.0
36991,1,4494.0,104.0
36992,1,1926.0,168.0
36993,1,10706.0,78.0
36994,1,1139.0,229.0
36995,1,1992.0,229.0
36996,1,2579.0,105.0
36997,1,50371.0,105.0
36998,1,520.0,105.0
36999,1,359.0,105.0
37000,1,2051.0,229.0
37001,1,1933.0,229.0
37002,1,362.0,129.0
37003,1,127596.0,129.0
37004,1,401.0,207.0
37005,1,1642.0,186.0
37006,1,62.0,129.0
37007,1,6328.0,126.0
37008,1,187.0,129.0
37009,1,7131.0,129.0
37010,1,78861.0,131.0
37011,1,124.0,129.0
37012,1,6235.0,110.0
37013,1,0.0,117.0
37014,1,3096.0,114.0
37015,1,2127.0,111.0
37016,1,2359.0,111.0
37017,1,6268.0,191.0
37018,1,1026.0,191.0
37019,1,9617.0,192.0
37020,1,1816.0,192.0
37021,1,1390.0,195.0
37022,1,335.0,126.0
37023,1,3720.0,202.0
37024,1,14521.0,189.0
37025,1,381.0,200.0
37026,1,1750.0,152.0
37027,1,226.0,176.0
37028,1,154.0,129.0
37029,1,4370.0,114.0
37030,1,31.0,127.0
37031,1,1026.0,150.0
37032,1,6294.0,185.0
37033,1,6680.0,127.0
37034,1,18917.0,176.0
37035,1,4336.0,185.0
37036,1,36803.0,176.0
37037,1,731.0,178.0
37038,1,66.0,178.0
37039,1,3761.0,175.0
37040,1,2137.0,175.0
37041,1,5406.0,186.0
37042,1,2441.0,175.0
37043,1,126.0,192.0
37044,1,53.0,178.0
37045,1,8290.0,193.0
37046,1,3390.0,193.0
37047,1,1082.0,185.0
37048,1,410.0,186.0
37049,1,3748.0,150.0
37050,1,260.0,187.0
37051,1,10256.0,126.0
37052,1,863.0,187.0
37053,1,4255.0,137.0
37054,1,3227.0,109.0
37055,1,15.0,165.0
37056,1,4202.0,466.0
37057,1,3646.0,134.0
37058,1,46.0,113.0
37059,1,9124.0,139.0
37060,1,186.0,178.0
37061,1,4968.0,155.0
37062,1,46.0,113.0
37063,1,139.0,113.0
37064,1,21094.0,136.0
37065,1,12.0,114.0
37066,1,204.0,114.0
37067,1,65.0,173.0
37068,1,773.0,173.0
37069,1,76.0,195.0
37070,1,1181.0,198.0
37071,1,1810.0,189.0
37072,1,11971.0,198.0
37073,1,1482.0,187.0
37074,1,1034.0,187.0
37075,1,9458.0,181.0
37076,1,300076.0,129.0
37077,1,37.0,197.0
37078,1,2849.0,180.0
37079,1,845.0,195.0
37080,1,30.0,113.0
37081,1,359.0,104.0
37082,1,527.0,114.0
37083,1,601.0,114.0
37084,1,1991.0,180.0
37085,1,531.0,137.0
37086,1,190445.0,261.0
37087,1,781.0,135.0
37088,1,1264.0,117.0
37089,1,12842.0,117.0
37090,1,2551.0,115.0
37091,1,1781.0,122.0
37092,1,14341.0,123.0
37093,1,2054.0,162.0
37094,1,2714.0,141.0
37095,1,882.0,123.0
37096,1,7862.0,178.0
37097,1,472.0,190.0
37098,1,37.0,180.0
37099,1,625.0,180.0
37100,1,189.0,180.0
37101,1,63.0,180.0
37102,1,942.0,180.0
37103,1,301.0,180.0
37104,1,214.0,180.0
37105,1,597.0,180.0
37106,1,26900.0,190.0
37107,1,171.0,127.0
37108,1,1576.0,178.0
37109,1,202.0,102.0
37110,1,3763.0,176.0
37111,1,1749.0,125.0
37112,1,705.0,115.0
37113,1,116558.0,139.0
37114,1,5044.0,117.0
37115,1,110719.0,153.0
37116,1,514.0,653.0
37117,1,432.0,227.0
37118,1,2123.0,122.0
37119,1,25279.0,135.0
37120,1,31.0,108.0
37121,1,468.0,180.0
37122,1,343.0,122.0
37123,1,1906.0,133.0
37124,1,12302.0,125.0
37125,1,2074.0,233.0
37126,1,485.0,233.0
37127,1,2375.0,111.0
37128,1,4265.0,191.0
37129,1,499.0,197.0
37130,1,1435.0,132.0
37131,1,156.0,113.0
37132,1,20334.0,123.0
37133,1,15124.0,123.0
37134,1,23149.0,195.0
37135,1,16281.0,961.0
37136,1,18359.0,961.0
37137,1,203.0,115.0
37138,1,3490.0,191.0
37139,1,9811.0,191.0
37140,1,24419.0,155.0
37141,1,2422.0,155.0
37142,1,2139.0,117.0
37143,1,2468.0,127.0
37144,1,4843.0,189.0
37145,1,44.0,193.0
37146,1,446.0,193.0
37147,1,18.0,193.0
37148,1,1769.0,193.0
37149,1,1616.0,193.0
37150,1,3921.0,137.0
37151,1,500.0,133.0
37152,1,1556.0,176.0
37153,1,406.0,137.0
37154,1,1140.0,137.0
37155,1,65.0,137.0
37156,1,375.0,137.0
37157,1,31.0,113.0
37158,1,2039.0,135.0
37159,1,46.0,156.0
37160,1,46.0,156.0
37161,1,93.0,156.0
37162,1,203.0,156.0
37163,1,47.0,156.0
37164,1,46.0,156.0
37165,1,1053.0,189.0
37166,1,6360.0,189.0
37167,1,1781.0,189.0
37168,1,625.0,216.0
37169,1,2751.0,216.0
37170,1,854.0,216.0
37171,1,579.0,216.0
37172,1,2293.0,216.0
37173,1,16938.0,216.0
37174,1,2042.0,189.0
37175,1,157.0,113.0
37176,1,812.0,137.0
37177,1,139.0,137.0
37178,1,20.0,218.0
37179,1,53698.0,218.0
37180,1,15143.0,218.0
37181,1,40257.0,218.0
37182,1,1026.0,218.0
37183,1,20968.0,178.0
37184,1,16.0,180.0
37185,1,4038.0,127.0
37186,1,1519.0,180.0
37187,1,396.0,187.0
37188,1,46.0,156.0
37189,1,46.0,156.0
37190,1,46.0,156.0
37191,1,88.0,156.0
37192,1,2344.0,156.0
37193,1,860.0,147.0
37194,1,2168.0,147.0
37195,1,1424.0,227.0
37196,1,565.0,195.0
37197,1,2765.0,125.0
37198,1,1437.0,109.0
37199,1,1441.0,187.0
37200,1,25157.0,961.0
37201,1,30736.0,961.0
37202,1,2283.0,187.0
37203,1,3859.0,141.0
37204,1,6496.0,190.0
37205,1,704.0,200.0
37206,1,25636.0,123.0
37207,1,31.0,156.0
37208,1,241.0,187.0
37209,1,16.0,156.0
37210,1,315.0,187.0
37211,1,31.0,156.0
37212,1,31.0,156.0
37213,1,32381.0,142.0
37214,1,451.0,147.0
37215,1,1708.0,147.0
37216,1,359.0,147.0
37217,1,1241.0,191.0
37218,1,63.0,156.0
37219,1,7796.0,192.0
37220,1,18803.0,192.0
37221,1,93.0,137.0
37222,1,494.0,187.0
37223,1,228.0,180.0
37224,1,799.0,137.0
37225,1,139554.0,92.0
37226,1,162561.0,92.0
37227,1,625.0,127.0
37228,1,50.0,180.0
37229,1,46.0,156.0
37230,1,45.0,180.0
37231,1,207.0,180.0
37232,1,114097.0,88.0
37233,1,137.0,180.0
37234,1,704.0,123.0
37235,1,81.0,180.0
37236,1,172.0,109.0
37237,1,661.0,109.0
37238,1,38480.0,143.0
37239,1,41.0,180.0
37240,1,504247.0,221.0
37241,1,1640.0,221.0
37242,1,10083.0,113.0
37243,1,19282.0,243.0
37244,1,4337.0,201.0
37245,1,4040.0,218.0
37246,1,352.0,186.0
37247,1,43.0,180.0
37248,1,5803.0,177.0
37249,1,569.0,184.0
37250,1,1667.0,180.0
37251,1,176.0,110.0
37252,1,151.0,180.0
37253,1,7900.0,128.0
37254,1,31545.0,140.0
37255,1,300185.0,130.0
37256,1,8453.0,130.0
37257,1,2273.0,221.0
37258,1,600140.0,221.0
37259,1,24365.0,221.0
37260,1,21568.0,221.0
37261,1,21568.0,221.0
37262,1,15.0,156.0
37263,1,47.0,156.0
37264,1,31.0,156.0
37265,1,46.0,156.0
37266,1,124.0,156.0
37267,1,274.0,180.0
37268,1,46.0,156.0
37269,1,45.0,156.0
37270,1,395.0,180.0
37271,1,46.0,156.0
37272,1,1108.0,171.0
37273,1,4107.0,192.0
37274,1,109.0,192.0
37275,1,1793.0,112.0
37276,1,111.0,180.0
37277,1,376.0,180.0
37278,1,5357.0,178.0
37279,1,3919.0,112.0
37280,1,9337.0,123.0
37281,1,2707.0,145.0
37282,1,243.0,113.0
37283,1,95.0,180.0
37284,1,940.0,172.0
37285,1,636.0,190.0
37286,1,926.0,190.0
37287,1,1734.0,137.0
37288,1,27608.0,161.0
37289,1,220.0,186.0
37290,1,93.0,243.0
37291,1,9349.0,149.0
37292,1,746.0,168.0
37293,1,1231.0,107.0
37294,1,397.0,180.0
37295,1,1518.0,181.0
37296,1,78084.0,98.0
37297,1,20290.0,281.0
37298,1,13951.0,108.0
37299,1,3375.0,148.0
37300,1,179.0,176.0
37301,1,3427.0,118.0
37302,1,3521.0,180.0
37303,1,1144.0,92.0
37304,1,11555.0,174.0
37305,1,11597.0,174.0
37306,1,10368.0,174.0
37307,1,11953.0,174.0
37308,1,5692.0,184.0
37309,1,265.0,92.0
37310,1,546.0,178.0
37311,1,165488.0,180.0
37312,1,1642.0,119.0
37313,1,716.0,208.0
37314,1,2230.0,208.0
37315,1,1993.0,205.0
37316,1,86673.0,130.0
37317,1,5904.0,114.0
37318,1,62.0,156.0
37319,1,5688.0,194.0
37320,1,503.0,111.0
37321,1,367.0,193.0
37322,1,4169.0,211.0
37323,1,4886.0,110.0
37324,1,42789.0,108.0
37325,1,914.0,177.0
37326,1,16.0,244.0
37327,1,28889.0,108.0
37328,1,10109.0,108.0
37329,1,5002.0,108.0
37330,1,50813.0,109.0
37331,1,9513.0,131.0
37332,1,1608.0,131.0
37333,1,139.0,212.0
37334,1,1517.0,108.0
37335,1,995.0,103.0
37336,1,1182.0,103.0
37337,1,90679.0,103.0
37338,1,557.0,103.0
37339,1,601.0,212.0
37340,1,278738.0,281.0
37341,1,19754.0,281.0
37342,1,2768.0,281.0
37343,1,2835.0,281.0
37344,1,69478.0,124.0
37345,1,17742.0,423.0
37346,1,2171.0,114.0
37347,1,10112.0,174.0
37348,1,265.0,129.0
37349,1,17861.0,202.0
37350,1,318.0,263.0
37351,1,1794.0,142.0
37352,1,3135.0,142.0
37353,1,13932.0,108.0
37354,1,1899.0,194.0
37355,1,1663.0,194.0
37356,1,4644.0,142.0
37357,1,111450.0,108.0
37358,1,819.0,194.0
37359,1,13701.0,108.0
37360,1,65338.0,115.0
37361,1,283.0,176.0
37362,1,1234.0,196.0
37363,1,63.0,193.0
37364,1,44.0,193.0
37365,1,2101.0,202.0
37366,1,2998.0,108.0
37367,1,1118.0,195.0
37368,1,13167.0,142.0
37369,1,3322.0,121.0
37370,1,2743.0,306.0
37371,1,278.0,195.0
37372,1,3829.0,195.0
37373,1,1155.0,195.0
37374,1,10272.0,347.0
37375,1,2004.0,347.0
37376,1,168.0,198.0
37377,1,365.0,182.0
37378,1,176.0,198.0
37379,1,1359.0,183.0
37380,1,1884.0,198.0
37381,1,6894.0,198.0
37382,1,880.0,123.0
37383,1,48387.0,183.0
37384,1,6364.0,306.0
37385,1,104829.0,306.0
37386,1,1681.0,187.0
37387,1,717.0,187.0
37388,1,93.0,129.0
37389,1,3749.0,187.0
37390,1,840.0,187.0
37391,1,421207.0,129.0
37392,1,111.0,195.0
37393,1,818.0,195.0
37394,1,636.0,92.0
37395,1,20809.0,221.0
37396,1,237.0,209.0
37397,1,706.0,106.0
37398,1,5947.0,182.0
37399,1,675.0,92.0
37400,1,3239.0,187.0
37401,1,69.0,187.0
37402,1,1929.0,92.0
37403,1,1267.0,198.0
37404,1,674.0,92.0
37405,1,71.0,198.0
37406,1,1006.0,198.0
37407,1,4541.0,190.0
37408,1,62517.0,124.0
37409,1,58431.0,126.0
37410,1,1547.0,113.0
37411,1,1049.0,92.0
37412,1,151.0,198.0
37413,1,265.0,173.0
37414,1,451.0,177.0
37415,1,6011.0,177.0
37416,1,1769.0,124.0
37417,1,1265.0,207.0
37418,1,6251.0,207.0
37419,1,10113.0,202.0
37420,1,2311.0,169.0
37421,1,3796.0,159.0
37422,1,9182.0,132.0
37423,1,3694.0,146.0
37424,1,6327.0,146.0
37425,1,2256.0,146.0
37426,1,7899.0,146.0
37427,1,5867.0,146.0
37428,1,220.0,115.0
37429,1,2800.0,106.0
37430,1,450.0,177.0
37431,1,187.0,113.0
37432,1,3967.0,98.0
37433,1,2373.0,98.0
37434,1,83.0,163.0
37435,1,10614.0,186.0
37436,1,84482.0,136.0
37437,1,18952.0,136.0
37438,1,250.0,129.0
37439,1,1604.0,118.0
37440,1,1080.0,116.0
37441,1,449.0,182.0
37442,1,136.0,104.0
37443,1,124.0,104.0
37444,1,738.0,195.0
37445,1,305.0,195.0
37446,1,216.0,195.0
37447,1,237.0,104.0
37448,1,11225.0,132.0
37449,1,4160.0,392.0
37450,1,57932.0,132.0
37451,1,1247.0,187.0
37452,1,2064.0,117.0
37453,1,6970.0,117.0
37454,1,2972.0,195.0
37455,1,8648.0,92.0
37456,1,93.0,92.0
37457,1,1485.0,92.0
37458,1,3144.0,92.0
37459,1,111236.0,159.0
37460,1,148188.0,159.0
37461,1,4184.0,213.0
37462,1,30864.0,199.0
37463,1,30427.0,199.0
37464,1,14109.0,191.0
37465,1,89798.0,112.0
37466,1,0.0,137.0
37467,1,1229.0,187.0
37468,1,8.0,176.0
37469,1,406.0,183.0
37470,1,375.0,163.0
37471,1,1796.0,133.0
37472,1,171.0,122.0
37473,1,13.0,169.0
37474,1,10002.0,169.0
37475,1,3894.0,186.0
37476,1,1456.0,115.0
37477,1,11.0,109.0
37478,1,2682.0,184.0
37479,1,177110.0,120.0
37480,1,1845.0,189.0
37481,1,0.0,109.0
37482,1,41920.0,110.0
37483,1,1031.0,116.0
37484,1,1144.0,116.0
37485,1,120724.0,159.0
37486,1,15077.0,237.0
37487,1,5467.0,237.0
37488,1,15069.0,121.0
37489,1,3896.0,195.0
37490,1,2288.0,195.0
37491,1,64895.0,159.0
37492,1,383.0,187.0
37493,1,0.0,159.0
37494,1,1187.0,132.0
37495,1,3174.0,186.0
37496,1,1066.0,126.0
37497,1,2144.0,126.0
37498,1,2145.0,145.0
37499,1,191472.0,115.0
37500,1,13831.0,123.0
37501,1,245.0,198.0
37502,1,96586.0,134.0
37503,1,2111.0,153.0
37504,1,687.0,137.0
37505,1,515.0,137.0
37506,1,269.0,188.0
37507,1,62.0,125.0
37508,1,108.0,125.0
37509,1,17097.0,125.0
37510,1,1006.0,125.0
37511,1,40985.0,125.0
37512,1,20567.0,125.0
37513,1,2618.0,113.0
37514,1,1603.0,198.0
37515,1,65.0,101.0
37516,1,6177.0,119.0
37517,1,13620.0,119.0
37518,1,4960.0,205.0
37519,1,481.0,132.0
37520,1,9722.0,139.0
37521,1,2867.0,178.0
37522,1,218.0,136.0
37523,1,71.0,178.0
37524,1,32.0,214.0
37525,1,255.0,254.0
37526,1,7848.0,254.0
37527,1,7367.0,254.0
37528,1,5541.0,153.0
37529,1,31.0,120.0
37530,1,109.0,100.0
37531,1,4517.0,217.0
37532,1,1415.0,143.0
37533,1,3616.0,108.0
37534,1,2630.0,108.0
37535,1,26407.0,117.0
37536,1,7829.0,254.0
37537,1,7031.0,254.0
37538,1,602.0,203.0
37539,1,1395.0,99.0
37540,1,2141.0,99.0
37541,1,2309.0,136.0
37542,1,107.0,244.0
37543,1,676.0,244.0
37544,1,6307.0,191.0
37545,1,110.0,202.0
37546,1,2052.0,184.0
37547,1,1369.0,195.0
37548,1,40.0,244.0
37549,1,16624.0,129.0
37550,1,608.0,129.0
37551,1,14264.0,129.0
37552,1,19.0,244.0
37553,1,703.0,129.0
37554,1,15.0,129.0
37555,1,179.0,188.0
37556,1,21.0,244.0
37557,1,19957.0,244.0
37558,1,5142.0,181.0
37559,1,19763.0,244.0
37560,1,2581.0,119.0
37561,1,9614.0,168.0
37562,1,2707.0,112.0
37563,1,8998.0,182.0
37564,1,1595.0,131.0
37565,1,43777.0,131.0
37566,1,188.0,166.0
37567,1,46.0,166.0
37568,1,672.0,132.0
37569,1,1144.0,132.0
37570,1,3202.0,176.0
37571,1,1189.0,217.0
37572,1,7551.0,189.0
37573,1,912.0,159.0
37574,1,2328.0,188.0
37575,1,312.0,113.0
37576,1,10751.0,137.0
37577,1,15145.0,211.0
37578,1,1544.0,193.0
37579,1,4794.0,183.0
37580,1,328.0,120.0
37581,1,15.0,116.0
37582,1,8707.0,107.0
37583,1,7600.0,117.0
37584,1,109.0,130.0
37585,1,1609.0,120.0
37586,1,87503.0,127.0
37587,1,6403.0,124.0
37588,1,30654.0,180.0
37589,1,3906.0,153.0
37590,1,12755.0,211.0
37591,1,12409.0,211.0
37592,1,13443.0,211.0
37593,1,7582.0,211.0
37594,1,6064.0,211.0
37595,1,956.0,120.0
37596,1,16737.0,211.0
37597,1,27800.0,338.0
37598,1,1941.0,150.0
37599,1,2497.0,120.0
37600,1,2872.0,124.0
37601,1,281.0,120.0
37602,1,562.0,133.0
37603,1,145508.0,216.0
37604,1,484.0,120.0
37605,1,578.0,137.0
37606,1,141646.0,130.0
37607,1,9030.0,130.0
37608,1,9263.0,130.0
37609,1,4524.0,137.0
37610,1,605.0,188.0
37611,1,24824.0,200.0
37612,1,937.0,183.0
37613,1,721.0,130.0
37614,1,309.0,130.0
37615,1,5923.0,114.0
37616,1,21266.0,195.0
37617,1,14572.0,195.0
37618,1,1885.0,130.0
37619,1,2484.0,130.0
37620,1,2609.0,153.0
37621,1,6109.0,153.0
37622,1,5008.0,115.0
37623,1,1046.0,204.0
37624,1,3222.0,122.0
37625,1,109.0,193.0
37626,1,1551.0,138.0
37627,1,750.0,143.0
37628,1,16948.0,181.0
37629,1,47.0,166.0
37630,1,157.0,166.0
37631,1,36.0,166.0
37632,1,93.0,166.0
37633,1,204.0,166.0
37634,1,93.0,166.0
37635,1,47.0,166.0
37636,1,421.0,138.0
37637,1,17998.0,216.0
37638,1,11445.0,216.0
37639,1,138579.0,216.0
37640,1,91121.0,216.0
37641,1,7513.0,216.0
37642,1,3080.0,116.0
37643,1,30596.0,188.0
37644,1,40717.0,122.0
37645,1,50.0,199.0
37646,1,15726.0,144.0
37647,1,8030.0,125.0
37648,1,469.0,114.0
37649,1,204.0,114.0
37650,1,261705.0,153.0
37651,1,12043.0,205.0
37652,1,5519.0,175.0
37653,1,150.0,254.0
37654,1,56824.0,153.0
37655,1,337.0,254.0
37656,1,29708.0,131.0
37657,1,359.0,131.0
37658,1,81.0,254.0
37659,1,141905.0,152.0
37660,1,996.0,254.0
37661,1,824.0,200.0
37662,1,46.0,254.0
37663,1,46.0,118.0
37664,1,203.0,120.0
37665,1,15.0,118.0
37666,1,1151.0,170.0
37667,1,4435.0,200.0
37668,1,294.0,113.0
37669,1,235.0,244.0
37670,1,832.0,205.0
37671,1,120.0,205.0
37672,1,7260.0,215.0
37673,1,43193.0,120.0
37674,1,8.0,199.0
37675,1,20886.0,168.0
37676,1,4338.0,152.0
37677,1,4417.0,152.0
37678,1,41891.0,152.0
37679,1,5822.0,152.0
37680,1,3544.0,255.0
37681,1,446.0,255.0
37682,1,2408.0,127.0
37683,1,836.0,194.0
37684,1,867.0,194.0
37685,1,783.0,194.0
37686,1,27147.0,122.0
37687,1,10290.0,181.0
37688,1,11515.0,181.0
37689,1,12320.0,181.0
37690,1,1990.0,112.0
37691,1,165615.0,204.0
37692,1,401.0,190.0
37693,1,883.0,190.0
37694,1,3241.0,192.0
37695,1,6294.0,115.0
37696,1,218.0,131.0
37697,1,6323.0,191.0
37698,1,100782.0,191.0
37699,1,15383.0,191.0
37700,1,1040.0,184.0
37701,1,1425.0,200.0
37702,1,5708.0,132.0
37703,1,17558.0,176.0
37704,1,1320.0,111.0
37705,1,610.0,136.0
37706,1,687.0,136.0
37707,1,26917.0,125.0
37708,1,1437.0,133.0
37709,1,1047.0,198.0
37710,1,580.0,175.0
37711,1,38974.0,181.0
37712,1,1872.0,181.0
37713,1,1594.0,106.0
37714,1,524.0,175.0
37715,1,66.0,175.0
37716,1,70.0,175.0
37717,1,139901.0,216.0
37718,1,136539.0,216.0
37719,1,133898.0,216.0
37720,1,616.0,167.0
37721,1,180.0,198.0
37722,1,75683.0,132.0
37723,1,9938.0,131.0
37724,1,242214.0,144.0
37725,1,831.0,193.0
37726,1,1030.0,193.0
37727,1,102925.0,119.0
37728,1,3241.0,176.0
37729,1,2412.0,194.0
37730,1,600616.0,253.0
37731,1,828.0,154.0
37732,1,693.0,116.0
37733,1,30436.0,114.0
37734,1,1496.0,116.0
37735,1,12703.0,115.0
37736,1,8399.0,130.0
37737,1,2889.0,179.0
37738,1,4639.0,120.0
37739,1,204.0,166.0
37740,1,6331.0,175.0
37741,1,3148.0,194.0
37742,1,808.0,194.0
37743,1,1732.0,189.0
37744,1,3827.0,188.0
37745,1,338.0,193.0
37746,1,66.0,199.0
37747,1,7234.0,143.0
37748,1,7219.0,143.0
37749,1,407.0,143.0
37750,1,516.0,143.0
37751,1,1030.0,255.0
37752,1,5621.0,199.0
37753,1,142894.0,161.0
37754,1,20580.0,169.0
37755,1,2317.0,189.0
37756,1,1052.0,189.0
37757,1,622.0,123.0
37758,1,26271.0,121.0
37759,1,24441.0,163.0
37760,1,2517.0,206.0
37761,1,793.0,206.0
37762,1,168927.0,115.0
37763,1,6397.0,197.0
37764,1,0.0,110.0
37765,1,313.0,113.0
37766,1,15.0,113.0
37767,1,1013.0,198.0
37768,1,58902.0,135.0
37769,1,15521.0,135.0
37770,1,8860.0,135.0
37771,1,265.0,135.0
37772,1,258902.0,130.0
37773,1,118617.0,130.0
37774,1,718.0,130.0
37775,1,28446.0,130.0
37776,1,296.0,130.0
37777,1,236.0,130.0
37778,1,34.0,404.0
37779,1,364.0,404.0
37780,1,359.0,404.0
37781,1,20764.0,205.0
37782,1,2060.0,147.0
37783,1,5826.0,147.0
37784,1,4178.0,147.0
37785,1,6944.0,147.0
37786,1,2936.0,195.0
37787,1,5.0,195.0
37788,1,10507.0,195.0
37789,1,281.0,130.0
37790,1,29259.0,195.0
37791,1,127791.0,186.0
37792,1,4731.0,191.0
37793,1,128920.0,163.0
37794,1,431.0,180.0
37795,1,18566.0,202.0
37796,1,338.0,167.0
37797,1,87.0,189.0
37798,1,31.0,115.0
37799,1,129202.0,136.0
37800,1,6180.0,136.0
37801,1,188.0,166.0
37802,1,250.0,130.0
37803,1,627.0,163.0
37804,1,47.0,94.0
37805,1,50.0,94.0
37806,1,10.0,181.0
37807,1,21.0,181.0
37808,1,61259.0,119.0
37809,1,7611.0,128.0
37810,1,499.0,128.0
37811,1,473.0,166.0
37812,1,1254.0,163.0
37813,1,8506.0,404.0
37814,1,15741.0,404.0
37815,1,2026.0,120.0
37816,1,109.0,675.0
37817,1,33319.0,257.0
37818,1,38892.0,119.0
37819,1,813.0,115.0
37820,1,536.0,170.0
37821,1,1099.0,163.0
37822,1,2744.0,201.0
37823,1,3348.0,171.0
37824,1,988.0,171.0
37825,1,9736.0,114.0
37826,1,0.0,128.0
37827,1,2140.0,189.0
37828,1,39554.0,189.0
37829,1,19884.0,130.0
37830,1,19796.0,130.0
37831,1,1365.0,113.0
37832,1,6955.0,113.0
37833,1,805.0,113.0
37834,1,2013.0,120.0
37835,1,217254.0,195.0
37836,1,404.0,110.0
37837,1,422.0,190.0
37838,1,37268.0,123.0
37839,1,67000.0,123.0
37840,1,63221.0,214.0
37841,1,11.0,181.0
37842,1,28957.0,122.0
37843,1,127740.0,152.0
37844,1,9814.0,175.0
37845,1,5154.0,130.0
37846,1,15246.0,170.0
37847,1,15449.0,170.0
37848,1,90658.0,186.0
37849,1,2968.0,182.0
37850,1,66.0,181.0
37851,1,22206.0,181.0
37852,1,1518.0,181.0
37853,1,21267.0,181.0
37854,1,10401.0,159.0
37855,1,983.0,120.0
37856,1,45821.0,224.0
37857,1,433419.0,194.0
37858,1,54145.0,113.0
37859,1,543544.0,178.0
37860,1,378.0,188.0
37861,1,3849.0,114.0
37862,1,2598.0,136.0
37863,1,30412.0,181.0
37864,1,18.0,213.0
37865,1,4906.0,128.0
37866,1,2046.0,213.0
37867,1,800.0,254.0
37868,1,82914.0,254.0
37869,1,5420.0,237.0
37870,1,8035.0,237.0
37871,1,4918.0,237.0
37872,1,2049.0,404.0
37873,1,8737.0,404.0
37874,1,291.0,404.0
37875,1,17550.0,226.0
37876,1,14186.0,226.0
37877,1,4214.0,226.0
37878,1,3003.0,226.0
37879,1,1685.0,226.0
37880,1,21447.0,226.0
37881,1,19142.0,226.0
37882,1,14345.0,226.0
37883,1,15440.0,252.0
37884,1,185.0,139.0
37885,1,640.0,139.0
37886,1,1110.0,139.0
37887,1,33007.0,139.0
37888,1,35.0,139.0
37889,1,22460.0,226.0
37890,1,2229.0,171.0
37891,1,13250.0,192.0
37892,1,6715.0,122.0
37893,1,12891.0,170.0
37894,1,8833.0,237.0
37895,1,8595.0,237.0
37896,1,15641.0,237.0
37897,1,3475.0,128.0
37898,1,11805.0,237.0
37899,1,43961.0,189.0
37900,1,3230.0,116.0
37901,1,197.0,181.0
37902,1,578.0,114.0
37903,1,1114.0,114.0
37904,1,9923.0,237.0
37905,1,5725.0,363.0
37906,1,273.0,205.0
37907,1,6437.0,363.0
37908,1,36930.0,363.0
37909,1,1868.0,128.0
37910,1,282.0,139.0
37911,1,31.0,139.0
37912,1,29.0,139.0
37913,1,2416.0,204.0
37914,1,406.0,310.0
37915,1,109.0,310.0
37916,1,31.0,136.0
37917,1,127.0,136.0
37918,1,2112.0,433.0
37919,1,40101.0,108.0
37920,1,1480.0,175.0
37921,1,1061.0,221.0
37922,1,64516.0,363.0
37923,1,25656.0,163.0
37924,1,5865.0,182.0
37925,1,1725.0,201.0
37926,1,468.0,142.0
37927,1,640.0,142.0
37928,1,618.0,354.0
37929,1,5020.0,119.0
37930,1,572.0,187.0
37931,1,136.0,93.0
37932,1,205.0,139.0
37933,1,175.0,139.0
37934,1,771.0,204.0
37935,1,44021.0,134.0
37936,1,0.0,95.0
37937,1,140.0,115.0
37938,1,2692.0,140.0
37939,1,4345.0,123.0
37940,1,0.0,129.0
37941,1,3862.0,149.0
37942,1,78.0,139.0
37943,1,26445.0,149.0
37944,1,16609.0,119.0
37945,1,14379.0,119.0
37946,1,18932.0,119.0
37947,1,19421.0,119.0
37948,1,21050.0,119.0
37949,1,15271.0,119.0
37950,1,17.0,124.0
37951,1,37.0,180.0
37952,1,631.0,178.0
37953,1,2326.0,184.0
37954,1,2358.0,204.0
37955,1,630.0,153.0
37956,1,5168.0,92.0
37957,1,46.0,123.0
37958,1,31.0,123.0
37959,1,93.0,123.0
37960,1,264.0,123.0
37961,1,4458.0,163.0
37962,1,4435.0,214.0
37963,1,86219.0,145.0
37964,1,3934.0,121.0
37965,1,2956.0,186.0
37966,1,165128.0,195.0
37967,1,15.0,115.0
37968,1,605.0,195.0
37969,1,173.0,107.0
37970,1,187.0,107.0
37971,1,332.0,107.0
37972,1,158.0,107.0
37973,1,207.0,107.0
37974,1,10126.0,118.0
37975,1,13767.0,151.0
37976,1,2859.0,123.0
37977,1,3147.0,183.0
37978,1,130.0,183.0
37979,1,1744.0,183.0
37980,1,246.0,183.0
37981,1,63209.0,183.0
37982,1,48343.0,363.0
37983,1,144553.0,363.0
37984,1,19392.0,207.0
37985,1,4744.0,123.0
37986,1,2500.0,123.0
37987,1,275.0,126.0
37988,1,734.0,126.0
37989,1,17225.0,137.0
37990,1,1107.0,137.0
37991,1,2446.0,137.0
37992,1,1616.0,137.0
37993,1,3610.0,137.0
37994,1,180620.0,126.0
37995,1,5718.0,179.0
37996,1,1661.0,178.0
37997,1,5559.0,172.0
37998,1,261.0,161.0
37999,1,8878.0,126.0
38000,1,559.0,111.0
38001,1,4025.0,201.0
38002,1,34820.0,201.0
38003,1,27410.0,363.0
38004,1,61081.0,113.0
38005,1,269.0,113.0
38006,1,1542.0,113.0
38007,1,6436.0,113.0
38008,1,5078.0,113.0
38009,1,53575.0,363.0
38010,1,971.0,137.0
38011,1,1390.0,137.0
38012,1,2823.0,137.0
38013,1,12431.0,137.0
38014,1,406.0,363.0
38015,1,2749.0,137.0
38016,1,31141.0,137.0
38017,1,7863.0,137.0
38018,1,168056.0,137.0
38019,1,7460.0,137.0
38020,1,187.0,137.0
38021,1,22874.0,137.0
38022,1,531.0,132.0
38023,1,3228.0,109.0
38024,1,11170.0,119.0
38025,1,1079.0,111.0
38026,1,222595.0,143.0
38027,1,97938.0,143.0
38028,1,621.0,194.0
38029,1,1000.0,145.0
38030,1,14646.0,184.0
38031,1,1668.0,174.0
38032,1,68887.0,363.0
38033,1,11538.0,151.0
38034,1,3336.0,146.0
38035,1,11872.0,124.0
38036,1,240.0,205.0
38037,1,915.0,215.0
38038,1,3731.0,121.0
38039,1,164152.0,143.0
38040,1,64498.0,143.0
38041,1,88735.0,143.0
38042,1,2140.0,143.0
38043,1,59.0,195.0
38044,1,2046.0,132.0
38045,1,78.0,116.0
38046,1,9411.0,120.0
38047,1,19.0,116.0
38048,1,35658.0,290.0
38049,1,30.0,114.0
38050,1,3972.0,166.0
38051,1,9658.0,166.0
38052,1,1416.0,166.0
38053,1,2334.0,166.0
38054,1,4713.0,123.0
38055,1,499.0,123.0
38056,1,1443.0,166.0
38057,1,444.0,202.0
38058,1,1147.0,166.0
38059,1,55.0,237.0
38060,1,710.0,114.0
38061,1,1202.0,202.0
38062,1,185158.0,143.0
38063,1,93392.0,143.0
38064,1,9206.0,196.0
38065,1,43093.0,165.0
38066,1,438.0,140.0
38067,1,1378.0,140.0
38068,1,6344.0,133.0
38069,1,7267.0,117.0
38070,1,38352.0,191.0
38071,1,187.0,107.0
38072,1,1650.0,145.0
38073,1,15507.0,199.0
38074,1,468.0,125.0
38075,1,531.0,125.0
38076,1,437.0,125.0
38077,1,437.0,125.0
38078,1,328.0,125.0
38079,1,14804.0,178.0
38080,1,630.0,130.0
38081,1,203.0,126.0
38082,1,270675.0,210.0
38083,1,2015.0,215.0
38084,1,1687.0,215.0
38085,1,19472.0,149.0
38086,1,14954.0,149.0
38087,1,4905.0,149.0
38088,1,1524.0,210.0
38089,1,204120.0,210.0
38090,1,1375.0,223.0
38091,1,1652.0,131.0
38092,1,68.0,221.0
38093,1,4392.0,149.0
38094,1,15469.0,149.0
38095,1,37676.0,154.0
38096,1,33061.0,101.0
38097,1,12092.0,114.0
38098,1,106.0,200.0
38099,1,2696.0,166.0
38100,1,1732.0,170.0
38101,1,1680.0,181.0
38102,1,7885.0,211.0
38103,1,16162.0,211.0
38104,1,895.0,211.0
38105,1,32860.0,211.0
38106,1,2732.0,187.0
38107,1,3892.0,196.0
38108,1,3581.0,121.0
38109,1,572.0,121.0
38110,1,2576.0,115.0
38111,1,7591.0,192.0
38112,1,182.0,199.0
38113,1,5058.0,197.0
38114,1,2337.0,196.0
38115,1,2673.0,196.0
38116,1,4219.0,199.0
38117,1,1166.0,196.0
38118,1,1233.0,129.0
38119,1,7121.0,129.0
38120,1,437.0,114.0
38121,1,548.0,114.0
38122,1,6703.0,224.0
38123,1,9412.0,201.0
38124,1,7390.0,201.0
38125,1,338.0,120.0
38126,1,408.0,222.0
38127,1,30543.0,222.0
38128,1,17972.0,207.0
38129,1,2065.0,114.0
38130,1,9734.0,178.0
38131,1,1111.0,187.0
38132,1,1395.0,199.0
38133,1,1534.0,188.0
38134,1,4924.0,96.0
38135,1,2399.0,163.0
38136,1,20.0,243.0
38137,1,27.0,243.0
38138,1,420.0,184.0
38139,1,2100.0,186.0
38140,1,15170.0,201.0
38141,1,78.0,182.0
38142,1,145.0,120.0
38143,1,77896.0,138.0
38144,1,30192.0,138.0
38145,1,1210.0,178.0
38146,1,1210.0,163.0
38147,1,1080.0,178.0
38148,1,47.0,147.0
38149,1,106.0,199.0
38150,1,158.0,199.0
38151,1,90.0,184.0
38152,1,484.0,147.0
38153,1,828.0,109.0
38154,1,5666.0,200.0
38155,1,7626.0,200.0
38156,1,3429.0,200.0
38157,1,3917.0,200.0
38158,1,25984.0,132.0
38159,1,1220.0,107.0
38160,1,25292.0,145.0
38161,1,41122.0,157.0
38162,1,880.0,238.0
38163,1,258609.0,287.0
38164,1,688.0,201.0
38165,1,46087.0,178.0
38166,1,7592.0,196.0
38167,1,1176.0,196.0
38168,1,3381.0,196.0
38169,1,898.0,196.0
38170,1,6827.0,184.0
38171,1,691.0,199.0
38172,1,3667.0,210.0
38173,1,5570.0,210.0
38174,1,4940.0,182.0
38175,1,1323.0,137.0
38176,1,89.0,137.0
38177,1,1231.0,137.0
38178,1,667.0,137.0
38179,1,1879.0,175.0
38180,1,119.0,175.0
38181,1,11444.0,146.0
38182,1,113443.0,134.0
38183,1,790.0,181.0
38184,1,20994.0,193.0
38185,1,2114.0,350.0
38186,1,466.0,114.0
38187,1,1079.0,350.0
38188,1,2876.0,143.0
38189,1,2481.0,143.0
38190,1,1133.0,222.0
38191,1,442.0,222.0
38192,1,18490.0,222.0
38193,1,80724.0,222.0
38194,1,57.0,222.0
38195,1,5806.0,208.0
38196,1,36.0,170.0
38197,1,1.0,174.0
38198,1,6891.0,106.0
38199,1,70.0,208.0
38200,1,217.0,181.0
38201,1,572.0,181.0
38202,1,11140.0,160.0
38203,1,6045.0,140.0
38204,1,7249.0,140.0
38205,1,24577.0,148.0
38206,1,26887.0,112.0
38207,1,46.0,127.0
38208,1,168.0,127.0
38209,1,1719.0,156.0
38210,1,3640.0,197.0
38211,1,1776.0,189.0
38212,1,3492.0,166.0
38213,1,16053.0,137.0
38214,1,4776.0,134.0
38215,1,285.0,323.0
38216,1,2631.0,323.0
38217,1,438.0,323.0
38218,1,8756.0,323.0
38219,1,15184.0,323.0
38220,1,445.0,323.0
38221,1,15089.0,323.0
38222,1,4152.0,323.0
38223,1,5819.0,323.0
38224,1,11315.0,323.0
38225,1,4783.0,323.0
38226,1,1874.0,179.0
38227,1,6141.0,210.0
38228,1,10157.0,210.0
38229,1,199.0,203.0
38230,1,184.0,134.0
38231,1,1355.0,134.0
38232,1,1041.0,162.0
38233,1,5187.0,204.0
38234,1,703.0,204.0
38235,1,11.0,190.0
38236,1,3544.0,112.0
38237,1,2252.0,127.0
38238,1,1016.0,127.0
38239,1,2827.0,137.0
38240,1,3115.0,137.0
38241,1,3078.0,137.0
38242,1,925.0,206.0
38243,1,382.0,210.0
38244,1,92221.0,210.0
38245,1,57.0,222.0
38246,1,306100.0,210.0
38247,1,2849.0,182.0
38248,1,38472.0,148.0
38249,1,82.0,137.0
38250,1,2977.0,137.0
38251,1,34.0,158.0
38252,1,79.0,199.0
38253,1,1668.0,199.0
38254,1,2272.0,118.0
38255,1,21231.0,178.0
38256,1,33616.0,178.0
38257,1,1086.0,199.0
38258,1,9109.0,158.0
38259,1,4739.0,205.0
38260,1,191825.0,160.0
38261,1,15197.0,160.0
38262,1,4784.0,116.0
38263,1,546.0,178.0
38264,1,24028.0,141.0
38265,1,171.0,141.0
38266,1,486.0,141.0
38267,1,276802.0,140.0
38268,1,266803.0,140.0
38269,1,1393.0,127.0
38270,1,1191.0,127.0
38271,1,801.0,172.0
38272,1,915.0,172.0
38273,1,1077.0,172.0
38274,1,5963.0,106.0
38275,1,1161.0,199.0
38276,1,19.0,191.0
38277,1,4548.0,220.0
38278,1,1172.0,199.0
38279,1,1163.0,199.0
38280,1,1153.0,199.0
38281,1,518.0,116.0
38282,1,21442.0,120.0
38283,1,21186.0,122.0
38284,1,301.0,122.0
38285,1,74.0,198.0
38286,1,1477.0,198.0
38287,1,1785.0,198.0
38288,1,2032.0,114.0
38289,1,343.0,122.0
38290,1,434.0,141.0
38291,1,140.0,127.0
38292,1,235.0,169.0
38293,1,4446.0,118.0
38294,1,3770.0,118.0
38295,1,5233.0,118.0
38296,1,4264.0,118.0
38297,1,2315.0,118.0
38298,1,1664.0,158.0
38299,1,752.0,96.0
38300,1,328.0,169.0
38301,1,846.0,174.0
38302,1,2540.0,169.0
38303,1,246.0,206.0
38304,1,1126.0,174.0
38305,1,50.0,122.0
38306,1,273.0,206.0
38307,1,436.0,122.0
38308,1,969.0,118.0
38309,1,3216.0,118.0
38310,1,16244.0,142.0
38311,1,38062.0,142.0
38312,1,68871.0,140.0
38313,1,20024.0,122.0
38314,1,4308.0,139.0
38315,1,3203.0,206.0
38316,1,1593.0,206.0
38317,1,7281.0,206.0
38318,1,3442.0,206.0
38319,1,6581.0,206.0
38320,1,187.0,206.0
38321,1,352719.0,106.0
38322,1,10816.0,201.0
38323,1,3064.0,192.0
38324,1,3916.0,192.0
38325,1,1949.0,206.0
38326,1,532.0,122.0
38327,1,2987.0,123.0
38328,1,4093.0,146.0
38329,1,701.0,122.0
38330,1,734.0,130.0
38331,1,21.0,117.0
38332,1,25883.0,191.0
38333,1,6421.0,116.0
38334,1,262.0,119.0
38335,1,215223.0,143.0
38336,1,2062.0,200.0
38337,1,468.0,141.0
38338,1,20378.0,122.0
38339,1,300068.0,122.0
38340,1,19425.0,122.0
38341,1,24946.0,122.0
38342,1,1095.0,199.0
38343,1,1032.0,199.0
38344,1,1535.0,125.0
38345,1,1152.0,199.0
38346,1,23460.0,206.0
38347,1,359.0,119.0
38348,1,6729.0,152.0
38349,1,359.0,129.0
38350,1,93.0,129.0
38351,1,2116.0,129.0
38352,1,140.0,129.0
38353,1,83.0,129.0
38354,1,124.0,129.0
38355,1,125.0,129.0
38356,1,109.0,129.0
38357,1,140.0,129.0
38358,1,93.0,129.0
38359,1,156.0,129.0
38360,1,4752.0,199.0
38361,1,4782.0,199.0
38362,1,15.0,141.0
38363,1,1250.0,156.0
38364,1,22656.0,103.0
38365,1,8385.0,199.0
38366,1,6899.0,182.0
38367,1,5548.0,118.0
38368,1,913.0,210.0
38369,1,59.0,211.0
38370,1,21.0,208.0
38371,1,16871.0,199.0
38372,1,377.0,113.0
38373,1,3974.0,199.0
38374,1,10291.0,199.0
38375,1,13406.0,148.0
38376,1,9118.0,123.0
38377,1,7357.0,130.0
38378,1,216.0,193.0
38379,1,15130.0,114.0
38380,1,55455.0,114.0
38381,1,10224.0,113.0
38382,1,340.0,167.0
38383,1,2261.0,212.0
38384,1,291.0,182.0
38385,1,418.0,182.0
38386,1,17539.0,124.0
38387,1,62.0,138.0
38388,1,171.0,148.0
38389,1,1198.0,148.0
38390,1,3894.0,148.0
38391,1,19359.0,148.0
38392,1,9.0,201.0
38393,1,717.0,116.0
38394,1,49847.0,227.0
38395,1,1593.0,227.0
38396,1,46.0,145.0
38397,1,15.0,145.0
38398,1,6677.0,145.0
38399,1,3531.0,145.0
38400,1,17633.0,152.0
38401,1,88007.0,152.0
38402,1,19628.0,148.0
38403,1,39.0,211.0
38404,1,1234.0,211.0
38405,1,676.0,199.0
38406,1,33165.0,199.0
38407,1,1702.0,118.0
38408,1,838.0,209.0
38409,1,891.0,124.0
38410,1,1376.0,124.0
38411,1,61204.0,124.0
38412,1,19.0,124.0
38413,1,1394.0,124.0
38414,1,359.0,124.0
38415,1,359.0,124.0
38416,1,359.0,124.0
38417,1,1785.0,124.0
38418,1,835.0,192.0
38419,1,307.0,192.0
38420,1,9606.0,127.0
38421,1,5515.0,127.0
38422,1,9643.0,192.0
38423,1,3617.0,192.0
38424,1,734.0,145.0
38425,1,857.0,145.0
38426,1,17734.0,148.0
38427,1,1252.0,187.0
38428,1,2631.0,199.0
38429,1,22.0,171.0
38430,1,1540.0,380.0
38431,1,6231.0,380.0
38432,1,4754.0,380.0
38433,1,5528.0,199.0
38434,1,15.0,145.0
38435,1,200.0,282.0
38436,1,827.0,307.0
38437,1,858.0,307.0
38438,1,89726.0,225.0
38439,1,2925.0,122.0
38440,1,562.0,116.0
38441,1,279.0,116.0
38442,1,2076.0,116.0
38443,1,20709.0,116.0
38444,1,2621.0,116.0
38445,1,296.0,124.0
38446,1,1348.0,124.0
38447,1,1092.0,124.0
38448,1,1626.0,124.0
38449,1,3495.0,124.0
38450,1,390.0,124.0
38451,1,188.0,124.0
38452,1,216.0,124.0
38453,1,234.0,124.0
38454,1,178.0,124.0
38455,1,336.0,124.0
38456,1,515.0,124.0
38457,1,1626.0,124.0
38458,1,7393.0,206.0
38459,1,85082.0,125.0
38460,1,6173.0,234.0
38461,1,48397.0,225.0
38462,1,2998.0,112.0
38463,1,125.0,199.0
38464,1,1949.0,196.0
38465,1,1238.0,199.0
38466,1,2113.0,184.0
38467,1,1976.0,184.0
38468,1,2470.0,199.0
38469,1,6866.0,199.0
38470,1,10124.0,199.0
38471,1,2823.0,186.0
38472,1,16657.0,148.0
38473,1,3606.0,189.0
38474,1,1164.0,144.0
38475,1,3143.0,122.0
38476,1,3498.0,122.0
38477,1,15.0,101.0
38478,1,15.0,101.0
38479,1,15.0,101.0
38480,1,9799.0,115.0
38481,1,571.0,124.0
38482,1,156.0,124.0
38483,1,1156.0,124.0
38484,1,9766.0,124.0
38485,1,750.0,124.0
38486,1,2114.0,124.0
38487,1,641.0,124.0
38488,1,593.0,124.0
38489,1,265.0,124.0
38490,1,124.0,124.0
38491,1,220.0,124.0
38492,1,19600.0,129.0
38493,1,156.0,129.0
38494,1,13677.0,129.0
38495,1,5693.0,194.0
38496,1,16327.0,332.0
38497,1,133035.0,332.0
38498,1,73850.0,148.0
38499,1,328.0,121.0
38500,1,285.0,121.0
38501,1,91756.0,113.0
38502,1,77168.0,120.0
38503,1,7224.0,122.0
38504,1,40350.0,148.0
38505,1,2244.0,189.0
38506,1,153124.0,148.0
38507,1,13914.0,144.0
38508,1,874.0,118.0
38509,1,147055.0,148.0
38510,1,687.0,182.0
38511,1,2455.0,112.0
38512,1,4515.0,170.0
38513,1,12326.0,206.0
38514,1,12722.0,206.0
38515,1,188995.0,148.0
38516,1,10704.0,206.0
38517,1,156.0,131.0
38518,1,8738.0,173.0
38519,1,1296.0,142.0
38520,1,16206.0,148.0
38521,1,2132.0,115.0
38522,1,1650.0,115.0
38523,1,2576.0,121.0
38524,1,1252.0,121.0
38525,1,602.0,201.0
38526,1,100.0,201.0
38527,1,468.0,128.0
38528,1,203.0,128.0
38529,1,188.0,148.0
38530,1,16538.0,148.0
38531,1,22722.0,119.0
38532,1,119.0,65.0
38533,1,301276.0,153.0
38534,1,406.0,132.0
38535,1,342.0,219.0
38536,1,505.0,221.0
38537,1,445.0,221.0
38538,1,219.0,148.0
38539,1,188.0,148.0
38540,1,171.0,148.0
38541,1,97.0,123.0
38542,1,4444.0,186.0
38543,1,171.0,124.0
38544,1,1143.0,112.0
38545,1,2975.0,112.0
38546,1,29586.0,112.0
38547,1,520.0,172.0
38548,1,15469.0,148.0
38549,1,1795.0,158.0
38550,1,4095.0,110.0
38551,1,578.0,111.0
38552,1,1999.0,111.0
38553,1,1642.0,183.0
38554,1,1104.0,183.0
38555,1,25121.0,144.0
38556,1,8624.0,144.0
38557,1,17243.0,144.0
38558,1,167803.0,144.0
38559,1,10990.0,144.0
38560,1,140.0,148.0
38561,1,32854.0,98.0
38562,1,0.0,130.0
38563,1,16266.0,148.0
38564,1,29400.0,154.0
38565,1,9574.0,197.0
38566,1,2830.0,139.0
38567,1,5136.0,132.0
38568,1,46130.0,125.0
38569,1,3265.0,125.0
38570,1,2192.0,206.0
38571,1,86.0,170.0
38572,1,130.0,127.0
38573,1,0.0,127.0
38574,1,4460.0,186.0
38575,1,4398.0,186.0
38576,1,1170.0,186.0
38577,1,20791.0,148.0
38578,1,290.0,204.0
38579,1,359.0,114.0
38580,1,4591.0,126.0
38581,1,4535.0,187.0
38582,1,2116.0,155.0
38583,1,8550.0,202.0
38584,1,11232.0,202.0
38585,1,922.0,110.0
38586,1,153.0,202.0
38587,1,109.0,250.0
38588,1,12971.0,117.0
38589,1,215.0,175.0
38590,1,137.0,129.0
38591,1,60.0,129.0
38592,1,171.0,129.0
38593,1,78.0,129.0
38594,1,78.0,129.0
38595,1,78.0,129.0
38596,1,108.0,129.0
38597,1,203.0,129.0
38598,1,68025.0,127.0
38599,1,74.0,175.0
38600,1,2288.0,106.0
38601,1,677.0,113.0
38602,1,907.0,113.0
38603,1,144368.0,179.0
38604,1,60093.0,132.0
38605,1,6484.0,156.0
38606,1,697.0,183.0
38607,1,775.0,183.0
38608,1,729.0,156.0
38609,1,4064.0,208.0
38610,1,1168.0,170.0
38611,1,15087.0,156.0
38612,1,5627.0,141.0
38613,1,27023.0,115.0
38614,1,0.0,140.0
38615,1,1031.0,183.0
38616,1,6236.0,141.0
38617,1,1704.0,202.0
38618,1,12469.0,140.0
38619,1,437.0,141.0
38620,1,784.0,194.0
38621,1,56820.0,123.0
38622,1,540.0,113.0
38623,1,4647.0,131.0
38624,1,9015.0,131.0
38625,1,2532.0,186.0
38626,1,124.0,112.0
38627,1,6812.0,121.0
38628,1,5165.0,207.0
38629,1,789.0,186.0
38630,1,46.0,115.0
38631,1,2563.0,188.0
38632,1,7556.0,207.0
38633,1,67.0,188.0
38634,1,118.0,188.0
38635,1,596.0,207.0
38636,1,563.0,198.0
38637,1,1189.0,113.0
38638,1,754.0,113.0
38639,1,3909.0,185.0
38640,1,90.0,188.0
38641,1,2163.0,149.0
38642,1,3612.0,149.0
38643,1,277.0,204.0
38644,1,187.0,114.0
38645,1,46.0,112.0
38646,1,122286.0,207.0
38647,1,94037.0,207.0
38648,1,34.0,122.0
38649,1,127874.0,132.0
38650,1,1740.0,132.0
38651,1,46959.0,127.0
38652,1,406.0,122.0
38653,1,23483.0,188.0
38654,1,110.0,188.0
38655,1,249.0,188.0
38656,1,285.0,188.0
38657,1,93.0,159.0
38658,1,38175.0,132.0
38659,1,343.0,111.0
38660,1,10612.0,111.0
38661,1,16210.0,111.0
38662,1,46.0,159.0
38663,1,1959.0,218.0
38664,1,2003.0,218.0
38665,1,652.0,197.0
38666,1,4131.0,92.0
38667,1,82.0,159.0
38668,1,38134.0,148.0
38669,1,45511.0,114.0
38670,1,117801.0,114.0
38671,1,164788.0,114.0
38672,1,558.0,112.0
38673,1,558.0,112.0
38674,1,24537.0,204.0
38675,1,307107.0,172.0
38676,1,150484.0,148.0
38677,1,609.0,134.0
38678,1,343.0,134.0
38679,1,48906.0,148.0
38680,1,87.0,176.0
38681,1,154135.0,219.0
38682,1,5959.0,141.0
38683,1,22150.0,148.0
38684,1,392.0,168.0
38685,1,2011.0,168.0
38686,1,1322.0,168.0
38687,1,2652.0,129.0
38688,1,1093.0,129.0
38689,1,2640.0,129.0
38690,1,376.0,168.0
38691,1,4784.0,228.0
38692,1,681.0,215.0
38693,1,3643.0,107.0
38694,1,19686.0,140.0
38695,1,734.0,124.0
38696,1,754.0,215.0
38697,1,254942.0,202.0
38698,1,768.0,228.0
38699,1,31359.0,180.0
38700,1,173.0,114.0
38701,1,3014.0,116.0
38702,1,2426.0,116.0
38703,1,2441.0,116.0
38704,1,2426.0,116.0
38705,1,1763.0,116.0
38706,1,1648.0,116.0
38707,1,20024.0,116.0
38708,1,8882.0,116.0
38709,1,3033.0,116.0
38710,1,15.0,130.0
38711,1,317.0,186.0
38712,1,10984.0,132.0
38713,1,61978.0,312.0
38714,1,12925.0,126.0
38715,1,543.0,228.0
38716,1,14804.0,223.0
38717,1,22075.0,461.0
38718,1,2503.0,462.0
38719,1,12828.0,170.0
38720,1,300656.0,182.0
38721,1,68087.0,123.0
38722,1,384.0,196.0
38723,1,386.0,186.0
38724,1,4240.0,316.0
38725,1,3208.0,178.0
38726,1,1047.0,191.0
38727,1,3733.0,186.0
38728,1,210.0,180.0
38729,1,105258.0,262.0
38730,1,1432.0,115.0
38731,1,124.0,116.0
38732,1,387.0,196.0
38733,1,5682.0,156.0
38734,1,48.0,173.0
38735,1,2811.0,315.0
38736,1,2908.0,228.0
38737,1,734.0,115.0
38738,1,269.0,204.0
38739,1,0.0,129.0
38740,1,1015.0,187.0
38741,1,109.0,111.0
38742,1,1138.0,118.0
38743,1,2437.0,126.0
38744,1,4537.0,178.0
38745,1,406.0,204.0
38746,1,207.0,204.0
38747,1,384777.0,316.0
38748,1,2841.0,114.0
38749,1,2075.0,461.0
38750,1,782.0,261.0
38751,1,822.0,196.0
38752,1,7692.0,127.0
38753,1,367.0,112.0
38754,1,4247.0,227.0
38755,1,32226.0,165.0
38756,1,27704.0,261.0
38757,1,83565.0,261.0
38758,1,6552.0,100.0
38759,1,4500.0,100.0
38760,1,5977.0,100.0
38761,1,3375.0,100.0
38762,1,765.0,148.0
38763,1,1671.0,204.0
38764,1,4626.0,129.0
38765,1,3921.0,129.0
38766,1,13394.0,129.0
38767,1,0.0,129.0
38768,1,0.0,129.0
38769,1,3972.0,101.0
38770,1,1393.0,132.0
38771,1,738.0,132.0
38772,1,1329.0,132.0
38773,1,1601.0,116.0
38774,1,9154.0,115.0
38775,1,442700.0,122.0
38776,1,13047.0,122.0
38777,1,431.0,177.0
38778,1,69.0,227.0
38779,1,56.0,186.0
38780,1,5499.0,227.0
38781,1,1537.0,191.0
38782,1,347.0,165.0
38783,1,48539.0,92.0
38784,1,30149.0,92.0
38785,1,67.0,130.0
38786,1,1417.0,199.0
38787,1,533.0,177.0
38788,1,0.0,165.0
38789,1,2721.0,227.0
38790,1,1468.0,141.0
38791,1,3049.0,227.0
38792,1,63.0,227.0
38793,1,7612.0,127.0
38794,1,10617.0,127.0
38795,1,78.0,134.0
38796,1,2937.0,192.0
38797,1,5356.0,164.0
38798,1,1012.0,123.0
38799,1,124.0,123.0
38800,1,312.0,114.0
38801,1,1012.0,123.0
38802,1,1112.0,166.0
38803,1,5123.0,194.0
38804,1,19103.0,134.0
38805,1,44482.0,173.0
38806,1,1931.0,114.0
38807,1,1783.0,165.0
38808,1,16450.0,165.0
38809,1,302810.0,192.0
38810,1,20838.0,192.0
38811,1,120679.0,192.0
38812,1,7443.0,123.0
38813,1,10098.0,179.0
38814,1,906.0,120.0
38815,1,20994.0,201.0
38816,1,0.0,137.0
38817,1,610.0,142.0
38818,1,2014.0,195.0
38819,1,1896.0,174.0
38820,1,583.0,113.0
38821,1,2974.0,124.0
38822,1,1203.0,124.0
38823,1,10.0,179.0
38824,1,267.0,195.0
38825,1,0.0,109.0
38826,1,31149.0,110.0
38827,1,49039.0,114.0
38828,1,93.0,133.0
38829,1,6030.0,114.0
38830,1,2297.0,169.0
38831,1,2523.0,95.0
38832,1,9.0,159.0
38833,1,4522.0,159.0
38834,1,7098.0,159.0
38835,1,56254.0,201.0
38836,1,472.0,170.0
38837,1,6171.0,488.0
38838,1,2125.0,137.0
38839,1,9501.0,156.0
38840,1,251.0,195.0
38841,1,715.0,156.0
38842,1,78.0,249.0
38843,1,543.0,329.0
38844,1,756.0,223.0
38845,1,884.0,223.0
38846,1,8219.0,85.0
38847,1,4503.0,87.0
38848,1,2947.0,171.0
38849,1,282755.0,140.0
38850,1,55906.0,173.0
38851,1,4019.0,150.0
38852,1,3009.0,157.0
38853,1,1335.0,116.0
38854,1,474.0,116.0
38855,1,7962.0,159.0
38856,1,70513.0,585.0
38857,1,1714.0,711.0
38858,1,2548.0,126.0
38859,1,2185.0,120.0
38860,1,4437.0,128.0
38861,1,3167.0,128.0
38862,1,7476.0,106.0
38863,1,6542.0,106.0
38864,1,42823.0,134.0
38865,1,13637.0,126.0
38866,1,6180.0,142.0
38867,1,16005.0,189.0
38868,1,125089.0,261.0
38869,1,50261.0,261.0
38870,1,1079.0,134.0
38871,1,79636.0,217.0
38872,1,85602.0,217.0
38873,1,58741.0,138.0
38874,1,13956.0,124.0
38875,1,5274.0,169.0
38876,1,16598.0,131.0
38877,1,3450.0,169.0
38878,1,1848.0,173.0
38879,1,499.0,113.0
38880,1,17691.0,107.0
38881,1,1682.0,158.0
38882,1,915.0,119.0
38883,1,3344.0,119.0
38884,1,2796.0,119.0
38885,1,454.0,134.0
38886,1,218194.0,282.0
38887,1,12448.0,119.0
38888,1,392.0,119.0
38889,1,13126.0,119.0
38890,1,12634.0,208.0
38891,1,2420.0,111.0
38892,1,21652.0,129.0
38893,1,1175.0,128.0
38894,1,178814.0,124.0
38895,1,16695.0,128.0
38896,1,93.0,128.0
38897,1,15155.0,132.0
38898,1,2521.0,109.0
38899,1,59.0,115.0
38900,1,12736.0,210.0
38901,1,1359.0,115.0
38902,1,1972.0,114.0
38903,1,6814.0,221.0
38904,1,1507.0,112.0
38905,1,1129.0,214.0
38906,1,1150.0,214.0
38907,1,1187.0,126.0
38908,1,54.0,187.0
38909,1,343.0,214.0
38910,1,110648.0,132.0
38911,1,332515.0,132.0
38912,1,37260.0,371.0
38913,1,300061.0,371.0
38914,1,3846.0,118.0
38915,1,4162.0,118.0
38916,1,12946.0,184.0
38917,1,121.0,182.0
38918,1,203.0,126.0
38919,1,300060.0,371.0
38920,1,300074.0,371.0
38921,1,300024.0,371.0
38922,1,300029.0,371.0
38923,1,300024.0,371.0
38924,1,300010.0,371.0
38925,1,192838.0,371.0
38926,1,300041.0,371.0
38927,1,125376.0,275.0
38928,1,11173.0,136.0
38929,1,3450.0,136.0
38930,1,300074.0,275.0
38931,1,1355.0,182.0
38932,1,2806.0,115.0
38933,1,636.0,91.0
38934,1,6068.0,94.0
38935,1,20217.0,87.0
38936,1,909.0,248.0
38937,1,135.0,248.0
38938,1,16422.0,248.0
38939,1,984.0,152.0
38940,1,503.0,152.0
38941,1,1078.0,152.0
38942,1,843.0,152.0
38943,1,3640.0,152.0
38944,1,5750.0,152.0
38945,1,577.0,91.0
38946,1,3687.0,152.0
38947,1,13.0,91.0
38948,1,4101.0,185.0
38949,1,3388.0,116.0
38950,1,23768.0,106.0
38951,1,11858.0,106.0
38952,1,6561.0,106.0
38953,1,316.0,204.0
38954,1,10059.0,204.0
38955,1,163.0,204.0
38956,1,513.0,88.0
38957,1,6049.0,228.0
38958,1,53476.0,378.0
38959,1,349.0,194.0
38960,1,69.0,194.0
38961,1,142025.0,276.0
38962,1,3638.0,116.0
38963,1,5037.0,210.0
38964,1,23388.0,187.0
38965,1,1267.0,134.0
38966,1,6275.0,136.0
38967,1,2562.0,136.0
38968,1,3000.0,136.0
38969,1,2219.0,119.0
38970,1,1031.0,119.0
38971,1,31609.0,119.0
38972,1,562.0,119.0
38973,1,6291.0,119.0
38974,1,653.0,119.0
38975,1,25596.0,156.0
38976,1,48289.0,185.0
38977,1,5709.0,78.0
38978,1,1893.0,219.0
38979,1,6657.0,219.0
38980,1,4306.0,219.0
38981,1,30857.0,219.0
38982,1,36951.0,197.0
38983,1,95482.0,197.0
38984,1,3610.0,117.0
38985,1,3679.0,184.0
38986,1,1963.0,136.0
38987,1,8331.0,121.0
38988,1,4132.0,114.0
38989,1,859.0,103.0
38990,1,1370.0,219.0
38991,1,1371.0,219.0
38992,1,2448.0,219.0
38993,1,53244.0,219.0
38994,1,81815.0,248.0
38995,1,48.0,248.0
38996,1,265.0,248.0
38997,1,273599.0,248.0
38998,1,171517.0,114.0
38999,1,4077.0,114.0
39000,1,39.0,248.0
39001,1,4453.0,371.0
39002,1,90401.0,100.0
39003,1,7517.0,177.0
39004,1,1209.0,102.0
39005,1,671.0,102.0
39006,1,1754.0,137.0
39007,1,1734.0,130.0
39008,1,40.0,203.0
39009,1,1343.0,144.0
39010,1,6093.0,113.0
39011,1,20.0,152.0
39012,1,1908.0,184.0
39013,1,3248.0,178.0
39014,1,232905.0,178.0
39015,1,496.0,225.0
39016,1,11508.0,122.0
39017,1,67086.0,122.0
39018,1,24568.0,122.0
39019,1,17211.0,122.0
39020,1,531.0,166.0
39021,1,866.0,219.0
39022,1,66867.0,219.0
39023,1,88544.0,219.0
39024,1,56165.0,219.0
39025,1,4254.0,119.0
39026,1,28.0,178.0
39027,1,3448.0,166.0
39028,1,250.0,165.0
39029,1,609.0,165.0
39030,1,5651.0,100.0
39031,1,467.0,169.0
39032,1,114.0,164.0
39033,1,15277.0,194.0
39034,1,1439.0,213.0
39035,1,344.0,213.0
39036,1,523.0,213.0
39037,1,6225.0,211.0
39038,1,19835.0,211.0
39039,1,1153.0,137.0
39040,1,234.0,128.0
39041,1,1187.0,108.0
39042,1,796.0,108.0
39043,1,106856.0,233.0
39044,1,780.0,104.0
39045,1,2812.0,177.0
39046,1,4570.0,177.0
39047,1,2791.0,121.0
39048,1,828.0,103.0
39049,1,531.0,125.0
39050,1,437.0,125.0
39051,1,268.0,125.0
39052,1,390.0,125.0
39053,1,531.0,125.0
39054,1,828.0,125.0
39055,1,320.0,125.0
39056,1,320.0,125.0
39057,1,362.0,125.0
39058,1,5411.0,187.0
39059,1,196283.0,187.0
39060,1,760.0,193.0
39061,1,991.0,91.0
39062,1,392.0,133.0
39063,1,300048.0,133.0
39064,1,624.0,133.0
39065,1,515.0,177.0
39066,1,373.0,125.0
39067,1,671.0,125.0
39068,1,359.0,125.0
39069,1,406.0,125.0
39070,1,1249.0,119.0
39071,1,296.0,119.0
39072,1,4716.0,115.0
39073,1,558.0,115.0
39074,1,3763.0,121.0
39075,1,377.0,146.0
39076,1,638.0,105.0
39077,1,391.0,146.0
39078,1,376.0,146.0
39079,1,7387.0,133.0
39080,1,96.0,213.0
39081,1,312.0,125.0
39082,1,312.0,125.0
39083,1,234.0,125.0
39084,1,23650.0,125.0
39085,1,259.0,198.0
39086,1,18989.0,139.0
39087,1,7913.0,209.0
39088,1,15138.0,187.0
39089,1,1151.0,128.0
39090,1,2540.0,185.0
39091,1,155942.0,203.0
39092,1,24277.0,170.0
39093,1,562.0,170.0
39094,1,2828.0,170.0
39095,1,61897.0,131.0
39096,1,624.0,139.0
39097,1,1253.0,157.0
39098,1,1724.0,171.0
39099,1,93.0,133.0
39100,1,125.0,133.0
39101,1,3517.0,155.0
39102,1,375.0,155.0
39103,1,785.0,127.0
39104,1,2832.0,139.0
39105,1,5212.0,178.0
39106,1,4185.0,178.0
39107,1,7211.0,178.0
39108,1,8225.0,330.0
39109,1,781.0,132.0
39110,1,484.0,155.0
39111,1,11.0,119.0
39112,1,359.0,133.0
39113,1,5460.0,206.0
39114,1,3191.0,118.0
39115,1,546.0,99.0
39116,1,16098.0,199.0
39117,1,4278.0,190.0
39118,1,3852.0,190.0
39119,1,2202.0,124.0
39120,1,5628.0,128.0
39121,1,421.0,147.0
39122,1,1265.0,219.0
39123,1,3078.0,219.0
39124,1,499.0,111.0
39125,1,561.0,169.0
39126,1,112.0,169.0
39127,1,5449.0,133.0
39128,1,15.0,114.0
39129,1,52.0,190.0
39130,1,22973.0,136.0
39131,1,1129.0,169.0
39132,1,761.0,216.0
39133,1,1499.0,141.0
39134,1,6470.0,128.0
39135,1,5640.0,128.0
39136,1,42677.0,128.0
39137,1,6423.0,128.0
39138,1,5718.0,128.0
39139,1,42725.0,128.0
39140,1,10843.0,123.0
39141,1,125.0,155.0
39142,1,34.0,182.0
39143,1,1447.0,101.0
39144,1,873.0,92.0
39145,1,218.0,138.0
39146,1,406.0,115.0
39147,1,1977.0,199.0
39148,1,3466.0,199.0
39149,1,3898.0,199.0
39150,1,1313.0,193.0
39151,1,1688.0,281.0
39152,1,3785.0,139.0
39153,1,27.0,169.0
39154,1,452.0,169.0
39155,1,484.0,113.0
39156,1,31.0,171.0
39157,1,4277.0,202.0
39158,1,10342.0,122.0
39159,1,1001.0,115.0
39160,1,16435.0,133.0
39161,1,262591.0,112.0
39162,1,370.0,169.0
39163,1,11422.0,135.0
39164,1,35.0,181.0
39165,1,31.0,147.0
39166,1,17289.0,202.0
39167,1,390.0,123.0
39168,1,16669.0,202.0
39169,1,229261.0,160.0
39170,1,781.0,156.0
39171,1,708.0,175.0
39172,1,754.0,114.0
39173,1,38.0,194.0
39174,1,961.0,188.0
39175,1,261.0,200.0
39176,1,0.0,126.0
39177,1,765.0,166.0
39178,1,82.0,173.0
39179,1,10783.0,173.0
39180,1,2635.0,153.0
39181,1,591.0,153.0
39182,1,1742.0,153.0
39183,1,34292.0,135.0
39184,1,990.0,101.0
39185,1,47344.0,124.0
39186,1,8349.0,124.0
39187,1,744.0,101.0
39188,1,2461.0,172.0
39189,1,1607.0,172.0
39190,1,31.0,114.0
39191,1,24915.0,114.0
39192,1,796.0,114.0
39193,1,15.0,114.0
39194,1,437.0,114.0
39195,1,6762.0,281.0
39196,1,3196.0,110.0
39197,1,512.0,123.0
39198,1,4480.0,123.0
39199,1,485.0,108.0
39200,1,22065.0,133.0
39201,1,6920.0,133.0
39202,1,66241.0,131.0
39203,1,8992.0,168.0
39204,1,485.0,108.0
39205,1,8883.0,122.0
39206,1,406.0,131.0
39207,1,12120.0,122.0
39208,1,1078.0,137.0
39209,1,1407.0,202.0
39210,1,5698.0,187.0
39211,1,1947.0,131.0
39212,1,258.0,182.0
39213,1,25667.0,153.0
39214,1,864.0,153.0
39215,1,1502.0,153.0
39216,1,5419.0,153.0
39217,1,4530.0,153.0
39218,1,2160.0,101.0
39219,1,141.0,121.0
39220,1,161.0,121.0
39221,1,125.0,121.0
39222,1,453.0,121.0
39223,1,625.0,121.0
39224,1,140.0,121.0
39225,1,92.0,193.0
39226,1,106711.0,185.0
39227,1,422.0,107.0
39228,1,0.0,114.0
39229,1,2477.0,172.0
39230,1,1510.0,172.0
39231,1,4713.0,172.0
39232,1,6971.0,136.0
39233,1,22800.0,136.0
39234,1,515.0,131.0
39235,1,72007.0,131.0
39236,1,35797.0,131.0
39237,1,998.0,199.0
39238,1,3354.0,130.0
39239,1,8419.0,272.0
39240,1,6392.0,172.0
39241,1,2667.0,172.0
39242,1,5606.0,172.0
39243,1,843.0,172.0
39244,1,4288.0,172.0
39245,1,171.0,121.0
39246,1,156.0,121.0
39247,1,109.0,121.0
39248,1,91.0,121.0
39249,1,736.0,130.0
39250,1,72098.0,214.0
39251,1,11815.0,109.0
39252,1,2495.0,136.0
39253,1,704.0,116.0
39254,1,1123.0,218.0
39255,1,2123.0,194.0
39256,1,6182.0,194.0
39257,1,657.0,244.0
39258,1,703.0,111.0
39259,1,1102.0,172.0
39260,1,5234.0,172.0
39261,1,26396.0,172.0
39262,1,19.0,114.0
39263,1,343.0,114.0
39264,1,69975.0,108.0
39265,1,9952.0,172.0
39266,1,2362.0,172.0
39267,1,1480.0,172.0
39268,1,1826.0,172.0
39269,1,7289.0,172.0
39270,1,716.0,107.0
39271,1,1515.0,108.0
39272,1,4880.0,108.0
39273,1,11306.0,185.0
39274,1,229.0,202.0
39275,1,6677.0,189.0
39276,1,300044.0,112.0
39277,1,4308.0,191.0
39278,1,4869.0,191.0
39279,1,300148.0,118.0
39280,1,0.0,123.0
39281,1,312.0,122.0
39282,1,119.0,193.0
39283,1,1432.0,137.0
39284,1,2602.0,137.0
39285,1,8392.0,137.0
39286,1,12942.0,95.0
39287,1,1171.0,106.0
39288,1,6251.0,203.0
39289,1,1218.0,101.0
39290,1,4038.0,203.0
39291,1,0.0,213.0
39292,1,12862.0,301.0
39293,1,1858.0,172.0
39294,1,5679.0,172.0
39295,1,2668.0,172.0
39296,1,151060.0,87.0
39297,1,56.0,244.0
39298,1,154.0,244.0
39299,1,140.0,120.0
39300,1,16263.0,136.0
39301,1,3469.0,182.0
39302,1,16425.0,139.0
39303,1,2311.0,311.0
39304,1,94.0,120.0
39305,1,3746.0,172.0
39306,1,873.0,172.0
39307,1,2792.0,172.0
39308,1,2644.0,172.0
39309,1,1721.0,172.0
39310,1,1957.0,172.0
39311,1,2824.0,172.0
39312,1,3078.0,106.0
39313,1,15.0,165.0
39314,1,2053.0,311.0
39315,1,8461.0,206.0
39316,1,15809.0,155.0
39317,1,10947.0,115.0
39318,1,5775.0,120.0
39319,1,5135.0,200.0
39320,1,1397.0,105.0
39321,1,156.0,91.0
39322,1,156.0,90.0
39323,1,765.0,90.0
39324,1,937.0,91.0
39325,1,2140.0,120.0
39326,1,781.0,91.0
39327,1,235.0,202.0
39328,1,13510.0,101.0
39329,1,27407.0,147.0
39330,1,2911.0,185.0
39331,1,0.0,123.0
39332,1,20684.0,148.0
39333,1,2791.0,205.0
39334,1,2879.0,205.0
39335,1,26.0,193.0
39336,1,33.0,193.0
39337,1,36007.0,105.0
39338,1,1695.0,93.0
39339,1,314.0,114.0
39340,1,2036.0,114.0
39341,1,1996.0,114.0
39342,1,7722.0,114.0
39343,1,676.0,114.0
39344,1,11269.0,94.0
39345,1,103191.0,147.0
39346,1,66.0,111.0
39347,1,18.0,182.0
39348,1,2976.0,201.0
39349,1,3010.0,201.0
39350,1,13521.0,193.0
39351,1,650.0,196.0
39352,1,1875.0,130.0
39353,1,33462.0,147.0
39354,1,72138.0,147.0
39355,1,813.0,118.0
39356,1,51.0,180.0
39357,1,735.0,180.0
39358,1,46.0,180.0
39359,1,871.0,201.0
39360,1,8758.0,113.0
39361,1,508.0,174.0
39362,1,350.0,206.0
39363,1,1003.0,115.0
39364,1,7478.0,202.0
39365,1,243.0,206.0
39366,1,3442.0,347.0
39367,1,3718.0,131.0
39368,1,124.0,214.0
39369,1,93.0,193.0
39370,1,81179.0,190.0
39371,1,1187.0,201.0
39372,1,9215.0,201.0
39373,1,767.0,107.0
39374,1,5922.0,107.0
39375,1,415.0,107.0
39376,1,15946.0,107.0
39377,1,326.0,107.0
39378,1,2555.0,107.0
39379,1,632.0,107.0
39380,1,409.0,132.0
39381,1,1563.0,181.0
39382,1,2.0,181.0
39383,1,593.0,118.0
39384,1,593.0,118.0
39385,1,703.0,90.0
39386,1,984.0,122.0
39387,1,392.0,105.0
39388,1,2961.0,112.0
39389,1,671.0,112.0
39390,1,62.0,112.0
39391,1,269.0,112.0
39392,1,78.0,114.0
39393,1,1062.0,114.0
39394,1,0.0,114.0
39395,1,268.0,105.0
39396,1,1290.0,200.0
39397,1,0.0,116.0
39398,1,10697.0,165.0
39399,1,154962.0,165.0
39400,1,3413.0,116.0
39401,1,2102.0,184.0
39402,1,2296.0,151.0
39403,1,8158.0,90.0
39404,1,3480.0,178.0
39405,1,2387.0,120.0
39406,1,265.0,181.0
39407,1,394.0,181.0
39408,1,1266.0,184.0
39409,1,853.0,124.0
39410,1,313.0,116.0
39411,1,1393.0,200.0
39412,1,109.0,213.0
39413,1,13173.0,101.0
39414,1,18711.0,101.0
39415,1,4360.0,95.0
39416,1,244071.0,213.0
39417,1,17598.0,213.0
39418,1,0.0,213.0
39419,1,217.0,189.0
39420,1,703.0,96.0
39421,1,94.0,193.0
39422,1,950.0,92.0
39423,1,187.0,92.0
39424,1,314.0,91.0
39425,1,718.0,90.0
39426,1,31445.0,193.0
39427,1,10693.0,90.0
39428,1,813.0,189.0
39429,1,1552.0,114.0
39430,1,29.0,124.0
39431,1,93.0,122.0
39432,1,1654.0,122.0
39433,1,31.0,113.0
39434,1,2731.0,113.0
39435,1,733.0,113.0
39436,1,93.0,113.0
39437,1,171.0,113.0
39438,1,2653.0,90.0
39439,1,9.0,200.0
39440,1,2105.0,189.0
39441,1,30591.0,189.0
39442,1,486.0,114.0
39443,1,1.0,187.0
39444,1,3.0,187.0
39445,1,936.0,93.0
39446,1,3355.0,178.0
39447,1,1841.0,91.0
39448,1,674.0,124.0
39449,1,128.0,185.0
39450,1,1218.0,124.0
39451,1,12760.0,138.0
39452,1,31.0,151.0
39453,1,1017.0,204.0
39454,1,3091.0,101.0
39455,1,749.0,125.0
39456,1,9503.0,128.0
39457,1,36805.0,118.0
39458,1,6035.0,151.0
39459,1,1498.0,151.0
39460,1,314.0,193.0
39461,1,9621.0,193.0
39462,1,890.0,97.0
39463,1,138030.0,306.0
39464,1,737.0,125.0
39465,1,203.0,93.0
39466,1,4969.0,100.0
39467,1,584.0,193.0
39468,1,1507.0,187.0
39469,1,1481.0,187.0
39470,1,461.0,180.0
39471,1,52.0,209.0
39472,1,3488.0,212.0
39473,1,3352.0,212.0
39474,1,146.0,187.0
39475,1,8437.0,135.0
39476,1,1342.0,187.0
39477,1,308.0,98.0
39478,1,11.0,98.0
39479,1,31.0,120.0
39480,1,13.0,120.0
39481,1,1718.0,144.0
39482,1,6470.0,144.0
39483,1,452.0,177.0
39484,1,148.0,153.0
39485,1,691.0,122.0
39486,1,7410.0,130.0
39487,1,4078.0,122.0
39488,1,687.0,122.0
39489,1,18828.0,122.0
39490,1,4734.0,122.0
39491,1,1917.0,111.0
39492,1,6293.0,203.0
39493,1,2500.0,130.0
39494,1,1627.0,330.0
39495,1,3767.0,137.0
39496,1,609.0,112.0
39497,1,644.0,193.0
39498,1,1284.0,193.0
39499,1,106.0,193.0
39500,1,80.0,193.0
39501,1,125.0,163.0
39502,1,26756.0,157.0
39503,1,133468.0,276.0
39504,1,992.0,210.0
39505,1,42.0,193.0
39506,1,2859.0,171.0
39507,1,1609.0,171.0
39508,1,1655.0,171.0
39509,1,9079.0,130.0
39510,1,9922.0,130.0
39511,1,381.0,212.0
39512,1,100.0,194.0
39513,1,2706.0,112.0
39514,1,64.0,193.0
39515,1,46.0,112.0
39516,1,625.0,136.0
39517,1,1265.0,136.0
39518,1,37.0,203.0
39519,1,20999.0,118.0
39520,1,7425.0,118.0
39521,1,2689.0,118.0
39522,1,604.0,184.0
39523,1,1986.0,178.0
39524,1,3073.0,184.0
39525,1,2141.0,123.0
39526,1,2731.0,123.0
39527,1,6720.0,110.0
39528,1,6172.0,143.0
39529,1,812.0,97.0
39530,1,892.0,97.0
39531,1,527.0,97.0
39532,1,140.0,108.0
39533,1,1919.0,224.0
39534,1,4578.0,224.0
39535,1,8616.0,224.0
39536,1,9241.0,224.0
39537,1,1772.0,170.0
39538,1,105.0,133.0
39539,1,7090.0,224.0
39540,1,3157.0,224.0
39541,1,7534.0,224.0
39542,1,294733.0,136.0
39543,1,305709.0,136.0
39544,1,143853.0,136.0
39545,1,315881.0,145.0
39546,1,873.0,112.0
39547,1,409.0,170.0
39548,1,24329.0,142.0
39549,1,3265.0,142.0
39550,1,335.0,175.0
39551,1,4305.0,175.0
39552,1,51524.0,213.0
39553,1,46853.0,213.0
39554,1,724.0,101.0
39555,1,12000.0,116.0
39556,1,11043.0,122.0
39557,1,6471.0,122.0
39558,1,2585.0,178.0
39559,1,13463.0,224.0
39560,1,1190.0,190.0
39561,1,1798.0,94.0
39562,1,2331.0,190.0
39563,1,1005.0,93.0
39564,1,1867.0,190.0
39565,1,125.0,193.0
39566,1,200.0,193.0
39567,1,2292.0,153.0
39568,1,321.0,193.0
39569,1,1645.0,193.0
39570,1,156.0,136.0
39571,1,188.0,131.0
39572,1,2657.0,141.0
39573,1,5819.0,141.0
39574,1,1691.0,141.0
39575,1,9703.0,141.0
39576,1,445.0,193.0
39577,1,1899.0,224.0
39578,1,126812.0,136.0
39579,1,98464.0,136.0
39580,1,0.0,117.0
39581,1,701.0,450.0
39582,1,41793.0,121.0
39583,1,1127.0,122.0
39584,1,1688.0,122.0
39585,1,748.0,122.0
39586,1,941.0,122.0
39587,1,21839.0,246.0
39588,1,4809.0,122.0
39589,1,6375.0,122.0
39590,1,6717.0,122.0
39591,1,6172.0,122.0
39592,1,6311.0,122.0
39593,1,44.0,283.0
39594,1,1625.0,283.0
39595,1,13690.0,194.0
39596,1,28512.0,130.0
39597,1,625.0,130.0
39598,1,786.0,205.0
39599,1,88582.0,205.0
39600,1,3996.0,122.0
39601,1,11544.0,117.0
39602,1,211479.0,118.0
39603,1,2217.0,197.0
39604,1,11942.0,450.0
39605,1,992.0,450.0
39606,1,364.0,450.0
39607,1,0.0,108.0
39608,1,2390.0,97.0
39609,1,34530.0,91.0
39610,1,994.0,91.0
39611,1,34330.0,96.0
39612,1,685.0,95.0
39613,1,1578.0,95.0
39614,1,6568.0,100.0
39615,1,140.0,136.0
39616,1,19.0,136.0
39617,1,1419.0,136.0
39618,1,1237.0,110.0
39619,1,1.0,94.0
39620,1,773.0,176.0
39621,1,2332.0,176.0
39622,1,719.0,176.0
39623,1,1833.0,125.0
39624,1,242.0,180.0
39625,1,4201.0,170.0
39626,1,6506.0,170.0
39627,1,1.0,94.0
39628,1,57790.0,172.0
39629,1,1750.0,100.0
39630,1,296.0,130.0
39631,1,1296.0,100.0
39632,1,187797.0,170.0
39633,1,970.0,291.0
39634,1,891.0,197.0
39635,1,2996.0,197.0
39636,1,5624.0,122.0
39637,1,6893.0,123.0
39638,1,562.0,102.0
39639,1,2328.0,97.0
39640,1,1796.0,136.0
39641,1,1797.0,125.0
39642,1,93.0,103.0
39643,1,892.0,102.0
39644,1,1906.0,102.0
39645,1,6352.0,170.0
39646,1,500.0,136.0
39647,1,140.0,136.0
39648,1,531.0,136.0
39649,1,171.0,131.0
39650,1,46.0,131.0
39651,1,59.0,103.0
39652,1,29.0,103.0
39653,1,79.0,103.0
39654,1,108166.0,170.0
39655,1,7322.0,170.0
39656,1,10509.0,170.0
39657,1,0.0,140.0
39658,1,10297.0,130.0
39659,1,2100.0,129.0
39660,1,17047.0,116.0
39661,1,2482.0,116.0
39662,1,16488.0,175.0
39663,1,23850.0,175.0
39664,1,625.0,133.0
39665,1,0.0,133.0
39666,1,0.0,133.0
39667,1,156.0,136.0
39668,1,4025.0,136.0
39669,1,129.0,136.0
39670,1,2008.0,136.0
39671,1,220.0,136.0
39672,1,124.0,99.0
39673,1,342.0,98.0
39674,1,57.0,99.0
39675,1,16568.0,116.0
39676,1,855.0,189.0
39677,1,1342.0,133.0
39678,1,1582.0,115.0
39679,1,1030.0,174.0
39680,1,31.0,136.0
39681,1,1302.0,208.0
39682,1,2953.0,142.0
39683,1,897.0,175.0
39684,1,1372.0,208.0
39685,1,10072.0,208.0
39686,1,0.0,133.0
39687,1,0.0,133.0
39688,1,0.0,133.0
39689,1,257.0,208.0
39690,1,32303.0,117.0
39691,1,110.0,176.0
39692,1,825.0,208.0
39693,1,33.0,208.0
39694,1,464.0,208.0
39695,1,14978.0,208.0
39696,1,700.0,208.0
39697,1,36409.0,186.0
39698,1,108561.0,186.0
39699,1,125.0,97.0
39700,1,124.0,129.0
39701,1,140.0,129.0
39702,1,109.0,129.0
39703,1,877.0,177.0
39704,1,17034.0,116.0
39705,1,70238.0,161.0
39706,1,9331.0,161.0
39707,1,19.0,111.0
39708,1,46.0,127.0
39709,1,300024.0,229.0
39710,1,300069.0,229.0
39711,1,300060.0,229.0
39712,1,300067.0,229.0
39713,1,5641.0,185.0
39714,1,124.0,105.0
39715,1,1110.0,97.0
39716,1,217.0,100.0
39717,1,3437.0,100.0
39718,1,1868.0,113.0
39719,1,234.0,110.0
39720,1,30040.0,110.0
39721,1,9317.0,130.0
39722,1,2765.0,201.0
39723,1,23.0,201.0
39724,1,12266.0,116.0
39725,1,4344.0,113.0
39726,1,5158.0,113.0
39727,1,2930.0,112.0
39728,1,4834.0,128.0
39729,1,22372.0,201.0
39730,1,1328.0,150.0
39731,1,1773.0,138.0
39732,1,933.0,202.0
39733,1,991.0,115.0
39734,1,625.0,92.0
39735,1,4651.0,199.0
39736,1,1734.0,92.0
39737,1,613.0,186.0
39738,1,366.0,203.0
39739,1,455.0,126.0
39740,1,93.0,142.0
39741,1,179.0,188.0
39742,1,90.0,188.0
39743,1,2650.0,188.0
39744,1,300033.0,107.0
39745,1,4007.0,161.0
39746,1,12032.0,161.0
39747,1,5765.0,142.0
39748,1,11531.0,142.0
39749,1,640.0,142.0
39750,1,509.0,142.0
39751,1,6459.0,142.0
39752,1,187.0,142.0
39753,1,721.0,142.0
39754,1,30195.0,134.0
39755,1,9.0,205.0
39756,1,1999.0,82.0
39757,1,1684.0,204.0
39758,1,1945.0,81.0
39759,1,298.0,136.0
39760,1,312.0,136.0
39761,1,1499.0,136.0
39762,1,140.0,136.0
39763,1,15698.0,136.0
39764,1,2046.0,136.0
39765,1,234.0,136.0
39766,1,108.0,136.0
39767,1,734.0,136.0
39768,1,31626.0,198.0
39769,1,66923.0,124.0
39770,1,233445.0,157.0
39771,1,46.0,107.0
39772,1,331.0,107.0
39773,1,46.0,107.0
39774,1,125.0,129.0
39775,1,109.0,129.0
39776,1,109.0,129.0
39777,1,4697.0,201.0
39778,1,4004.0,176.0
39779,1,300032.0,229.0
39780,1,300131.0,229.0
39781,1,300113.0,229.0
39782,1,300011.0,229.0
39783,1,223.0,229.0
39784,1,4953.0,171.0
39785,1,1229.0,208.0
39786,1,216.0,196.0
39787,1,1685.0,133.0
39788,1,45.0,111.0
39789,1,7747.0,181.0
39790,1,7378.0,181.0
39791,1,333.0,112.0
39792,1,10812.0,112.0
39793,1,3455.0,141.0
39794,1,300055.0,181.0
39795,1,20579.0,124.0
39796,1,19352.0,140.0
39797,1,844.0,185.0
39798,1,1072.0,189.0
39799,1,3484.0,185.0
39800,1,42.0,189.0
39801,1,1673.0,189.0
39802,1,388.0,189.0
39803,1,15664.0,134.0
39804,1,839.0,170.0
39805,1,209.0,177.0
39806,1,5974.0,194.0
39807,1,5990.0,123.0
39808,1,1859.0,142.0
39809,1,77.0,127.0
39810,1,1091.0,127.0
39811,1,5363.0,127.0
39812,1,1887.0,179.0
39813,1,6691.0,188.0
39814,1,20255.0,205.0
39815,1,300041.0,229.0
39816,1,1828.0,143.0
39817,1,14500.0,143.0
39818,1,293.0,187.0
39819,1,1820.0,113.0
39820,1,2332.0,113.0
39821,1,952.0,187.0
39822,1,3750.0,113.0
39823,1,20283.0,173.0
39824,1,9618.0,204.0
39825,1,203.0,106.0
39826,1,852.0,97.0
39827,1,18953.0,144.0
39828,1,1046.0,181.0
39829,1,109.0,179.0
39830,1,48.0,107.0
39831,1,48.0,107.0
39832,1,31.0,107.0
39833,1,79.0,177.0
39834,1,88.0,177.0
39835,1,1559.0,177.0
39836,1,4645.0,197.0
39837,1,741.0,185.0
39838,1,328.0,185.0
39839,1,13908.0,185.0
39840,1,943.0,175.0
39841,1,320.0,112.0
39842,1,5812.0,123.0
39843,1,11339.0,123.0
39844,1,164.0,187.0
39845,1,561.0,99.0
39846,1,1010.0,107.0
39847,1,97.0,199.0
39848,1,10343.0,140.0
39849,1,2684.0,143.0
39850,1,341.0,179.0
39851,1,132.0,193.0
39852,1,3836.0,179.0
39853,1,4186.0,143.0
39854,1,7876.0,143.0
39855,1,731.0,143.0
39856,1,37268.0,143.0
39857,1,14168.0,132.0
39858,1,5340.0,89.0
39859,1,163471.0,134.0
39860,1,62452.0,134.0
39861,1,92275.0,134.0
39862,1,2546.0,134.0
39863,1,7102.0,134.0
39864,1,917.0,112.0
39865,1,156.0,112.0
39866,1,936.0,219.0
39867,1,531.0,138.0
39868,1,1029.0,110.0
39869,1,801.0,167.0
39870,1,13293.0,167.0
39871,1,10927.0,197.0
39872,1,44792.0,197.0
39873,1,2119.0,216.0
39874,1,3989.0,110.0
39875,1,93.0,131.0
39876,1,937.0,131.0
39877,1,392.0,116.0
39878,1,651.0,204.0
39879,1,1002.0,185.0
39880,1,5218.0,199.0
39881,1,1934.0,117.0
39882,1,828.0,116.0
39883,1,2356.0,86.0
39884,1,809.0,177.0
39885,1,6350.0,167.0
39886,1,10085.0,167.0
39887,1,203085.0,209.0
39888,1,944.0,199.0
39889,1,1541.0,199.0
39890,1,446.0,202.0
39891,1,60212.0,134.0
39892,1,4796.0,102.0
39893,1,559.0,179.0
39894,1,6937.0,121.0
39895,1,5448.0,121.0
39896,1,9128.0,113.0
39897,1,6010.0,113.0
39898,1,60352.0,134.0
39899,1,3893.0,143.0
39900,1,187.0,143.0
39901,1,271.0,176.0
39902,1,3611.0,171.0
39903,1,25449.0,205.0
39904,1,5615.0,181.0
39905,1,22296.0,140.0
39906,1,15.0,143.0
39907,1,15274.0,167.0
39908,1,640.0,167.0
39909,1,3613.0,167.0
39910,1,1476.0,167.0
39911,1,5867.0,167.0
39912,1,2365.0,118.0
39913,1,6074.0,128.0
39914,1,3702.0,128.0
39915,1,6340.0,128.0
39916,1,15392.0,128.0
39917,1,3175.0,112.0
39918,1,3.0,201.0
39919,1,7877.0,118.0
39920,1,241.0,185.0
39921,1,4596.0,185.0
39922,1,8007.0,168.0
39923,1,947.0,185.0
39924,1,15939.0,185.0
39925,1,5006.0,185.0
39926,1,6000.0,129.0
39927,1,12187.0,128.0
39928,1,3859.0,128.0
39929,1,4071.0,128.0
39930,1,83445.0,194.0
39931,1,4929.0,185.0
39932,1,1359.0,126.0
39933,1,2737.0,102.0
39934,1,8387.0,112.0
39935,1,17879.0,138.0
39936,1,140.0,130.0
39937,1,300068.0,153.0
39938,1,5965.0,185.0
39939,1,2983.0,185.0
39940,1,17494.0,185.0
39941,1,4874.0,185.0
39942,1,7500.0,189.0
39943,1,380.0,189.0
39944,1,45146.0,206.0
39945,1,812.0,139.0
39946,1,304.0,206.0
39947,1,213770.0,128.0
39948,1,814.0,128.0
39949,1,5949.0,128.0
39950,1,14410.0,139.0
39951,1,2390.0,139.0
39952,1,687.0,139.0
39953,1,3284.0,139.0
39954,1,18989.0,139.0
39955,1,31.0,139.0
39956,1,5546.0,113.0
39957,1,15424.0,128.0
39958,1,3133.0,128.0
39959,1,41627.0,168.0
39960,1,2303.0,206.0
39961,1,39920.0,138.0
39962,1,359.0,122.0
39963,1,262749.0,186.0
39964,1,668.0,186.0
39965,1,7323.0,113.0
39966,1,91738.0,113.0
39967,1,16484.0,128.0
39968,1,45.0,191.0
39969,1,19114.0,128.0
39970,1,19477.0,128.0
39971,1,746.0,194.0
39972,1,1604.0,194.0
39973,1,606.0,194.0
39974,1,1675.0,194.0
39975,1,1681.0,194.0
39976,1,1666.0,194.0
39977,1,1597.0,194.0
39978,1,1695.0,194.0
39979,1,25207.0,194.0
39980,1,5924.0,185.0
39981,1,1158.0,139.0
39982,1,818.0,139.0
39983,1,398.0,178.0
39984,1,2437.0,98.0
39985,1,1008.0,119.0
39986,1,800.0,221.0
39987,1,1314.0,221.0
39988,1,1803.0,221.0
39989,1,68.0,221.0
39990,1,28374.0,447.0
39991,1,517.0,120.0
39992,1,4393.0,116.0
39993,1,378.0,207.0
39994,1,846.0,124.0
39995,1,7761.0,121.0
39996,1,3400.0,195.0
39997,1,19319.0,122.0
39998,1,7440.0,121.0
39999,1,10030.0,121.0
40000,1,223.0,185.0
40001,1,43029.0,223.0
40002,1,60247.0,168.0
40003,1,921.0,195.0
40004,1,8175.0,168.0
40005,1,6714.0,168.0
40006,1,13338.0,168.0
40007,1,11202.0,176.0
40008,1,1141.0,122.0
40009,1,1380.0,119.0
40010,1,23390.0,199.0
40011,1,814.0,122.0
40012,1,300081.0,132.0
40013,1,486.0,111.0
40014,1,905.0,187.0
40015,1,1776.0,187.0
40016,1,14998.0,176.0
40017,1,21929.0,132.0
40018,1,2868.0,176.0
40019,1,4406.0,117.0
40020,1,3009.0,337.0
40021,1,2544.0,174.0
40022,1,9308.0,290.0
40023,1,7336.0,135.0
40024,1,368.0,207.0
40025,1,72962.0,231.0
40026,1,206.0,186.0
40027,1,351.0,203.0
40028,1,343.0,203.0
40029,1,355.0,203.0
40030,1,234.0,178.0
40031,1,26318.0,127.0
40032,1,531.0,191.0
40033,1,396.0,217.0
40034,1,60.0,176.0
40035,1,1756.0,181.0
40036,1,353.0,177.0
40037,1,1717.0,180.0
40038,1,1135.0,170.0
40039,1,10435.0,170.0
40040,1,493.0,203.0
40041,1,94.0,205.0
40042,1,510.0,205.0
40043,1,312.0,149.0
40044,1,331.0,200.0
40045,1,79.0,187.0
40046,1,9.0,201.0
40047,1,221.0,283.0
40048,1,187.0,283.0
40049,1,724.0,189.0
40050,1,2855.0,160.0
40051,1,2652.0,194.0
40052,1,3389.0,117.0
40053,1,3137.0,117.0
40054,1,3405.0,117.0
40055,1,2693.0,117.0
40056,1,831.0,115.0
40057,1,2708.0,115.0
40058,1,19441.0,109.0
40059,1,52524.0,209.0
40060,1,13034.0,109.0
40061,1,49811.0,170.0
40062,1,2382.0,180.0
40063,1,108184.0,177.0
40064,1,46.0,120.0
40065,1,15414.0,191.0
40066,1,8848.0,191.0
40067,1,275.0,204.0
40068,1,269.0,203.0
40069,1,6365.0,175.0
40070,1,300239.0,180.0
40071,1,46.0,124.0
40072,1,2390.0,129.0
40073,1,102556.0,182.0
40074,1,1042.0,181.0
40075,1,122.0,182.0
40076,1,1051.0,183.0
40077,1,0.0,129.0
40078,1,1871.0,181.0
40079,1,71085.0,160.0
40080,1,4857.0,321.0
40081,1,6080.0,321.0
40082,1,28.0,321.0
40083,1,20.0,321.0
40084,1,590.0,179.0
40085,1,52715.0,101.0
40086,1,600159.0,127.0
40087,1,1845.0,202.0
40088,1,130.0,188.0
40089,1,200.0,184.0
40090,1,335.0,203.0
40091,1,17023.0,188.0
40092,1,29128.0,178.0
40093,1,2439.0,202.0
40094,1,326.0,202.0
40095,1,2752.0,107.0
40096,1,4618.0,107.0
40097,1,84615.0,117.0
40098,1,2785.0,119.0
40099,1,5717.0,173.0
40100,1,36996.0,134.0
40101,1,1440.0,134.0
40102,1,1809.0,134.0
40103,1,1632.0,179.0
40104,1,2367.0,134.0
40105,1,532.0,114.0
40106,1,85573.0,152.0
40107,1,6586.0,152.0
40108,1,575.0,174.0
40109,1,52.0,176.0
40110,1,2972.0,169.0
40111,1,234.0,119.0
40112,1,19.0,321.0
40113,1,45.0,321.0
40114,1,6203.0,321.0
40115,1,3607.0,117.0
40116,1,3044.0,117.0
40117,1,2805.0,117.0
40118,1,2872.0,117.0
40119,1,11019.0,134.0
40120,1,9172.0,134.0
40121,1,70.0,179.0
40122,1,5758.0,179.0
40123,1,7089.0,134.0
40124,1,259739.0,134.0
40125,1,3057.0,100.0
40126,1,5423.0,210.0
40127,1,212511.0,457.0
40128,1,158.0,173.0
40129,1,94.0,173.0
40130,1,4575.0,173.0
40131,1,793.0,182.0
40132,1,7593.0,203.0
40133,1,17321.0,203.0
40134,1,4732.0,203.0
40135,1,93.0,173.0
40136,1,75.0,173.0
40137,1,2043.0,203.0
40138,1,2525.0,203.0
40139,1,416.0,179.0
40140,1,114.0,179.0
40141,1,96.0,179.0
40142,1,100.0,179.0
40143,1,67.0,179.0
40144,1,151.0,179.0
40145,1,5105.0,203.0
40146,1,853.0,203.0
40147,1,12292.0,180.0
40148,1,4835.0,203.0
40149,1,4394.0,203.0
40150,1,6024.0,203.0
40151,1,6578.0,203.0
40152,1,31254.0,174.0
40153,1,2639.0,223.0
40154,1,2848.0,203.0
40155,1,3366.0,132.0
40156,1,1070.0,203.0
40157,1,3679.0,203.0
40158,1,3509.0,203.0
40159,1,3210.0,203.0
40160,1,55414.0,457.0
40161,1,2970.0,101.0
40162,1,163073.0,457.0
40163,1,133.0,179.0
40164,1,115.0,179.0
40165,1,2855.0,114.0
40166,1,107764.0,457.0
40167,1,8331.0,179.0
40168,1,157407.0,457.0
40169,1,379.0,197.0
40170,1,2687.0,86.0
40171,1,138174.0,635.0
40172,1,118850.0,457.0
40173,1,781.0,152.0
40174,1,99063.0,457.0
40175,1,1960.0,168.0
40176,1,1640.0,208.0
40177,1,1127.0,124.0
40178,1,988.0,152.0
40179,1,112.0,210.0
40180,1,1373.0,113.0
40181,1,926.0,192.0
40182,1,221000.0,167.0
40183,1,1726.0,135.0
40184,1,665.0,188.0
40185,1,246.0,188.0
40186,1,526.0,188.0
40187,1,127.0,188.0
40188,1,729.0,126.0
40189,1,24740.0,131.0
40190,1,374.0,135.0
40191,1,6571.0,311.0
40192,1,1765.0,178.0
40193,1,28.0,183.0
40194,1,3439.0,196.0
40195,1,7657.0,140.0
40196,1,35577.0,174.0
40197,1,218.0,116.0
40198,1,2896.0,134.0
40199,1,312.0,115.0
40200,1,13484.0,115.0
40201,1,15170.0,115.0
40202,1,21510.0,101.0
40203,1,1325.0,168.0
40204,1,239989.0,183.0
40205,1,512.0,111.0
40206,1,740.0,173.0
40207,1,2744.0,217.0
40208,1,3590.0,172.0
40209,1,3108.0,116.0
40210,1,1325.0,201.0
40211,1,4664.0,213.0
40212,1,131.0,210.0
40213,1,128.0,210.0
40214,1,6003.0,165.0
40215,1,3828.0,176.0
40216,1,343.0,178.0
40217,1,398.0,178.0
40218,1,4888.0,203.0
40219,1,19937.0,140.0
40220,1,3469.0,203.0
40221,1,3382.0,203.0
40222,1,5426.0,185.0
40223,1,5472.0,185.0
40224,1,10134.0,203.0
40225,1,3577.0,203.0
40226,1,127.0,188.0
40227,1,3970.0,197.0
40228,1,253.0,189.0
40229,1,3249.0,161.0
40230,1,28108.0,131.0
40231,1,57253.0,213.0
40232,1,131.0,213.0
40233,1,17210.0,203.0
40234,1,1033.0,224.0
40235,1,196.0,196.0
40236,1,73934.0,203.0
40237,1,774.0,203.0
40238,1,1722.0,203.0
40239,1,167.0,129.0
40240,1,16639.0,203.0
40241,1,23045.0,203.0
40242,1,7454.0,140.0
40243,1,25646.0,191.0
40244,1,187.0,191.0
40245,1,676.0,196.0
40246,1,453.0,128.0
40247,1,19.0,204.0
40248,1,8140.0,130.0
40249,1,5472.0,131.0
40250,1,127.0,204.0
40251,1,8112.0,134.0
40252,1,5754.0,191.0
40253,1,529695.0,134.0
40254,1,4180.0,213.0
40255,1,586.0,213.0
40256,1,15136.0,335.0
40257,1,2906.0,161.0
40258,1,3906.0,161.0
40259,1,35232.0,134.0
40260,1,24.0,189.0
40261,1,17149.0,134.0
40262,1,13442.0,134.0
40263,1,30093.0,133.0
40264,1,171.0,184.0
40265,1,671.0,133.0
40266,1,126.0,133.0
40267,1,0.0,124.0
40268,1,2831.0,185.0
40269,1,59224.0,225.0
40270,1,7589.0,311.0
40271,1,30871.0,311.0
40272,1,79947.0,165.0
40273,1,3831.0,190.0
40274,1,2946.0,190.0
40275,1,123.0,211.0
40276,1,3178.0,211.0
40277,1,8377.0,311.0
40278,1,2270.0,193.0
40279,1,163339.0,227.0
40280,1,11571.0,188.0
40281,1,15612.0,188.0
40282,1,124.0,191.0
40283,1,3906.0,191.0
40284,1,5700.0,227.0
40285,1,16646.0,187.0
40286,1,3837.0,270.0
40287,1,7487.0,313.0
40288,1,2049.0,313.0
40289,1,597951.0,143.0
40290,1,437.0,168.0
40291,1,265.0,168.0
40292,1,1209.0,270.0
40293,1,1293.0,270.0
40294,1,1166.0,270.0
40295,1,3939.0,117.0
40296,1,2406.0,133.0
40297,1,2054.0,133.0
40298,1,24415.0,189.0
40299,1,13302.0,143.0
40300,1,3578.0,142.0
40301,1,1361.0,114.0
40302,1,96.0,217.0
40303,1,218232.0,143.0
40304,1,25517.0,135.0
40305,1,958.0,206.0
40306,1,17532.0,143.0
40307,1,226.0,217.0
40308,1,101.0,227.0
40309,1,34568.0,184.0
40310,1,16651.0,143.0
40311,1,5128.0,117.0
40312,1,19591.0,143.0
40313,1,11617.0,227.0
40314,1,492240.0,143.0
40315,1,193.0,185.0
40316,1,166.0,179.0
40317,1,6167.0,134.0
40318,1,8073.0,179.0
40319,1,22371.0,143.0
40320,1,9110.0,270.0
40321,1,4126.0,270.0
40322,1,4766.0,270.0
40323,1,17915.0,143.0
40324,1,104.0,206.0
40325,1,1734.0,167.0
40326,1,498.0,142.0
40327,1,1050.0,207.0
40328,1,252.0,209.0
40329,1,483.0,122.0
40330,1,46.0,123.0
40331,1,1234.0,123.0
40332,1,32284.0,112.0
40333,1,1140.0,126.0
40334,1,1300.0,227.0
40335,1,2667.0,134.0
40336,1,9527.0,189.0
40337,1,9508.0,189.0
40338,1,10397.0,189.0
40339,1,874.0,104.0
40340,1,488.0,104.0
40341,1,101.0,199.0
40342,1,776.0,112.0
40343,1,1221.0,120.0
40344,1,3589.0,194.0
40345,1,12083.0,176.0
40346,1,889.0,115.0
40347,1,1318.0,126.0
40348,1,912.0,126.0
40349,1,457234.0,114.0
40350,1,313430.0,114.0
40351,1,47113.0,114.0
40352,1,160.0,293.0
40353,1,2548.0,185.0
40354,1,2247.0,185.0
40355,1,145.0,217.0
40356,1,519.0,217.0
40357,1,38856.0,217.0
40358,1,3951.0,206.0
40359,1,1250.0,126.0
40360,1,156.0,126.0
40361,1,2288.0,126.0
40362,1,1336.0,113.0
40363,1,12183.0,140.0
40364,1,119335.0,214.0
40365,1,60.0,160.0
40366,1,1279.0,111.0
40367,1,9620.0,122.0
40368,1,184083.0,925.0
40369,1,1234.0,116.0
40370,1,1265.0,116.0
40371,1,201.0,116.0
40372,1,4772.0,204.0
40373,1,186.0,193.0
40374,1,16.0,134.0
40375,1,31503.0,124.0
40376,1,1303.0,126.0
40377,1,499.0,126.0
40378,1,8516.0,141.0
40379,1,36.0,181.0
40380,1,20416.0,164.0
40381,1,31607.0,138.0
40382,1,1021.0,96.0
40383,1,1140.0,126.0
40384,1,2021.0,182.0
40385,1,339687.0,126.0
40386,1,3557.0,126.0
40387,1,4360.0,126.0
40388,1,1370.0,126.0
40389,1,3214.0,126.0
40390,1,1133.0,126.0
40391,1,218.0,126.0
40392,1,124.0,126.0
40393,1,2887.0,126.0
40394,1,18725.0,114.0
40395,1,8037.0,293.0
40396,1,23472.0,293.0
40397,1,2813.0,464.0
40398,1,10270.0,121.0
40399,1,10253.0,109.0
40400,1,25.0,197.0
40401,1,11987.0,197.0
40402,1,1971.0,197.0
40403,1,3129.0,197.0
40404,1,5395.0,142.0
40405,1,609.0,142.0
40406,1,9436.0,464.0
40407,1,13.0,220.0
40408,1,16.0,220.0
40409,1,21379.0,149.0
40410,1,2588.0,203.0
40411,1,532.0,199.0
40412,1,2540.0,199.0
40413,1,8493.0,183.0
40414,1,695.0,113.0
40415,1,171.0,126.0
40416,1,203.0,126.0
40417,1,2517.0,126.0
40418,1,6136.0,121.0
40419,1,1513.0,121.0
40420,1,15.0,121.0
40421,1,854.0,137.0
40422,1,374.0,137.0
40423,1,1534.0,120.0
40424,1,3542.0,203.0
40425,1,10605.0,132.0
40426,1,4833.0,203.0
40427,1,15731.0,203.0
40428,1,1104.0,203.0
40429,1,45082.0,204.0
40430,1,16647.0,125.0
40431,1,16705.0,196.0
40432,1,2410.0,96.0
40433,1,21175.0,176.0
40434,1,77722.0,227.0
40435,1,5112.0,124.0
40436,1,49264.0,203.0
40437,1,34378.0,203.0
40438,1,24236.0,203.0
40439,1,51279.0,203.0
40440,1,1188.0,121.0
40441,1,87555.0,203.0
40442,1,1844.0,159.0
40443,1,52270.0,122.0
40444,1,12639.0,175.0
40445,1,18.0,200.0
40446,1,349.0,185.0
40447,1,2188.0,185.0
40448,1,12190.0,124.0
40449,1,1439.0,124.0
40450,1,808.0,138.0
40451,1,20420.0,138.0
40452,1,1890.0,159.0
40453,1,14213.0,133.0
40454,1,2586.0,121.0
40455,1,2696.0,121.0
40456,1,1984.0,104.0
40457,1,1278.0,124.0
40458,1,1203.0,124.0
40459,1,3630.0,177.0
40460,1,29109.0,177.0
40461,1,2898.0,128.0
40462,1,202.0,128.0
40463,1,2674.0,128.0
40464,1,1723.0,128.0
40465,1,6762.0,194.0
40466,1,50.0,240.0
40467,1,312.0,118.0
40468,1,23977.0,154.0
40469,1,38222.0,132.0
40470,1,13500.0,131.0
40471,1,375.0,107.0
40472,1,15110.0,128.0
40473,1,6943.0,128.0
40474,1,243940.0,114.0
40475,1,1562.0,142.0
40476,1,1115.0,209.0
40477,1,780.0,209.0
40478,1,418.0,209.0
40479,1,2344.0,209.0
40480,1,2519.0,134.0
40481,1,3282.0,191.0
40482,1,821.0,209.0
40483,1,251.0,200.0
40484,1,490.0,200.0
40485,1,31961.0,130.0
40486,1,1684.0,195.0
40487,1,4762.0,129.0
40488,1,699.0,208.0
40489,1,176.0,230.0
40490,1,266962.0,124.0
40491,1,337726.0,124.0
40492,1,419673.0,124.0
40493,1,52242.0,124.0
40494,1,299667.0,124.0
40495,1,335125.0,124.0
40496,1,352.0,229.0
40497,1,2140.0,177.0
40498,1,3142.0,171.0
40499,1,923.0,171.0
40500,1,1629.0,171.0
40501,1,57.0,171.0
40502,1,316.0,117.0
40503,1,91459.0,220.0
40504,1,546489.0,126.0
40505,1,197.0,193.0
40506,1,657.0,109.0
40507,1,2005.0,109.0
40508,1,3364.0,128.0
40509,1,1736.0,128.0
40510,1,13518.0,131.0
40511,1,1125.0,128.0
40512,1,5318.0,128.0
40513,1,1189.0,128.0
40514,1,1031.0,128.0
40515,1,203.0,128.0
40516,1,4758.0,128.0
40517,1,1157.0,128.0
40518,1,8423.0,131.0
40519,1,44.0,131.0
40520,1,710.0,200.0
40521,1,15909.0,131.0
40522,1,13427.0,131.0
40523,1,103.0,253.0
40524,1,10909.0,241.0
40525,1,5154.0,108.0
40526,1,1620.0,198.0
40527,1,2033.0,167.0
40528,1,221547.0,178.0
40529,1,8833.0,211.0
40530,1,31099.0,224.0
40531,1,34117.0,119.0
40532,1,15375.0,129.0
40533,1,142.0,111.0
40534,1,29352.0,205.0
40535,1,5644.0,169.0
40536,1,5358.0,200.0
40537,1,3477.0,200.0
40538,1,3446.0,200.0
40539,1,31.0,200.0
40540,1,48.0,200.0
40541,1,97.0,200.0
40542,1,269.0,112.0
40543,1,14148.0,113.0
40544,1,34139.0,113.0
40545,1,77647.0,137.0
40546,1,14336.0,131.0
40547,1,7520.0,116.0
40548,1,16386.0,195.0
40549,1,1579.0,142.0
40550,1,15162.0,131.0
40551,1,18897.0,131.0
40552,1,3333.0,98.0
40553,1,17105.0,131.0
40554,1,14125.0,131.0
40555,1,40467.0,215.0
40556,1,390.0,132.0
40557,1,1747.0,216.0
40558,1,920.0,191.0
40559,1,18091.0,131.0
40560,1,68392.0,117.0
40561,1,12274.0,117.0
40562,1,5119.0,120.0
40563,1,16280.0,131.0
40564,1,32975.0,131.0
40565,1,44547.0,131.0
40566,1,19609.0,131.0
40567,1,17889.0,134.0
40568,1,4552.0,170.0
40569,1,2899.0,170.0
40570,1,7500.0,170.0
40571,1,110208.0,215.0
40572,1,100731.0,215.0
40573,1,719.0,113.0
40574,1,14465.0,209.0
40575,1,3468.0,200.0
40576,1,1405.0,196.0
40577,1,1286.0,201.0
40578,1,804.0,205.0
40579,1,61.0,138.0
40580,1,5857.0,112.0
40581,1,1392.0,112.0
40582,1,213397.0,193.0
40583,1,3800.0,193.0
40584,1,26403.0,134.0
40585,1,3129.0,120.0
40586,1,6999.0,120.0
40587,1,24039.0,114.0
40588,1,988.0,117.0
40589,1,109.0,109.0
40590,1,962.0,211.0
40591,1,8466.0,125.0
40592,1,38939.0,137.0
40593,1,471.0,168.0
40594,1,43.0,117.0
40595,1,46.0,119.0
40596,1,1879.0,132.0
40597,1,218.0,128.0
40598,1,2563.0,195.0
40599,1,1155.0,114.0
40600,1,10254.0,127.0
40601,1,4313.0,165.0
40602,1,170.0,202.0
40603,1,7458.0,202.0
40604,1,0.0,117.0
40605,1,5206.0,178.0
40606,1,9454.0,178.0
40607,1,3696.0,121.0
40608,1,9728.0,121.0
40609,1,10519.0,193.0
40610,1,39786.0,171.0
40611,1,7793.0,226.0
40612,1,1066.0,180.0
40613,1,741.0,226.0
40614,1,7840.0,226.0
40615,1,770.0,203.0
40616,1,5911.0,130.0
40617,1,5864.0,130.0
40618,1,6781.0,122.0
40619,1,24022.0,127.0
40620,1,5980.0,203.0
40621,1,765.0,127.0
40622,1,3058.0,210.0
40623,1,470.0,209.0
40624,1,592.0,203.0
40625,1,1132.0,209.0
40626,1,273.0,209.0
40627,1,571.0,209.0
40628,1,863.0,209.0
40629,1,2987.0,209.0
40630,1,225.0,209.0
40631,1,409.0,203.0
40632,1,2442.0,203.0
40633,1,1452.0,203.0
40634,1,4247.0,203.0
40635,1,9307.0,226.0
40636,1,21613.0,203.0
40637,1,627.0,244.0
40638,1,1289.0,185.0
40639,1,1896.0,111.0
40640,1,77880.0,225.0
40641,1,683.0,226.0
40642,1,252.0,145.0
40643,1,538.0,226.0
40644,1,1490.0,226.0
40645,1,1671.0,123.0
40646,1,3017.0,137.0
40647,1,36.0,145.0
40648,1,546.0,187.0
40649,1,13053.0,111.0
40650,1,6810.0,114.0
40651,1,26950.0,120.0
40652,1,5557.0,110.0
40653,1,1927.0,129.0
40654,1,5864.0,130.0
40655,1,20566.0,178.0
40656,1,18563.0,178.0
40657,1,20622.0,178.0
40658,1,15029.0,178.0
40659,1,3546.0,132.0
40660,1,64.0,113.0
40661,1,25983.0,131.0
40662,1,17896.0,131.0
40663,1,2900.0,131.0
40664,1,134.0,170.0
40665,1,15870.0,131.0
40666,1,1157.0,99.0
40667,1,329.0,108.0
40668,1,443.0,108.0
40669,1,419.0,108.0
40670,1,1309.0,210.0
40671,1,32133.0,210.0
40672,1,3903.0,210.0
40673,1,1777.0,191.0
40674,1,19592.0,131.0
40675,1,0.0,121.0
40676,1,1721.0,191.0
40677,1,0.0,121.0
40678,1,3128.0,210.0
40679,1,457.0,203.0
40680,1,405.0,203.0
40681,1,4600.0,203.0
40682,1,113571.0,157.0
40683,1,86252.0,157.0
40684,1,33486.0,203.0
40685,1,2297.0,203.0
40686,1,2105.0,115.0
40687,1,109.0,118.0
40688,1,2078.0,134.0
40689,1,19311.0,131.0
40690,1,4191.0,134.0
40691,1,2871.0,131.0
40692,1,605.0,96.0
40693,1,762.0,96.0
40694,1,334.0,210.0
40695,1,2570.0,210.0
40696,1,1948.0,210.0
40697,1,3840.0,210.0
40698,1,2855.0,131.0
40699,1,17497.0,131.0
40700,1,404.0,183.0
40701,1,121043.0,131.0
40702,1,2887.0,96.0
40703,1,31.0,116.0
40704,1,3443.0,119.0
40705,1,906.0,113.0
40706,1,2531.0,207.0
40707,1,3025.0,207.0
40708,1,1090.0,209.0
40709,1,5130.0,209.0
40710,1,666.0,173.0
40711,1,15766.0,134.0
40712,1,563749.0,131.0
40713,1,59611.0,131.0
40714,1,359.0,116.0
40715,1,34738.0,131.0
40716,1,15831.0,131.0
40717,1,13438.0,131.0
40718,1,4595.0,133.0
40719,1,3.0,183.0
40720,1,33184.0,126.0
40721,1,676.0,154.0
40722,1,17407.0,131.0
40723,1,23754.0,131.0
40724,1,6816.0,131.0
40725,1,6047.0,131.0
40726,1,696.0,204.0
40727,1,17536.0,131.0
40728,1,16791.0,127.0
40729,1,371.0,127.0
40730,1,1048.0,143.0
40731,1,221.0,143.0
40732,1,19354.0,143.0
40733,1,38940.0,143.0
40734,1,1046.0,123.0
40735,1,17407.0,131.0
40736,1,937.0,123.0
40737,1,673.0,123.0
40738,1,663.0,209.0
40739,1,3131.0,209.0
40740,1,1630.0,209.0
40741,1,1518.0,209.0
40742,1,13427.0,131.0
40743,1,15844.0,131.0
40744,1,329.0,209.0
40745,1,15939.0,131.0
40746,1,356.0,183.0
40747,1,2004.0,104.0
40748,1,20345.0,131.0
40749,1,1821.0,103.0
40750,1,11167.0,108.0
40751,1,265.0,125.0
40752,1,24311.0,131.0
40753,1,1494.0,496.0
40754,1,34739.0,133.0
40755,1,15.0,133.0
40756,1,281.0,133.0
40757,1,23738.0,189.0
40758,1,1277.0,189.0
40759,1,14264.0,133.0
40760,1,10444.0,133.0
40761,1,1386.0,184.0
40762,1,768.0,128.0
40763,1,13.0,128.0
40764,1,225.0,128.0
40765,1,7724.0,91.0
40766,1,2049.0,163.0
40767,1,92489.0,112.0
40768,1,359.0,149.0
40769,1,537032.0,269.0
40770,1,1248.0,214.0
40771,1,30226.0,99.0
40772,1,234.0,123.0
40773,1,2464.0,146.0
40774,1,3647.0,104.0
40775,1,31.0,179.0
40776,1,630.0,143.0
40777,1,546.0,200.0
40778,1,531.0,143.0
40779,1,374.0,143.0
40780,1,4035.0,203.0
40781,1,14246.0,100.0
40782,1,87334.0,121.0
40783,1,2528.0,121.0
40784,1,523.0,112.0
40785,1,20603.0,203.0
40786,1,250.0,119.0
40787,1,2331.0,203.0
40788,1,672.0,109.0
40789,1,1335.0,198.0
40790,1,33416.0,188.0
40791,1,15918.0,188.0
40792,1,9659.0,188.0
40793,1,1660.0,115.0
40794,1,74.0,203.0
40795,1,843.0,161.0
40796,1,18602.0,161.0
40797,1,3156.0,161.0
40798,1,29.0,181.0
40799,1,69.0,181.0
40800,1,92.0,104.0
40801,1,9615.0,203.0
40802,1,18682.0,189.0
40803,1,20364.0,149.0
40804,1,2792.0,109.0
40805,1,10774.0,235.0
40806,1,7578.0,142.0
40807,1,14954.0,142.0
40808,1,65407.0,180.0
40809,1,2969.0,121.0
40810,1,1491.0,117.0
40811,1,427.0,193.0
40812,1,1099.0,193.0
40813,1,2248.0,193.0
40814,1,3474.0,193.0
40815,1,350.0,149.0
40816,1,8938.0,138.0
40817,1,290.0,193.0
40818,1,32326.0,123.0
40819,1,880.0,194.0
40820,1,14002.0,115.0
40821,1,484.0,178.0
40822,1,2692.0,132.0
40823,1,93.0,125.0
40824,1,119.0,192.0
40825,1,21699.0,189.0
40826,1,8593.0,134.0
40827,1,5959.0,90.0
40828,1,564.0,186.0
40829,1,93.0,129.0
40830,1,109.0,129.0
40831,1,3687.0,96.0
40832,1,3874.0,96.0
40833,1,1167.0,108.0
40834,1,11578.0,198.0
40835,1,2188.0,198.0
40836,1,46007.0,108.0
40837,1,286.0,181.0
40838,1,3929.0,188.0
40839,1,1019.0,120.0
40840,1,16279.0,120.0
40841,1,1032.0,100.0
40842,1,671.0,117.0
40843,1,1973.0,134.0
40844,1,1048.0,194.0
40845,1,2488.0,149.0
40846,1,8574.0,272.0
40847,1,3015.0,134.0
40848,1,4212.0,111.0
40849,1,49055.0,202.0
40850,1,1096.0,202.0
40851,1,12.0,204.0
40852,1,15270.0,114.0
40853,1,6419.0,221.0
40854,1,103522.0,177.0
40855,1,42120.0,134.0
40856,1,4125.0,131.0
40857,1,284.0,181.0
40858,1,3921.0,131.0
40859,1,484.0,162.0
40860,1,46619.0,151.0
40861,1,519.0,166.0
40862,1,1026.0,182.0
40863,1,631.0,203.0
40864,1,0.0,111.0
40865,1,809.0,201.0
40866,1,317.0,203.0
40867,1,438.0,203.0
40868,1,635.0,190.0
40869,1,84139.0,129.0
40870,1,3431.0,247.0
40871,1,3586.0,247.0
40872,1,23.0,189.0
40873,1,11968.0,189.0
40874,1,786.0,204.0
40875,1,480.0,202.0
40876,1,18056.0,204.0
40877,1,159322.0,204.0
40878,1,810.0,166.0
40879,1,2005.0,149.0
40880,1,8922.0,161.0
40881,1,3168.0,149.0
40882,1,27.0,183.0
40883,1,4784.0,91.0
40884,1,1352.0,239.0
40885,1,754.0,288.0
40886,1,1421.0,125.0
40887,1,6785.0,108.0
40888,1,5093.0,105.0
40889,1,4189.0,127.0
40890,1,693.0,184.0
40891,1,453.0,142.0
40892,1,325.0,151.0
40893,1,187.0,142.0
40894,1,8707.0,120.0
40895,1,4654.0,120.0
40896,1,9686.0,120.0
40897,1,153.0,197.0
40898,1,297.0,320.0
40899,1,182307.0,320.0
40900,1,364.0,340.0
40901,1,1865.0,158.0
40902,1,390.0,185.0
40903,1,82371.0,111.0
40904,1,1094.0,115.0
40905,1,2187.0,159.0
40906,1,218.0,126.0
40907,1,377.0,126.0
40908,1,18042.0,164.0
40909,1,13393.0,202.0
40910,1,30418.0,172.0
40911,1,117785.0,169.0
40912,1,9377.0,176.0
40913,1,129.0,204.0
40914,1,2262.0,199.0
40915,1,2132.0,199.0
40916,1,343.0,199.0
40917,1,19534.0,134.0
40918,1,4086.0,169.0
40919,1,531.0,151.0
40920,1,2395.0,174.0
40921,1,60.0,152.0
40922,1,70.0,152.0
40923,1,3722.0,181.0
40924,1,277.0,126.0
40925,1,824.0,162.0
40926,1,500.0,162.0
40927,1,29688.0,162.0
40928,1,19391.0,169.0
40929,1,1437.0,124.0
40930,1,859.0,152.0
40931,1,10992.0,115.0
40932,1,109.0,127.0
40933,1,475.0,176.0
40934,1,23571.0,122.0
40935,1,1265.0,122.0
40936,1,2406.0,112.0
40937,1,273611.0,201.0
40938,1,61170.0,129.0
40939,1,60954.0,129.0
40940,1,7920.0,159.0
40941,1,95389.0,120.0
40942,1,9656.0,120.0
40943,1,9656.0,120.0
40944,1,9656.0,120.0
40945,1,13969.0,120.0
40946,1,5201.0,120.0
40947,1,5173.0,120.0
40948,1,8604.0,120.0
40949,1,5154.0,120.0
40950,1,7807.0,120.0
40951,1,31781.0,206.0
40952,1,2039.0,173.0
40953,1,821.0,196.0
40954,1,12.0,178.0
40955,1,3912.0,77.0
40956,1,11535.0,313.0
40957,1,29737.0,127.0
40958,1,2219.0,165.0
40959,1,1930.0,165.0
40960,1,78092.0,134.0
40961,1,3801.0,129.0
40962,1,502.0,201.0
40963,1,2559.0,124.0
40964,1,4130.0,122.0
40965,1,26787.0,149.0
40966,1,570.0,201.0
40967,1,3235.0,277.0
40968,1,1048.0,138.0
40969,1,101367.0,127.0
40970,1,1815.0,119.0
40971,1,206.0,173.0
40972,1,2288.0,173.0
40973,1,372.0,173.0
40974,1,354.0,173.0
40975,1,463.0,173.0
40976,1,1971.0,176.0
40977,1,481.0,173.0
40978,1,15957.0,173.0
40979,1,3523.0,173.0
40980,1,6703.0,113.0
40981,1,1291.0,173.0
40982,1,758.0,173.0
40983,1,1412.0,173.0
40984,1,1324.0,173.0
40985,1,2454.0,173.0
40986,1,33208.0,122.0
40987,1,4855.0,109.0
40988,1,2535.0,122.0
40989,1,2828.0,139.0
40990,1,1172.0,219.0
40991,1,548.0,219.0
40992,1,7491.0,103.0
40993,1,1076.0,187.0
40994,1,2004.0,173.0
40995,1,857.0,178.0
40996,1,823.0,115.0
40997,1,3659.0,115.0
40998,1,128.0,115.0
40999,1,3487.0,177.0
41000,1,1230.0,179.0
41001,1,7749.0,182.0
41002,1,7277.0,182.0
41003,1,161.0,209.0
41004,1,2000.0,119.0
41005,1,3507.0,201.0
41006,1,2187.0,119.0
41007,1,750.0,116.0
41008,1,156.0,139.0
41009,1,11954.0,126.0
41010,1,11919.0,126.0
41011,1,2109.0,126.0
41012,1,2893.0,126.0
41013,1,41990.0,167.0
41014,1,46279.0,168.0
41015,1,38.0,212.0
41016,1,1538.0,182.0
41017,1,1498.0,182.0
41018,1,60.0,182.0
41019,1,4820.0,202.0
41020,1,9025.0,165.0
41021,1,889.0,131.0
41022,1,343.0,122.0
41023,1,38334.0,114.0
41024,1,150119.0,185.0
41025,1,46051.0,152.0
41026,1,11.0,178.0
41027,1,2623.0,195.0
41028,1,10639.0,141.0
41029,1,71829.0,245.0
41030,1,121568.0,185.0
41031,1,713.0,154.0
41032,1,390.0,154.0
41033,1,1692.0,112.0
41034,1,31.0,121.0
41035,1,1469.0,177.0
41036,1,19.0,121.0
41037,1,11897.0,137.0
41038,1,0.0,121.0
41039,1,21.0,169.0
41040,1,393.0,121.0
41041,1,109.0,134.0
41042,1,376.0,117.0
41043,1,97.0,192.0
41044,1,10511.0,157.0
41045,1,3944.0,157.0
41046,1,100873.0,157.0
41047,1,141427.0,157.0
41048,1,176183.0,157.0
41049,1,3530.0,99.0
41050,1,17711.0,157.0
41051,1,1627.0,204.0
41052,1,187.0,121.0
41053,1,2387.0,205.0
41054,1,6604.0,99.0
41055,1,250.0,124.0
41056,1,302.0,124.0
41057,1,34.0,126.0
41058,1,2198.0,230.0
41059,1,218.0,153.0
41060,1,140.0,121.0
41061,1,78.0,121.0
41062,1,515.0,201.0
41063,1,328.0,120.0
41064,1,4882.0,122.0
41065,1,355.0,186.0
41066,1,189622.0,195.0
41067,1,4984.0,195.0
41068,1,9735.0,195.0
41069,1,517.0,195.0
41070,1,305.0,203.0
41071,1,562.0,195.0
41072,1,352700.0,195.0
41073,1,21937.0,138.0
41074,1,156.0,138.0
41075,1,906.0,138.0
41076,1,8334.0,177.0
41077,1,4965.0,177.0
41078,1,41.0,174.0
41079,1,5588.0,146.0
41080,1,506.0,113.0
41081,1,35168.0,111.0
41082,1,16021.0,129.0
41083,1,15990.0,129.0
41084,1,600434.0,129.0
41085,1,25267.0,129.0
41086,1,6591.0,129.0
41087,1,15795.0,129.0
41088,1,3615.0,129.0
41089,1,2841.0,196.0
41090,1,330.0,196.0
41091,1,16541.0,387.0
41092,1,9559.0,118.0
41093,1,1406.0,138.0
41094,1,681.0,138.0
41095,1,1534.0,195.0
41096,1,30.0,191.0
41097,1,218.0,191.0
41098,1,2838.0,211.0
41099,1,2527.0,337.0
41100,1,4482.0,337.0
41101,1,6265.0,185.0
41102,1,16443.0,166.0
41103,1,40170.0,166.0
41104,1,436.0,120.0
41105,1,634.0,167.0
41106,1,3689.0,975.0
41107,1,2170.0,975.0
41108,1,1155.0,113.0
41109,1,1063.0,113.0
41110,1,794.0,113.0
41111,1,63254.0,193.0
41112,1,261.0,200.0
41113,1,10.0,179.0
41114,1,3640.0,166.0
41115,1,34518.0,166.0
41116,1,8250.0,166.0
41117,1,12851.0,153.0
41118,1,1924.0,205.0
41119,1,90704.0,93.0
41120,1,102396.0,160.0
41121,1,455.0,200.0
41122,1,172587.0,93.0
41123,1,109.0,115.0
41124,1,465.0,196.0
41125,1,328.0,196.0
41126,1,1257.0,196.0
41127,1,91.0,196.0
41128,1,462.0,196.0
41129,1,773.0,196.0
41130,1,735.0,196.0
41131,1,296.0,196.0
41132,1,27598.0,141.0
41133,1,24654.0,131.0
41134,1,25126.0,131.0
41135,1,20.0,165.0
41136,1,524.0,169.0
41137,1,79563.0,134.0
41138,1,1250.0,146.0
41139,1,679.0,138.0
41140,1,2291.0,138.0
41141,1,126.0,113.0
41142,1,52.0,197.0
41143,1,21091.0,302.0
41144,1,391.0,161.0
41145,1,857.0,196.0
41146,1,375.0,136.0
41147,1,21224.0,136.0
41148,1,15838.0,136.0
41149,1,766.0,114.0
41150,1,340.0,114.0
41151,1,4547.0,114.0
41152,1,24375.0,116.0
41153,1,2284.0,142.0
41154,1,1011.0,322.0
41155,1,7246.0,134.0
41156,1,4790.0,134.0
41157,1,34864.0,103.0
41158,1,1227.0,114.0
41159,1,156.0,114.0
41160,1,27480.0,131.0
41161,1,231932.0,132.0
41162,1,248.0,196.0
41163,1,275.0,196.0
41164,1,367.0,196.0
41165,1,294.0,196.0
41166,1,789.0,196.0
41167,1,88.0,181.0
41168,1,3859.0,175.0
41169,1,15208.0,325.0
41170,1,11874.0,325.0
41171,1,36.0,325.0
41172,1,9184.0,325.0
41173,1,6805.0,208.0
41174,1,6051.0,113.0
41175,1,7873.0,113.0
41176,1,43353.0,132.0
41177,1,569.0,201.0
41178,1,600280.0,245.0
41179,1,6152.0,124.0
41180,1,554.0,196.0
41181,1,10252.0,113.0
41182,1,142496.0,113.0
41183,1,23984.0,357.0
41184,1,15.0,136.0
41185,1,843.0,136.0
41186,1,8608.0,110.0
41187,1,977.0,174.0
41188,1,5775.0,128.0
41189,1,7913.0,116.0
41190,1,2565.0,190.0
41191,1,7996.0,190.0
41192,1,6637.0,187.0
41193,1,1706.0,115.0
41194,1,3597.0,103.0
41195,1,296.0,116.0
41196,1,401.0,186.0
41197,1,0.0,110.0
41198,1,5808.0,102.0
41199,1,1213.0,710.0
41200,1,17.0,182.0
41201,1,586.0,130.0
41202,1,425.0,195.0
41203,1,404.0,195.0
41204,1,21750.0,173.0
41205,1,1595.0,109.0
41206,1,296.0,116.0
41207,1,14680.0,187.0
41208,1,5666.0,187.0
41209,1,484.0,127.0
41210,1,4490.0,144.0
41211,1,525.0,196.0
41212,1,433.0,200.0
41213,1,71.0,170.0
41214,1,84.0,170.0
41215,1,252.0,170.0
41216,1,131.0,170.0
41217,1,189.0,207.0
41218,1,93567.0,114.0
41219,1,4207.0,197.0
41220,1,1888.0,185.0
41221,1,888.0,200.0
41222,1,568.0,200.0
41223,1,820.0,173.0
41224,1,5198.0,116.0
41225,1,14038.0,209.0
41226,1,34.0,113.0
41227,1,184904.0,203.0
41228,1,208544.0,203.0
41229,1,5665.0,203.0
41230,1,24833.0,132.0
41231,1,948.0,190.0
41232,1,2874.0,117.0
41233,1,19367.0,296.0
41234,1,19402.0,296.0
41235,1,18455.0,296.0
41236,1,1093.0,142.0
41237,1,18809.0,107.0
41238,1,8265.0,107.0
41239,1,2212.0,231.0
41240,1,5534.0,133.0
41241,1,794.0,133.0
41242,1,797.0,161.0
41243,1,31.0,161.0
41244,1,2214.0,161.0
41245,1,2167.0,161.0
41246,1,2292.0,161.0
41247,1,2261.0,161.0
41248,1,2355.0,161.0
41249,1,2433.0,161.0
41250,1,11911.0,161.0
41251,1,4416.0,161.0
41252,1,3630.0,161.0
41253,1,3424.0,161.0
41254,1,6087.0,161.0
41255,1,39909.0,136.0
41256,1,845.0,177.0
41257,1,2984.0,125.0
41258,1,109.0,130.0
41259,1,34302.0,220.0
41260,1,1573.0,204.0
41261,1,1639.0,204.0
41262,1,2253.0,204.0
41263,1,10326.0,204.0
41264,1,15.0,108.0
41265,1,203.0,118.0
41266,1,3779.0,210.0
41267,1,13184.0,175.0
41268,1,259.0,175.0
41269,1,1216.0,113.0
41270,1,2235.0,139.0
41271,1,51834.0,183.0
41272,1,415.0,153.0
41273,1,109.0,119.0
41274,1,2640.0,119.0
41275,1,878.0,213.0
41276,1,4692.0,115.0
41277,1,128.0,184.0
41278,1,1828.0,186.0
41279,1,19482.0,159.0
41280,1,37857.0,159.0
41281,1,19501.0,159.0
41282,1,63397.0,159.0
41283,1,78460.0,159.0
41284,1,114288.0,159.0
41285,1,4289.0,169.0
41286,1,281.0,116.0
41287,1,639.0,115.0
41288,1,3253.0,209.0
41289,1,2908.0,184.0
41290,1,54453.0,167.0
41291,1,59.0,184.0
41292,1,3829.0,184.0
41293,1,408.0,184.0
41294,1,96.0,184.0
41295,1,572.0,184.0
41296,1,159043.0,124.0
41297,1,93.0,126.0
41298,1,140.0,134.0
41299,1,1688.0,113.0
41300,1,17094.0,192.0
41301,1,2908.0,187.0
41302,1,1280.0,114.0
41303,1,812.0,130.0
41304,1,3119.0,116.0
41305,1,5926.0,132.0
41306,1,1168.0,295.0
41307,1,6466.0,117.0
41308,1,0.0,150.0
41309,1,7138.0,127.0
41310,1,105.0,189.0
41311,1,50251.0,127.0
41312,1,154.0,184.0
41313,1,784.0,142.0
41314,1,789.0,110.0
41315,1,571.0,130.0
41316,1,224.0,187.0
41317,1,1701.0,208.0
41318,1,343.0,141.0
41319,1,3689.0,129.0
41320,1,359.0,134.0
41321,1,268.0,134.0
41322,1,62116.0,305.0
41323,1,217618.0,125.0
41324,1,194694.0,128.0
41325,1,1033.0,90.0
41326,1,1593.0,139.0
41327,1,6309.0,121.0
41328,1,6733.0,110.0
41329,1,300095.0,118.0
41330,1,9980.0,114.0
41331,1,477592.0,231.0
41332,1,18818.0,231.0
41333,1,11626.0,231.0
41334,1,13398.0,231.0
41335,1,13112.0,231.0
41336,1,20643.0,231.0
41337,1,69189.0,127.0
41338,1,690.0,113.0
41339,1,1765.0,114.0
41340,1,221.0,195.0
41341,1,6828.0,127.0
41342,1,3669.0,161.0
41343,1,22490.0,161.0
41344,1,1852.0,161.0
41345,1,2028.0,161.0
41346,1,12447.0,161.0
41347,1,515.0,134.0
41348,1,4353.0,134.0
41349,1,0.0,134.0
41350,1,2978.0,134.0
41351,1,10578.0,127.0
41352,1,1490.0,197.0
41353,1,800.0,114.0
41354,1,8584.0,114.0
41355,1,593.0,134.0
41356,1,30.0,204.0
41357,1,1968.0,127.0
41358,1,7506.0,127.0
41359,1,2688.0,124.0
41360,1,6205.0,180.0
41361,1,6510.0,192.0
41362,1,9298.0,239.0
41363,1,3904.0,131.0
41364,1,49807.0,148.0
41365,1,67034.0,112.0
41366,1,4389.0,302.0
41367,1,32233.0,191.0
41368,1,30304.0,191.0
41369,1,827.0,196.0
41370,1,330.0,196.0
41371,1,7737.0,142.0
41372,1,19783.0,142.0
41373,1,55114.0,140.0
41374,1,1032.0,184.0
41375,1,8333.0,115.0
41376,1,199.0,115.0
41377,1,310.0,114.0
41378,1,214.0,115.0
41379,1,484.0,117.0
41380,1,17529.0,207.0
41381,1,6819.0,129.0
41382,1,21820.0,186.0
41383,1,2202.0,142.0
41384,1,250.0,118.0
41385,1,6299.0,129.0
41386,1,21447.0,159.0
41387,1,18073.0,113.0
41388,1,7626.0,180.0
41389,1,31943.0,204.0
41390,1,93.0,112.0
41391,1,156.0,118.0
41392,1,236.0,141.0
41393,1,2119.0,122.0
41394,1,265.0,140.0
41395,1,16138.0,197.0
41396,1,1941.0,195.0
41397,1,90460.0,195.0
41398,1,33.0,125.0
41399,1,124.0,125.0
41400,1,7953.0,133.0
41401,1,2014.0,264.0
41402,1,1313.0,123.0
41403,1,9865.0,125.0
41404,1,5353.0,105.0
41405,1,32.0,137.0
41406,1,151.0,137.0
41407,1,31.0,137.0
41408,1,1234.0,137.0
41409,1,7977.0,137.0
41410,1,894.0,186.0
41411,1,4513.0,114.0
41412,1,2971.0,112.0
41413,1,10344.0,193.0
41414,1,3140.0,174.0
41415,1,203.0,228.0
41416,1,5525.0,109.0
41417,1,46.0,108.0
41418,1,31.0,108.0
41419,1,1522.0,212.0
41420,1,2562.0,125.0
41421,1,49.0,125.0
41422,1,18.0,98.0
41423,1,2922.0,98.0
41424,1,58528.0,238.0
41425,1,443.0,205.0
41426,1,4437.0,114.0
41427,1,450.0,119.0
41428,1,29172.0,122.0
41429,1,216.0,122.0
41430,1,187.0,116.0
41431,1,247.0,115.0
41432,1,497.0,125.0
41433,1,91840.0,205.0
41434,1,15289.0,129.0
41435,1,28.0,171.0
41436,1,1019.0,175.0
41437,1,3034.0,116.0
41438,1,28691.0,118.0
41439,1,967.0,113.0
41440,1,4462.0,171.0
41441,1,11106.0,162.0
41442,1,28851.0,191.0
41443,1,5878.0,118.0
41444,1,347.0,129.0
41445,1,13382.0,225.0
41446,1,1130.0,225.0
41447,1,484.0,225.0
41448,1,1060.0,113.0
41449,1,107.0,199.0
41450,1,153.0,178.0
41451,1,4030.0,264.0
41452,1,5925.0,95.0
41453,1,561.0,95.0
41454,1,97787.0,95.0
41455,1,46.0,95.0
41456,1,378.0,95.0
41457,1,6430.0,202.0
41458,1,3595.0,194.0
41459,1,13052.0,144.0
41460,1,26169.0,136.0
41461,1,1377.0,121.0
41462,1,702.0,121.0
41463,1,1084.0,181.0
41464,1,226.0,188.0
41465,1,126.0,117.0
41466,1,1408.0,117.0
41467,1,1468.0,129.0
41468,1,796.0,129.0
41469,1,646.0,161.0
41470,1,3298.0,98.0
41471,1,4224.0,161.0
41472,1,26140.0,161.0
41473,1,9798.0,147.0
41474,1,1203.0,120.0
41475,1,2093.0,867.0
41476,1,117232.0,161.0
41477,1,104517.0,149.0
41478,1,27953.0,154.0
41479,1,2039.0,161.0
41480,1,2662.0,203.0
41481,1,2135.0,203.0
41482,1,1796.0,203.0
41483,1,376.0,121.0
41484,1,618.0,194.0
41485,1,1426.0,194.0
41486,1,6486.0,194.0
41487,1,27756.0,194.0
41488,1,452.0,194.0
41489,1,1610.0,162.0
41490,1,2126.0,112.0
41491,1,2531.0,112.0
41492,1,734.0,129.0
41493,1,796.0,129.0
41494,1,781.0,129.0
41495,1,765.0,129.0
41496,1,26863.0,209.0
41497,1,2789.0,113.0
41498,1,3321.0,116.0
41499,1,1017.0,116.0
41500,1,600042.0,140.0
41501,1,8074.0,229.0
41502,1,9362.0,164.0
41503,1,515.0,123.0
41504,1,680.0,178.0
41505,1,6301.0,109.0
41506,1,3603.0,185.0
41507,1,1309.0,118.0
41508,1,194.0,109.0
41509,1,1464.0,178.0
41510,1,2174.0,109.0
41511,1,21.0,99.0
41512,1,1581.0,99.0
41513,1,41.0,99.0
41514,1,9271.0,99.0
41515,1,9603.0,99.0
41516,1,5965.0,180.0
41517,1,694.0,178.0
41518,1,755.0,199.0
41519,1,531.0,114.0
41520,1,3578.0,136.0
41521,1,3098.0,136.0
41522,1,3860.0,136.0
41523,1,75728.0,118.0
41524,1,6487.0,177.0
41525,1,551.0,161.0
41526,1,3573.0,172.0
41527,1,3348.0,81.0
41528,1,1817.0,97.0
41529,1,9354.0,106.0
41530,1,4666.0,106.0
41531,1,6805.0,106.0
41532,1,45.0,110.0
41533,1,3764.0,177.0
41534,1,1831.0,144.0
41535,1,829.0,178.0
41536,1,437.0,111.0
41537,1,140.0,111.0
41538,1,446.0,217.0
41539,1,44796.0,116.0
41540,1,2081.0,126.0
41541,1,44602.0,116.0
41542,1,5474.0,183.0
41543,1,7442.0,131.0
41544,1,2831.0,183.0
41545,1,5969.0,200.0
41546,1,1942.0,306.0
41547,1,64624.0,166.0
41548,1,1261.0,195.0
41549,1,2678.0,118.0
41550,1,88001.0,179.0
41551,1,1734.0,148.0
41552,1,1438.0,120.0
41553,1,7532.0,112.0
41554,1,622.0,107.0
41555,1,8066.0,163.0
41556,1,6762.0,163.0
41557,1,57450.0,163.0
41558,1,2860.0,209.0
41559,1,76865.0,154.0
41560,1,5674.0,184.0
41561,1,1284.0,98.0
41562,1,10085.0,98.0
41563,1,226.0,99.0
41564,1,1.0,107.0
41565,1,269.0,202.0
41566,1,5999.0,141.0
41567,1,5214.0,113.0
41568,1,2447.0,113.0
41569,1,577.0,195.0
41570,1,10415.0,182.0
41571,1,11299.0,182.0
41572,1,1316.0,169.0
41573,1,3012.0,117.0
41574,1,102171.0,153.0
41575,1,35940.0,153.0
41576,1,750.0,153.0
41577,1,1015.0,153.0
41578,1,3458.0,159.0
41579,1,2330.0,132.0
41580,1,1734.0,132.0
41581,1,331.0,201.0
41582,1,22382.0,174.0
41583,1,19705.0,115.0
41584,1,11161.0,115.0
41585,1,1675.0,115.0
41586,1,60211.0,123.0
41587,1,3786.0,123.0
41588,1,1476.0,200.0
41589,1,1096.0,148.0
41590,1,3786.0,148.0
41591,1,5080.0,148.0
41592,1,5995.0,239.0
41593,1,74672.0,200.0
41594,1,41281.0,139.0
41595,1,2609.0,149.0
41596,1,2275.0,229.0
41597,1,531.0,119.0
41598,1,17176.0,123.0
41599,1,315.0,135.0
41600,1,66767.0,200.0
41601,1,156.0,107.0
41602,1,7413.0,117.0
41603,1,50665.0,132.0
41604,1,8706.0,125.0
41605,1,7750.0,125.0
41606,1,103884.0,133.0
41607,1,3689.0,193.0
41608,1,1830.0,193.0
41609,1,51231.0,200.0
41610,1,1220.0,184.0
41611,1,1586.0,184.0
41612,1,33068.0,184.0
41613,1,2940.0,184.0
41614,1,4003.0,161.0
41615,1,1842.0,161.0
41616,1,1114.0,150.0
41617,1,22421.0,143.0
41618,1,58815.0,162.0
41619,1,140265.0,165.0
41620,1,106464.0,166.0
41621,1,4349.0,164.0
41622,1,3156.0,184.0
41623,1,2727.0,120.0
41624,1,45934.0,195.0
41625,1,19192.0,194.0
41626,1,7882.0,195.0
41627,1,53159.0,201.0
41628,1,39175.0,201.0
41629,1,39137.0,201.0
41630,1,39166.0,201.0
41631,1,39157.0,201.0
41632,1,36222.0,185.0
41633,1,937.0,198.0
41634,1,159.0,109.0
41635,1,2344.0,297.0
41636,1,6962.0,297.0
41637,1,294.0,129.0
41638,1,1421.0,125.0
41639,1,40271.0,125.0
41640,1,11443.0,125.0
41641,1,9973.0,125.0
41642,1,8865.0,125.0
41643,1,1548.0,125.0
41644,1,734.0,193.0
41645,1,228.0,193.0
41646,1,204.0,193.0
41647,1,912.0,193.0
41648,1,190.0,193.0
41649,1,1950.0,193.0
41650,1,3270.0,193.0
41651,1,591.0,193.0
41652,1,9513.0,193.0
41653,1,282.0,193.0
41654,1,1843.0,130.0
41655,1,33007.0,171.0
41656,1,18120.0,115.0
41657,1,15506.0,130.0
41658,1,42832.0,130.0
41659,1,33595.0,130.0
41660,1,46957.0,130.0
41661,1,113369.0,130.0
41662,1,46957.0,130.0
41663,1,51597.0,130.0
41664,1,17508.0,130.0
41665,1,35228.0,130.0
41666,1,49000.0,130.0
41667,1,50112.0,130.0
41668,1,354722.0,112.0
41669,1,2000.0,103.0
41670,1,17019.0,177.0
41671,1,1546.0,139.0
41672,1,42104.0,167.0
41673,1,28221.0,131.0
41674,1,928.0,196.0
41675,1,15126.0,127.0
41676,1,133.0,111.0
41677,1,2616.0,200.0
41678,1,16657.0,211.0
41679,1,411.0,184.0
41680,1,203.0,181.0
41681,1,0.0,131.0
41682,1,0.0,131.0
41683,1,891.0,117.0
41684,1,13406.0,125.0
41685,1,129.0,200.0
41686,1,34184.0,156.0
41687,1,10422.0,156.0
41688,1,93.0,190.0
41689,1,1964.0,188.0
41690,1,937.0,122.0
41691,1,51.0,200.0
41692,1,63.0,184.0
41693,1,28.0,184.0
41694,1,188464.0,213.0
41695,1,53266.0,112.0
41696,1,40642.0,249.0
41697,1,18829.0,141.0
41698,1,265.0,137.0
41699,1,48275.0,112.0
41700,1,31.0,178.0
41701,1,978.0,197.0
41702,1,690.0,203.0
41703,1,274.0,203.0
41704,1,61.0,123.0
41705,1,203.0,131.0
41706,1,40.0,223.0
41707,1,2065.0,186.0
41708,1,2978.0,185.0
41709,1,4137.0,186.0
41710,1,45.0,188.0
41711,1,6843.0,133.0
41712,1,194.0,193.0
41713,1,139.0,193.0
41714,1,323.0,193.0
41715,1,93.0,178.0
41716,1,6202.0,180.0
41717,1,31.0,114.0
41718,1,62.0,178.0
41719,1,30919.0,171.0
41720,1,0.0,128.0
41721,1,220.0,128.0
41722,1,0.0,128.0
41723,1,1318.0,197.0
41724,1,75.0,215.0
41725,1,108.0,197.0
41726,1,31.0,126.0
41727,1,1485.0,111.0
41728,1,189.0,215.0
41729,1,243.0,215.0
41730,1,2806.0,182.0
41731,1,155040.0,315.0
41732,1,3235.0,184.0
41733,1,270.0,202.0
41734,1,2302.0,353.0
41735,1,25.0,246.0
41736,1,632.0,242.0
41737,1,1712.0,242.0
41738,1,59232.0,136.0
41739,1,0.0,128.0
41740,1,226.0,203.0
41741,1,3968.0,267.0
41742,1,1905.0,267.0
41743,1,3119.0,267.0
41744,1,6187.0,267.0
41745,1,5755.0,267.0
41746,1,7123.0,267.0
41747,1,707.0,267.0
41748,1,713.0,267.0
41749,1,878.0,267.0
41750,1,60731.0,138.0
41751,1,49739.0,138.0
41752,1,6573.0,214.0
41753,1,3113.0,124.0
41754,1,87.0,245.0
41755,1,171.0,111.0
41756,1,8573.0,138.0
41757,1,64344.0,133.0
41758,1,2902.0,186.0
41759,1,898.0,186.0
41760,1,535.0,186.0
41761,1,2375.0,186.0
41762,1,8837.0,147.0
41763,1,5546.0,147.0
41764,1,21616.0,122.0
41765,1,36470.0,122.0
41766,1,13047.0,123.0
41767,1,203.0,131.0
41768,1,154.0,131.0
41769,1,1679.0,131.0
41770,1,8428.0,131.0
41771,1,640.0,131.0
41772,1,31.0,353.0
41773,1,2172.0,229.0
41774,1,5608.0,184.0
41775,1,5827.0,138.0
41776,1,48.0,120.0
41777,1,766.0,120.0
41778,1,734.0,120.0
41779,1,312.0,120.0
41780,1,62.0,178.0
41781,1,61.0,178.0
41782,1,38.0,327.0
41783,1,564.0,327.0
41784,1,476.0,327.0
41785,1,50.0,186.0
41786,1,200.0,245.0
41787,1,97.0,178.0
41788,1,1616.0,195.0
41789,1,8593.0,132.0
41790,1,10391.0,169.0
41791,1,2846.0,169.0
41792,1,7531.0,169.0
41793,1,578.0,131.0
41794,1,2210.0,131.0
41795,1,1874.0,131.0
41796,1,46.0,178.0
41797,1,46.0,178.0
41798,1,1518.0,199.0
41799,1,570.0,124.0
41800,1,1059.0,178.0
41801,1,1810.0,229.0
41802,1,77948.0,715.0
41803,1,21468.0,135.0
41804,1,1109.0,135.0
41805,1,6750.0,135.0
41806,1,422.0,132.0
41807,1,599.0,132.0
41808,1,501.0,132.0
41809,1,62.0,178.0
41810,1,31.0,178.0
41811,1,46.0,178.0
41812,1,62.0,178.0
41813,1,526.0,169.0
41814,1,296.0,129.0
41815,1,1203.0,123.0
41816,1,1014.0,123.0
41817,1,2859.0,123.0
41818,1,1219.0,123.0
41819,1,31.0,178.0
41820,1,78.0,178.0
41821,1,812.0,205.0
41822,1,11225.0,205.0
41823,1,31453.0,205.0
41824,1,46.0,178.0
41825,1,179.0,178.0
41826,1,611.0,200.0
41827,1,353.0,204.0
41828,1,14.0,120.0
41829,1,30.0,120.0
41830,1,1593.0,114.0
41831,1,796.0,181.0
41832,1,765.0,181.0
41833,1,453.0,175.0
41834,1,471.0,175.0
41835,1,2099.0,203.0
41836,1,2783.0,225.0
41837,1,1890.0,130.0
41838,1,817.0,182.0
41839,1,1155.0,166.0
41840,1,12818.0,166.0
41841,1,7547.0,120.0
41842,1,113889.0,139.0
41843,1,120451.0,139.0
41844,1,114897.0,139.0
41845,1,109123.0,139.0
41846,1,796.0,181.0
41847,1,433.0,181.0
41848,1,796.0,181.0
41849,1,453.0,181.0
41850,1,500.0,181.0
41851,1,13256.0,181.0
41852,1,59900.0,111.0
41853,1,42.0,186.0
41854,1,667.0,186.0
41855,1,300056.0,248.0
41856,1,2663.0,192.0
41857,1,1543.0,200.0
41858,1,2763.0,196.0
41859,1,4468.0,126.0
41860,1,1248.0,176.0
41861,1,4021.0,201.0
41862,1,215.0,204.0
41863,1,91955.0,188.0
41864,1,1245.0,163.0
41865,1,796.0,114.0
41866,1,1262.0,175.0
41867,1,1009.0,221.0
41868,1,2687.0,193.0
41869,1,6792.0,187.0
41870,1,3510.0,187.0
41871,1,3486.0,203.0
41872,1,656.0,175.0
41873,1,2424.0,115.0
41874,1,1499.0,153.0
41875,1,928.0,168.0
41876,1,14744.0,203.0
41877,1,1982.0,194.0
41878,1,2805.0,194.0
41879,1,30057.0,194.0
41880,1,9473.0,194.0
41881,1,35723.0,194.0
41882,1,1282.0,114.0
41883,1,5031.0,114.0
41884,1,780.0,114.0
41885,1,2296.0,114.0
41886,1,970.0,126.0
41887,1,4114.0,126.0
41888,1,4784.0,215.0
41889,1,95066.0,215.0
41890,1,9562.0,113.0
41891,1,4519.0,126.0
41892,1,937.0,132.0
41893,1,158842.0,149.0
41894,1,27474.0,144.0
41895,1,310.0,194.0
41896,1,2431.0,129.0
41897,1,7837.0,129.0
41898,1,6493.0,219.0
41899,1,141.0,113.0
41900,1,549.0,95.0
41901,1,3758.0,112.0
41902,1,979.0,183.0
41903,1,15.0,132.0
41904,1,1585.0,167.0
41905,1,204.0,117.0
41906,1,11.0,95.0
41907,1,31.0,117.0
41908,1,300052.0,137.0
41909,1,15756.0,124.0
41910,1,890.0,238.0
41911,1,16838.0,219.0
41912,1,265.0,149.0
41913,1,300127.0,149.0
41914,1,218.0,149.0
41915,1,1697.0,144.0
41916,1,2408.0,188.0
41917,1,1386.0,186.0
41918,1,1496.0,180.0
41919,1,300518.0,144.0
41920,1,562.0,175.0
41921,1,531.0,175.0
41922,1,767.0,175.0
41923,1,64.0,204.0
41924,1,110679.0,139.0
41925,1,154.0,208.0
41926,1,883.0,221.0
41927,1,13204.0,125.0
41928,1,2604.0,125.0
41929,1,171.0,144.0
41930,1,3218.0,180.0
41931,1,3510.0,168.0
41932,1,4945.0,119.0
41933,1,281.0,119.0
41934,1,17700.0,132.0
41935,1,15647.0,132.0
41936,1,2102.0,99.0
41937,1,62.0,178.0
41938,1,51700.0,93.0
41939,1,1051.0,180.0
41940,1,1771.0,180.0
41941,1,1358.0,200.0
41942,1,1310.0,200.0
41943,1,1376.0,200.0
41944,1,62.0,178.0
41945,1,46.0,178.0
41946,1,64.0,213.0
41947,1,1265.0,119.0
41948,1,3318.0,119.0
41949,1,100030.0,119.0
41950,1,100035.0,119.0
41951,1,62.0,178.0
41952,1,84976.0,119.0
41953,1,65315.0,119.0
41954,1,80898.0,187.0
41955,1,2585.0,202.0
41956,1,77.0,200.0
41957,1,235533.0,159.0
41958,1,15485.0,313.0
41959,1,15431.0,313.0
41960,1,469.0,313.0
41961,1,15895.0,313.0
41962,1,151608.0,313.0
41963,1,15.0,178.0
41964,1,34480.0,108.0
41965,1,35644.0,179.0
41966,1,350.0,111.0
41967,1,31.0,178.0
41968,1,1409.0,136.0
41969,1,3006.0,139.0
41970,1,7888.0,180.0
41971,1,1459.0,134.0
41972,1,34890.0,134.0
41973,1,78.0,178.0
41974,1,2012.0,110.0
41975,1,96.0,175.0
41976,1,62.0,178.0
41977,1,87626.0,242.0
41978,1,5448.0,227.0
41979,1,46.0,178.0
41980,1,584.0,227.0
41981,1,4294.0,227.0
41982,1,46.0,178.0
41983,1,68.0,195.0
41984,1,2086.0,110.0
41985,1,20653.0,285.0
41986,1,440.0,285.0
41987,1,987.0,148.0
41988,1,9135.0,148.0
41989,1,156.0,195.0
41990,1,62.0,178.0
41991,1,1604.0,183.0
41992,1,3017.0,259.0
41993,1,62.0,178.0
41994,1,1731.0,114.0
41995,1,7589.0,201.0
41996,1,447.0,237.0
41997,1,2548.0,148.0
41998,1,223.0,139.0
41999,1,204.0,139.0
42000,1,150.0,208.0
42001,1,185.0,208.0
42002,1,78673.0,96.0
42003,1,129075.0,96.0
42004,1,201.0,174.0
42005,1,3096.0,174.0
42006,1,3810.0,197.0
42007,1,61605.0,134.0
42008,1,3192.0,209.0
42009,1,2855.0,179.0
42010,1,1244.0,179.0
42011,1,374.0,134.0
42012,1,609.0,134.0
42013,1,7274.0,169.0
42014,1,1099.0,128.0
42015,1,47.0,134.0
42016,1,31.0,134.0
42017,1,18.0,134.0
42018,1,1262.0,134.0
42019,1,284.0,236.0
42020,1,966.0,139.0
42021,1,1072.0,139.0
42022,1,834.0,139.0
42023,1,4914.0,210.0
42024,1,358.0,199.0
42025,1,93.0,126.0
42026,1,5814.0,139.0
42027,1,1660.0,139.0
42028,1,19151.0,148.0
42029,1,58.0,212.0
42030,1,15035.0,173.0
42031,1,56266.0,228.0
42032,1,5102.0,179.0
42033,1,59955.0,133.0
42034,1,374.0,199.0
42035,1,17381.0,196.0
42036,1,4681.0,196.0
42037,1,415.0,196.0
42038,1,15449.0,173.0
42039,1,3234.0,193.0
42040,1,1657.0,104.0
42041,1,1036.0,193.0
42042,1,63.0,176.0
42043,1,15354.0,163.0
42044,1,1747.0,129.0
42045,1,15914.0,163.0
42046,1,1856.0,204.0
42047,1,502.0,116.0
42048,1,527.0,182.0
42049,1,3697.0,114.0
42050,1,1250.0,130.0
42051,1,3005.0,130.0
42052,1,312.0,141.0
42053,1,4649.0,141.0
42054,1,52535.0,129.0
42055,1,190.0,120.0
42056,1,98071.0,198.0
42057,1,1733.0,317.0
42058,1,296.0,178.0
42059,1,10185.0,193.0
42060,1,1343.0,116.0
42061,1,370.0,223.0
42062,1,253136.0,223.0
42063,1,359.0,178.0
42064,1,2386.0,795.0
42065,1,2390.0,123.0
42066,1,1875.0,176.0
42067,1,834.0,176.0
42068,1,2322.0,111.0
42069,1,0.0,113.0
42070,1,15.0,107.0
42071,1,5561.0,110.0
42072,1,3628.0,211.0
42073,1,43297.0,211.0
42074,1,139016.0,300.0
42075,1,623.0,111.0
42076,1,215.0,210.0
42077,1,305.0,211.0
42078,1,36.0,211.0
42079,1,136.0,111.0
42080,1,3000.0,180.0
42081,1,4184.0,180.0
42082,1,4915.0,178.0
42083,1,13021.0,213.0
42084,1,3538.0,111.0
42085,1,3961.0,138.0
42086,1,255279.0,260.0
42087,1,300109.0,216.0
42088,1,3744.0,111.0
42089,1,10183.0,197.0
42090,1,10145.0,197.0
42091,1,9411.0,197.0
42092,1,807.0,201.0
42093,1,3835.0,205.0
42094,1,2012.0,205.0
42095,1,114210.0,112.0
42096,1,1640.0,141.0
42097,1,1786.0,223.0
42098,1,3962.0,111.0
42099,1,2437.0,260.0
42100,1,6118.0,196.0
42101,1,3407.0,116.0
42102,1,601682.0,434.0
42103,1,977.0,189.0
42104,1,716.0,111.0
42105,1,5213.0,223.0
42106,1,11941.0,223.0
42107,1,1933.0,223.0
42108,1,96.0,223.0
42109,1,1198.0,121.0
42110,1,277.0,188.0
42111,1,40.0,216.0
42112,1,6885.0,205.0
42113,1,319.0,191.0
42114,1,600130.0,213.0
42115,1,1627.0,184.0
42116,1,526.0,184.0
42117,1,597.0,186.0
42118,1,79.0,110.0
42119,1,15846.0,110.0
42120,1,121.0,110.0
42121,1,8784.0,108.0
42122,1,0.0,177.0
42123,1,760.0,150.0
42124,1,36856.0,227.0
42125,1,39.0,189.0
42126,1,456.0,189.0
42127,1,855.0,111.0
42128,1,6710.0,215.0
42129,1,0.0,117.0
42130,1,3581.0,233.0
42131,1,628.0,111.0
42132,1,536.0,140.0
42133,1,386.0,180.0
42134,1,1399.0,180.0
42135,1,227.0,180.0
42136,1,255.0,180.0
42137,1,176.0,180.0
42138,1,343.0,180.0
42139,1,2568.0,111.0
42140,1,528.0,121.0
42141,1,419.0,121.0
42142,1,906.0,121.0
42143,1,1283.0,121.0
42144,1,50.0,111.0
42145,1,361.0,121.0
42146,1,2650.0,218.0
42147,1,31.0,128.0
42148,1,1080.0,98.0
42149,1,3646.0,98.0
42150,1,27549.0,168.0
42151,1,4025.0,223.0
42152,1,46.0,128.0
42153,1,210.0,223.0
42154,1,46.0,178.0
42155,1,6801.0,140.0
42156,1,171.0,200.0
42157,1,2708.0,127.0
42158,1,2689.0,127.0
42159,1,1120.0,202.0
42160,1,1208.0,202.0
42161,1,3276.0,202.0
42162,1,18480.0,260.0
42163,1,46.0,178.0
42164,1,93.0,178.0
42165,1,2213.0,112.0
42166,1,22890.0,125.0
42167,1,138795.0,147.0
42168,1,538.0,128.0
42169,1,158.0,193.0
42170,1,1487.0,193.0
42171,1,375.0,193.0
42172,1,154.0,193.0
42173,1,2848.0,223.0
42174,1,1465.0,223.0
42175,1,80.0,178.0
42176,1,91.0,213.0
42177,1,100117.0,130.0
42178,1,1229.0,178.0
42179,1,1252.0,178.0
42180,1,1391.0,178.0
42181,1,1413.0,200.0
42182,1,1732.0,200.0
42183,1,3774.0,200.0
42184,1,234.0,114.0
42185,1,93.0,114.0
42186,1,163.0,223.0
42187,1,5206.0,223.0
42188,1,3752.0,193.0
42189,1,1044.0,193.0
42190,1,27.0,240.0
42191,1,3024.0,187.0
42192,1,42825.0,234.0
42193,1,19028.0,160.0
42194,1,227458.0,114.0
42195,1,16437.0,114.0
42196,1,32.0,190.0
42197,1,43.0,190.0
42198,1,10961.0,137.0
42199,1,2984.0,171.0
42200,1,120.0,213.0
42201,1,62.0,142.0
42202,1,430.0,350.0
42203,1,60642.0,135.0
42204,1,1469.0,193.0
42205,1,359.0,193.0
42206,1,0.0,135.0
42207,1,11279.0,224.0
42208,1,6810.0,350.0
42209,1,82.0,121.0
42210,1,217.0,183.0
42211,1,1862.0,158.0
42212,1,218.0,112.0
42213,1,943.0,191.0
42214,1,141.0,114.0
42215,1,46.0,114.0
42216,1,625.0,114.0
42217,1,10500.0,140.0
42218,1,138.0,189.0
42219,1,1499.0,189.0
42220,1,13788.0,106.0
42221,1,4397.0,205.0
42222,1,1.0,193.0
42223,1,1682.0,158.0
42224,1,1888.0,158.0
42225,1,492.0,158.0
42226,1,2379.0,131.0
42227,1,88.0,181.0
42228,1,100101.0,130.0
42229,1,1593.0,130.0
42230,1,1431.0,181.0
42231,1,36406.0,133.0
42232,1,3332.0,193.0
42233,1,30898.0,200.0
42234,1,148.0,201.0
42235,1,300865.0,222.0
42236,1,3023.0,181.0
42237,1,2234.0,181.0
42238,1,424.0,111.0
42239,1,156.0,104.0
42240,1,2281.0,142.0
42241,1,607.0,112.0
42242,1,832.0,198.0
42243,1,3815.0,198.0
42244,1,1740.0,196.0
42245,1,147847.0,220.0
42246,1,753.0,190.0
42247,1,741.0,190.0
42248,1,3645.0,158.0
42249,1,30769.0,278.0
42250,1,34044.0,278.0
42251,1,29312.0,278.0
42252,1,30390.0,278.0
42253,1,1133.0,129.0
42254,1,1333.0,196.0
42255,1,1369.0,224.0
42256,1,80.0,196.0
42257,1,1219.0,196.0
42258,1,2615.0,114.0
42259,1,2143.0,158.0
42260,1,67.0,158.0
42261,1,17305.0,162.0
42262,1,17911.0,162.0
42263,1,17185.0,162.0
42264,1,70.0,193.0
42265,1,335.0,191.0
42266,1,2561.0,192.0
42267,1,503.0,183.0
42268,1,119.0,212.0
42269,1,406.0,128.0
42270,1,270.0,104.0
42271,1,4980.0,108.0
42272,1,5732.0,145.0
42273,1,9231.0,168.0
42274,1,22659.0,168.0
42275,1,22723.0,168.0
42276,1,35384.0,168.0
42277,1,3710.0,168.0
42278,1,157.0,129.0
42279,1,68.0,145.0
42280,1,4364.0,116.0
42281,1,93.0,132.0
42282,1,1374.0,132.0
42283,1,109.0,134.0
42284,1,719.0,125.0
42285,1,1390.0,119.0
42286,1,1529.0,212.0
42287,1,3454.0,161.0
42288,1,4809.0,161.0
42289,1,9666.0,92.0
42290,1,24695.0,109.0
42291,1,234.0,116.0
42292,1,234.0,116.0
42293,1,693.0,190.0
42294,1,63.0,195.0
42295,1,739.0,196.0
42296,1,607.0,196.0
42297,1,338.0,186.0
42298,1,1597.0,186.0
42299,1,622.0,104.0
42300,1,79.0,116.0
42301,1,202.0,136.0
42302,1,36911.0,116.0
42303,1,15480.0,173.0
42304,1,1906.0,125.0
42305,1,19126.0,256.0
42306,1,39057.0,256.0
42307,1,1219.0,183.0
42308,1,1760.0,183.0
42309,1,260.0,183.0
42310,1,1154.0,183.0
42311,1,759.0,183.0
42312,1,650.0,202.0
42313,1,263.0,202.0
42314,1,4365.0,178.0
42315,1,562.0,136.0
42316,1,9124.0,185.0
42317,1,9861.0,166.0
42318,1,43345.0,210.0
42319,1,729.0,201.0
42320,1,1649.0,158.0
42321,1,9476.0,176.0
42322,1,15027.0,176.0
42323,1,136.0,102.0
42324,1,113.0,102.0
42325,1,2140.0,166.0
42326,1,788.0,226.0
42327,1,777.0,162.0
42328,1,768.0,226.0
42329,1,975.0,114.0
42330,1,7422.0,208.0
42331,1,82.0,158.0
42332,1,2687.0,124.0
42333,1,1469.0,104.0
42334,1,2304.0,96.0
42335,1,1250.0,124.0
42336,1,2296.0,131.0
42337,1,10716.0,139.0
42338,1,108.0,183.0
42339,1,48.0,158.0
42340,1,25108.0,224.0
42341,1,1260.0,187.0
42342,1,7489.0,147.0
42343,1,10473.0,176.0
42344,1,1940.0,206.0
42345,1,67.0,198.0
42346,1,48.0,198.0
42347,1,66387.0,134.0
42348,1,3813.0,142.0
42349,1,3421.0,142.0
42350,1,22630.0,142.0
42351,1,612.0,183.0
42352,1,13.0,198.0
42353,1,3597.0,92.0
42354,1,58.0,187.0
42355,1,674.0,187.0
42356,1,4618.0,183.0
42357,1,154839.0,92.0
42358,1,1640.0,139.0
42359,1,546.0,134.0
42360,1,581.0,139.0
42361,1,36408.0,126.0
42362,1,300040.0,126.0
42363,1,3475.0,195.0
42364,1,5064.0,149.0
42365,1,328.0,149.0
42366,1,12357.0,122.0
42367,1,4875.0,142.0
42368,1,326.0,131.0
42369,1,300196.0,205.0
42370,1,875.0,147.0
42371,1,16483.0,168.0
42372,1,271299.0,140.0
42373,1,30743.0,111.0
42374,1,718.0,224.0
42375,1,1843.0,158.0
42376,1,1671.0,158.0
42377,1,300046.0,126.0
42378,1,843.0,141.0
42379,1,300124.0,122.0
42380,1,35574.0,224.0
42381,1,87848.0,279.0
42382,1,171.0,279.0
42383,1,3817.0,138.0
42384,1,3821.0,122.0
42385,1,13282.0,123.0
42386,1,1363.0,112.0
42387,1,11487.0,115.0
42388,1,330541.0,143.0
42389,1,78.0,137.0
42390,1,140.0,137.0
42391,1,73.0,175.0
42392,1,953.0,151.0
42393,1,3666.0,151.0
42394,1,4127.0,151.0
42395,1,2906.0,131.0
42396,1,1259.0,131.0
42397,1,2000.0,131.0
42398,1,1031.0,131.0
42399,1,2172.0,131.0
42400,1,2801.0,131.0
42401,1,2381.0,151.0
42402,1,1015.0,151.0
42403,1,33795.0,151.0
42404,1,972.0,151.0
42405,1,9627.0,151.0
42406,1,2350.0,151.0
42407,1,6315.0,151.0
42408,1,8891.0,151.0
42409,1,8610.0,151.0
42410,1,2537.0,151.0
42411,1,6450.0,151.0
42412,1,8799.0,151.0
42413,1,9680.0,151.0
42414,1,581.0,175.0
42415,1,62.0,140.0
42416,1,2734.0,138.0
42417,1,392.0,114.0
42418,1,28502.0,133.0
42419,1,655.0,119.0
42420,1,1201.0,119.0
42421,1,613.0,119.0
42422,1,11090.0,151.0
42423,1,687.0,151.0
42424,1,10870.0,151.0
42425,1,8766.0,151.0
42426,1,736.0,151.0
42427,1,1432.0,151.0
42428,1,31.0,151.0
42429,1,3876.0,151.0
42430,1,980.0,151.0
42431,1,59811.0,132.0
42432,1,30.0,158.0
42433,1,656.0,132.0
42434,1,359.0,132.0
42435,1,7891.0,181.0
42436,1,16454.0,191.0
42437,1,31950.0,217.0
42438,1,1022.0,193.0
42439,1,4094.0,207.0
42440,1,8813.0,151.0
42441,1,8829.0,151.0
42442,1,1499.0,151.0
42443,1,8620.0,151.0
42444,1,3057.0,138.0
42445,1,4906.0,132.0
42446,1,4642.0,112.0
42447,1,12235.0,114.0
42448,1,966.0,115.0
42449,1,466.0,115.0
42450,1,123.0,116.0
42451,1,147.0,158.0
42452,1,13586.0,137.0
42453,1,1904.0,158.0
42454,1,465.0,158.0
42455,1,31.0,119.0
42456,1,7454.0,119.0
42457,1,988.0,119.0
42458,1,12225.0,113.0
42459,1,1482.0,151.0
42460,1,1482.0,151.0
42461,1,12430.0,151.0
42462,1,3084.0,151.0
42463,1,2072.0,151.0
42464,1,2875.0,132.0
42465,1,2796.0,132.0
42466,1,50.0,153.0
42467,1,2188.0,153.0
42468,1,38.0,173.0
42469,1,3156.0,132.0
42470,1,42158.0,132.0
42471,1,48549.0,132.0
42472,1,14569.0,132.0
42473,1,48549.0,132.0
42474,1,2265.0,132.0
42475,1,140.0,120.0
42476,1,533.0,119.0
42477,1,406.0,123.0
42478,1,109.0,135.0
42479,1,437.0,111.0
42480,1,218.0,116.0
42481,1,220.0,119.0
42482,1,9913.0,114.0
42483,1,38047.0,146.0
42484,1,953.0,134.0
42485,1,899.0,182.0
42486,1,233.0,197.0
42487,1,501.0,197.0
42488,1,1132.0,98.0
42489,1,108.0,200.0
42490,1,3647.0,220.0
42491,1,125.0,118.0
42492,1,2162.0,220.0
42493,1,25399.0,210.0
42494,1,11472.0,161.0
42495,1,158146.0,216.0
42496,1,1391.0,221.0
42497,1,6303.0,127.0
42498,1,0.0,107.0
42499,1,7080.0,118.0
42500,1,1023.0,168.0
42501,1,1606.0,179.0
42502,1,312.0,169.0
42503,1,47.0,158.0
42504,1,656.0,182.0
42505,1,1767.0,158.0
42506,1,533.0,112.0
42507,1,1956.0,158.0
42508,1,4620.0,118.0
42509,1,562.0,111.0
42510,1,1083.0,186.0
42511,1,176.0,117.0
42512,1,300369.0,203.0
42513,1,21967.0,119.0
42514,1,789.0,205.0
42515,1,625.0,114.0
42516,1,205.0,116.0
42517,1,53969.0,118.0
42518,1,748.0,225.0
42519,1,2894.0,225.0
42520,1,1391.0,225.0
42521,1,3768.0,225.0
42522,1,8112.0,225.0
42523,1,8174.0,225.0
42524,1,2077.0,225.0
42525,1,275.0,225.0
42526,1,783.0,225.0
42527,1,3129.0,225.0
42528,1,406.0,120.0
42529,1,248.0,225.0
42530,1,811.0,225.0
42531,1,8418.0,225.0
42532,1,3385.0,225.0
42533,1,833.0,225.0
42534,1,8872.0,195.0
42535,1,125.0,115.0
42536,1,38362.0,161.0
42537,1,29490.0,161.0
42538,1,2769.0,130.0
42539,1,122.0,121.0
42540,1,280.0,225.0
42541,1,8886.0,225.0
42542,1,29617.0,161.0
42543,1,43431.0,178.0
42544,1,12763.0,178.0
42545,1,13938.0,178.0
42546,1,32.0,110.0
42547,1,4987.0,112.0
42548,1,1883.0,112.0
42549,1,9848.0,145.0
42550,1,13700.0,113.0
42551,1,606.0,225.0
42552,1,1799.0,225.0
42553,1,2006.0,182.0
42554,1,10111.0,113.0
42555,1,3355.0,212.0
42556,1,6188.0,185.0
42557,1,200.0,201.0
42558,1,6776.0,145.0
42559,1,372.0,181.0
42560,1,11647.0,130.0
42561,1,47.0,180.0
42562,1,89.0,180.0
42563,1,5119.0,180.0
42564,1,4339.0,180.0
42565,1,5465.0,197.0
42566,1,9235.0,113.0
42567,1,6654.0,113.0
42568,1,300096.0,113.0
42569,1,12555.0,464.0
42570,1,72346.0,464.0
42571,1,10362.0,464.0
42572,1,9383.0,135.0
42573,1,135185.0,135.0
42574,1,586.0,197.0
42575,1,695.0,219.0
42576,1,170058.0,182.0
42577,1,322048.0,193.0
42578,1,73371.0,193.0
42579,1,5638.0,193.0
42580,1,13733.0,193.0
42581,1,3684.0,133.0
42582,1,22968.0,133.0
42583,1,3752.0,133.0
42584,1,20.0,155.0
42585,1,596.0,212.0
42586,1,421.0,212.0
42587,1,439072.0,166.0
42588,1,117916.0,166.0
42589,1,5768.0,193.0
42590,1,3445.0,182.0
42591,1,8582.0,182.0
42592,1,56972.0,182.0
42593,1,240573.0,182.0
42594,1,3270.0,182.0
42595,1,115942.0,224.0
42596,1,781.0,112.0
42597,1,109.0,111.0
42598,1,1750.0,132.0
42599,1,312.0,111.0
42600,1,372.0,111.0
42601,1,93.0,112.0
42602,1,140.0,120.0
42603,1,2105.0,120.0
42604,1,2938.0,120.0
42605,1,1812.0,120.0
42606,1,1090.0,134.0
42607,1,55610.0,154.0
42608,1,596.0,120.0
42609,1,502.0,120.0
42610,1,126.0,120.0
42611,1,140.0,133.0
42612,1,2265.0,131.0
42613,1,0.0,134.0
42614,1,57.0,158.0
42615,1,70657.0,182.0
42616,1,390.0,137.0
42617,1,3327.0,122.0
42618,1,2198.0,112.0
42619,1,2372.0,160.0
42620,1,413.0,212.0
42621,1,170.0,192.0
42622,1,4750.0,130.0
42623,1,4615.0,192.0
42624,1,1337.0,189.0
42625,1,1520.0,196.0
42626,1,6887.0,219.0
42627,1,7779.0,110.0
42628,1,2880.0,148.0
42629,1,2423.0,106.0
42630,1,536.0,196.0
42631,1,5184.0,196.0
42632,1,220.0,196.0
42633,1,2187.0,113.0
42634,1,1655.0,125.0
42635,1,245.0,361.0
42636,1,1967.0,121.0
42637,1,3862.0,197.0
42638,1,931.0,197.0
42639,1,1400.0,187.0
42640,1,1143.0,249.0
42641,1,2168.0,122.0
42642,1,4602.0,98.0
42643,1,78.0,98.0
42644,1,56105.0,98.0
42645,1,7853.0,98.0
42646,1,1147.0,175.0
42647,1,0.0,121.0
42648,1,844.0,121.0
42649,1,100527.0,121.0
42650,1,19026.0,121.0
42651,1,3231.0,169.0
42652,1,102.0,158.0
42653,1,802.0,206.0
42654,1,13001.0,136.0
42655,1,31.0,146.0
42656,1,8917.0,170.0
42657,1,18727.0,120.0
42658,1,5861.0,211.0
42659,1,16873.0,117.0
42660,1,265.0,135.0
42661,1,20447.0,189.0
42662,1,15588.0,211.0
42663,1,5952.0,111.0
42664,1,172.0,134.0
42665,1,28326.0,161.0
42666,1,6989.0,197.0
42667,1,218.0,137.0
42668,1,218.0,118.0
42669,1,45.0,158.0
42670,1,68.0,158.0
42671,1,1547.0,158.0
42672,1,282.0,225.0
42673,1,121505.0,162.0
42674,1,2240.0,177.0
42675,1,48.0,207.0
42676,1,85558.0,139.0
42677,1,400.0,158.0
42678,1,757.0,158.0
42679,1,7560.0,107.0
42680,1,1923.0,158.0
42681,1,36.0,158.0
42682,1,221707.0,196.0
42683,1,29.0,180.0
42684,1,734.0,124.0
42685,1,15626.0,99.0
42686,1,8155.0,201.0
42687,1,90198.0,372.0
42688,1,714.0,189.0
42689,1,93387.0,196.0
42690,1,4080.0,205.0
42691,1,76257.0,196.0
42692,1,5476.0,196.0
42693,1,550.0,107.0
42694,1,36410.0,115.0
42695,1,65.0,158.0
42696,1,209986.0,119.0
42697,1,41.0,158.0
42698,1,150.0,196.0
42699,1,431.0,119.0
42700,1,187.0,119.0
42701,1,618.0,119.0
42702,1,34367.0,119.0
42703,1,35167.0,119.0
42704,1,5128.0,201.0
42705,1,16441.0,201.0
42706,1,12195.0,197.0
42707,1,1724.0,158.0
42708,1,10603.0,197.0
42709,1,12273.0,197.0
42710,1,132004.0,197.0
42711,1,1033.0,165.0
42712,1,2941.0,171.0
42713,1,20110.0,119.0
42714,1,1479.0,125.0
42715,1,3083.0,209.0
42716,1,171.0,209.0
42717,1,408.0,196.0
42718,1,1740.0,189.0
42719,1,2107.0,187.0
42720,1,2329.0,118.0
42721,1,20835.0,118.0
42722,1,171.0,110.0
42723,1,7303.0,171.0
42724,1,63.0,158.0
42725,1,191.0,171.0
42726,1,234.0,171.0
42727,1,281.0,171.0
42728,1,718.0,171.0
42729,1,2033.0,196.0
42730,1,95.0,120.0
42731,1,22511.0,200.0
42732,1,468.0,179.0
42733,1,424.0,137.0
42734,1,1740.0,163.0
42735,1,191609.0,144.0
42736,1,256752.0,144.0
42737,1,15558.0,117.0
42738,1,300058.0,133.0
42739,1,300047.0,133.0
42740,1,4274.0,186.0
42741,1,165802.0,144.0
42742,1,495.0,174.0
42743,1,2062.0,129.0
42744,1,1742.0,174.0
42745,1,547.0,193.0
42746,1,125.0,193.0
42747,1,27634.0,236.0
42748,1,300561.0,151.0
42749,1,300480.0,158.0
42750,1,84986.0,127.0
42751,1,4609.0,139.0
42752,1,29751.0,161.0
42753,1,25930.0,161.0
42754,1,1453.0,119.0
42755,1,13836.0,192.0
42756,1,180.0,189.0
42757,1,128.0,189.0
42758,1,63.0,111.0
42759,1,640.0,144.0
42760,1,202.0,189.0
42761,1,210.0,189.0
42762,1,2261.0,189.0
42763,1,4012.0,179.0
42764,1,469.0,115.0
42765,1,2104.0,187.0
42766,1,3034.0,158.0
42767,1,6958.0,158.0
42768,1,5903.0,143.0
42769,1,48.0,158.0
42770,1,16250.0,119.0
42771,1,231.0,158.0
42772,1,49.0,158.0
42773,1,6230.0,125.0
42774,1,441.0,125.0
42775,1,1.0,178.0
42776,1,103823.0,180.0
42777,1,1005.0,106.0
42778,1,4687.0,190.0
42779,1,3566.0,189.0
42780,1,768.0,189.0
42781,1,324.0,182.0
42782,1,1713.0,144.0
42783,1,22.0,177.0
42784,1,386.0,105.0
42785,1,16027.0,156.0
42786,1,12817.0,156.0
42787,1,4626.0,156.0
42788,1,224.0,156.0
42789,1,3758.0,186.0
42790,1,8005.0,183.0
42791,1,552.0,193.0
42792,1,15661.0,188.0
42793,1,140.0,187.0
42794,1,312.0,187.0
42795,1,171.0,187.0
42796,1,6284.0,190.0
42797,1,121531.0,126.0
42798,1,734.0,129.0
42799,1,405.0,179.0
42800,1,938.0,204.0
42801,1,3852.0,126.0
42802,1,1491.0,158.0
42803,1,359.0,134.0
42804,1,7395.0,171.0
42805,1,2609.0,161.0
42806,1,80030.0,161.0
42807,1,21609.0,161.0
42808,1,3156.0,180.0
42809,1,583.0,184.0
42810,1,7231.0,171.0
42811,1,103161.0,134.0
42812,1,21767.0,152.0
42813,1,234.0,126.0
42814,1,176.0,182.0
42815,1,437.0,162.0
42816,1,437.0,162.0
42817,1,234.0,162.0
42818,1,234.0,162.0
42819,1,12174.0,162.0
42820,1,12190.0,162.0
42821,1,8005.0,210.0
42822,1,31046.0,210.0
42823,1,6594.0,210.0
42824,1,4072.0,197.0
42825,1,9452.0,197.0
42826,1,5330.0,105.0
42827,1,225.0,105.0
42828,1,2143.0,105.0
42829,1,785.0,105.0
42830,1,1192.0,105.0
42831,1,462.0,133.0
42832,1,470.0,154.0
42833,1,14528.0,164.0
42834,1,650.0,183.0
42835,1,19767.0,216.0
42836,1,17328.0,216.0
42837,1,20365.0,216.0
42838,1,25485.0,199.0
42839,1,14545.0,199.0
42840,1,857.0,117.0
42841,1,6095.0,190.0
42842,1,32247.0,123.0
42843,1,5130.0,203.0
42844,1,67719.0,139.0
42845,1,2341.0,190.0
42846,1,2049.0,196.0
42847,1,2741.0,196.0
42848,1,1884.0,206.0
42849,1,156.0,116.0
42850,1,596.0,108.0
42851,1,28.0,126.0
42852,1,4072.0,124.0
42853,1,216289.0,126.0
42854,1,1421.0,124.0
42855,1,102.0,184.0
42856,1,18.0,129.0
42857,1,2564.0,320.0
42858,1,10206.0,104.0
42859,1,6223.0,128.0
42860,1,207.0,205.0
42861,1,1715.0,112.0
42862,1,437.0,112.0
42863,1,71226.0,125.0
42864,1,3736.0,112.0
42865,1,1000.0,112.0
42866,1,15.0,190.0
42867,1,265.0,190.0
42868,1,3260.0,356.0
42869,1,7069.0,356.0
42870,1,1241.0,125.0
42871,1,1459.0,212.0
42872,1,4563.0,117.0
42873,1,21.0,168.0
42874,1,2163.0,184.0
42875,1,2296.0,211.0
42876,1,390.0,114.0
42877,1,1149.0,158.0
42878,1,1827.0,212.0
42879,1,259.0,196.0
42880,1,1054.0,215.0
42881,1,21516.0,175.0
42882,1,2981.0,53.0
42883,1,525.0,53.0
42884,1,29.0,177.0
42885,1,41.0,177.0
42886,1,1828.0,560.0
42887,1,22009.0,560.0
42888,1,2239.0,175.0
42889,1,8313.0,175.0
42890,1,1415.0,158.0
42891,1,302.0,158.0
42892,1,70.0,158.0
42893,1,91.0,158.0
42894,1,44.0,158.0
42895,1,7.0,190.0
42896,1,184896.0,124.0
42897,1,52310.0,119.0
42898,1,300110.0,149.0
42899,1,1954.0,201.0
42900,1,16027.0,102.0
42901,1,139951.0,118.0
42902,1,4724.0,210.0
42903,1,589.0,229.0
42904,1,74.0,229.0
42905,1,522.0,229.0
42906,1,5740.0,187.0
42907,1,1493.0,120.0
42908,1,30262.0,197.0
42909,1,2583.0,114.0
42910,1,298.0,158.0
42911,1,3734.0,141.0
42912,1,453.0,129.0
42913,1,93.0,141.0
42914,1,543.0,221.0
42915,1,20625.0,136.0
42916,1,66898.0,132.0
42917,1,46.0,129.0
42918,1,68681.0,120.0
42919,1,234.0,120.0
42920,1,8882.0,356.0
42921,1,437.0,156.0
42922,1,2813.0,142.0
42923,1,2643.0,111.0
42924,1,1454.0,197.0
42925,1,8615.0,101.0
42926,1,14303.0,120.0
42927,1,41376.0,437.0
42928,1,39855.0,128.0
42929,1,409.0,197.0
42930,1,18544.0,192.0
42931,1,4515.0,157.0
42932,1,2903.0,197.0
42933,1,2328.0,115.0
42934,1,8359.0,210.0
42935,1,849.0,210.0
42936,1,1004.0,221.0
42937,1,2661.0,197.0
42938,1,201.0,221.0
42939,1,2106.0,158.0
42940,1,29.0,158.0
42941,1,43.0,158.0
42942,1,44.0,158.0
42943,1,99.0,158.0
42944,1,189.0,158.0
42945,1,288.0,158.0
42946,1,139.0,158.0
42947,1,254.0,158.0
42948,1,59.0,158.0
42949,1,277.0,158.0
42950,1,501.0,229.0
42951,1,22221.0,124.0
42952,1,4306.0,197.0
42953,1,182.0,189.0
42954,1,1730.0,120.0
42955,1,1042.0,189.0
42956,1,857.0,207.0
42957,1,108.0,207.0
42958,1,1696.0,207.0
42959,1,789.0,207.0
42960,1,2531.0,116.0
42961,1,2830.0,116.0
42962,1,127.0,105.0
42963,1,2436.0,119.0
42964,1,20364.0,137.0
42965,1,1561.0,99.0
42966,1,510.0,221.0
42967,1,543.0,221.0
42968,1,3238.0,221.0
42969,1,2252.0,221.0
42970,1,12.0,196.0
42971,1,406.0,131.0
42972,1,481.0,137.0
42973,1,4222.0,137.0
42974,1,7074.0,110.0
42975,1,560.0,125.0
42976,1,2486.0,190.0
42977,1,2626.0,210.0
42978,1,65539.0,210.0
42979,1,178689.0,114.0
42980,1,190434.0,114.0
42981,1,159271.0,114.0
42982,1,22247.0,124.0
42983,1,21485.0,124.0
42984,1,875.0,137.0
42985,1,172.0,178.0
42986,1,300064.0,121.0
42987,1,152.0,205.0
42988,1,1010.0,114.0
42989,1,300057.0,124.0
42990,1,43.0,187.0
42991,1,3002.0,116.0
42992,1,1103.0,315.0
42993,1,475.0,124.0
42994,1,2626.0,215.0
42995,1,37.0,158.0
42996,1,39.0,158.0
42997,1,1860.0,106.0
42998,1,2590.0,116.0
42999,1,9480.0,196.0
43000,1,7288.0,196.0
43001,1,2765.0,123.0
43002,1,1203.0,123.0
43003,1,203.0,130.0
43004,1,734.0,130.0
43005,1,187.0,130.0
43006,1,1053.0,130.0
43007,1,1046.0,129.0
43008,1,116.0,129.0
43009,1,223.0,129.0
43010,1,2483.0,182.0
43011,1,2437.0,155.0
43012,1,80980.0,133.0
43013,1,5341.0,116.0
43014,1,444.0,197.0
43015,1,31365.0,121.0
43016,1,127559.0,121.0
43017,1,1970.0,187.0
43018,1,433.0,197.0
43019,1,89931.0,134.0
43020,1,300055.0,157.0
43021,1,8220.0,204.0
43022,1,27411.0,135.0
43023,1,296.0,108.0
43024,1,26.0,171.0
43025,1,4860.0,121.0
43026,1,24499.0,121.0
43027,1,300065.0,121.0
43028,1,555.0,178.0
43029,1,6240.0,196.0
43030,1,2328.0,131.0
43031,1,335.0,123.0
43032,1,279931.0,117.0
43033,1,19802.0,126.0
43034,1,1857.0,178.0
43035,1,126.0,129.0
43036,1,58089.0,374.0
43037,1,811.0,129.0
43038,1,424.0,129.0
43039,1,10178.0,130.0
43040,1,85.0,193.0
43041,1,53175.0,125.0
43042,1,69999.0,107.0
43043,1,718.0,129.0
43044,1,79.0,129.0
43045,1,5133.0,374.0
43046,1,15078.0,109.0
43047,1,7015.0,115.0
43048,1,25311.0,115.0
43049,1,9039.0,115.0
43050,1,45933.0,374.0
43051,1,10346.0,115.0
43052,1,3609.0,116.0
43053,1,7042.0,180.0
43054,1,12178.0,180.0
43055,1,6041.0,182.0
43056,1,882.0,194.0
43057,1,5974.0,193.0
43058,1,1363.0,192.0
43059,1,174.0,192.0
43060,1,115950.0,134.0
43061,1,981.0,182.0
43062,1,86865.0,374.0
43063,1,4031.0,134.0
43064,1,4536.0,134.0
43065,1,265.0,142.0
43066,1,9075.0,115.0
43067,1,8836.0,115.0
43068,1,8898.0,115.0
43069,1,1613.0,146.0
43070,1,13225.0,135.0
43071,1,467820.0,374.0
43072,1,17103.0,121.0
43073,1,40978.0,112.0
43074,1,12051.0,121.0
43075,1,30714.0,121.0
43076,1,30724.0,121.0
43077,1,11280.0,130.0
43078,1,956.0,201.0
43079,1,72459.0,157.0
43080,1,38.0,175.0
43081,1,427.0,201.0
43082,1,15086.0,113.0
43083,1,7072.0,134.0
43084,1,2546.0,112.0
43085,1,2652.0,112.0
43086,1,2574.0,112.0
43087,1,2553.0,112.0
43088,1,4539.0,112.0
43089,1,13712.0,134.0
43090,1,28685.0,147.0
43091,1,140.0,111.0
43092,1,205115.0,128.0
43093,1,4232.0,181.0
43094,1,539.0,178.0
43095,1,229.0,178.0
43096,1,7189.0,178.0
43097,1,40605.0,178.0
43098,1,79.0,216.0
43099,1,300038.0,121.0
43100,1,207884.0,121.0
43101,1,168044.0,121.0
43102,1,127780.0,121.0
43103,1,85691.0,121.0
43104,1,47829.0,121.0
43105,1,47873.0,130.0
43106,1,80300.0,123.0
43107,1,72.0,197.0
43108,1,5148.0,178.0
43109,1,4292.0,178.0
43110,1,110.0,214.0
43111,1,2633.0,214.0
43112,1,321.0,182.0
43113,1,3503.0,216.0
43114,1,80.0,202.0
43115,1,81.0,101.0
43116,1,87.0,183.0
43117,1,1378.0,183.0
43118,1,3025.0,178.0
43119,1,17345.0,178.0
43120,1,30592.0,127.0
43121,1,5575.0,201.0
43122,1,1654.0,214.0
43123,1,12478.0,178.0
43124,1,18456.0,178.0
43125,1,9075.0,178.0
43126,1,1959.0,178.0
43127,1,41242.0,139.0
43128,1,82671.0,117.0
43129,1,91823.0,130.0
43130,1,54814.0,123.0
43131,1,259.0,216.0
43132,1,2853.0,134.0
43133,1,46092.0,144.0
43134,1,51160.0,143.0
43135,1,55620.0,136.0
43136,1,40023.0,123.0
43137,1,12396.0,182.0
43138,1,8482.0,90.0
43139,1,0.0,123.0
43140,1,251.0,230.0
43141,1,53847.0,125.0
43142,1,10480.0,134.0
43143,1,334.0,116.0
43144,1,98.0,216.0
43145,1,16764.0,178.0
43146,1,2153.0,178.0
43147,1,53667.0,178.0
43148,1,2731.0,180.0
43149,1,218.0,176.0
43150,1,51236.0,140.0
43151,1,65.0,216.0
43152,1,1133.0,216.0
43153,1,100171.0,200.0
43154,1,3718.0,128.0
43155,1,41.0,166.0
43156,1,3949.0,452.0
43157,1,4549.0,134.0
43158,1,124676.0,121.0
43159,1,7149.0,178.0
43160,1,18009.0,178.0
43161,1,1764.0,116.0
43162,1,904.0,104.0
43163,1,359.0,114.0
43164,1,3579.0,104.0
43165,1,91650.0,134.0
43166,1,34282.0,121.0
43167,1,2457.0,179.0
43168,1,5237.0,179.0
43169,1,413.0,179.0
43170,1,15631.0,179.0
43171,1,46278.0,188.0
43172,1,540.0,121.0
43173,1,2441.0,134.0
43174,1,600146.0,173.0
43175,1,265.0,134.0
43176,1,212.0,197.0
43177,1,4133.0,178.0
43178,1,213599.0,178.0
43179,1,1869.0,178.0
43180,1,300088.0,165.0
43181,1,50.0,165.0
43182,1,203.0,152.0
43183,1,15.0,152.0
43184,1,8690.0,113.0
43185,1,140901.0,135.0
43186,1,92535.0,322.0
43187,1,2653.0,173.0
43188,1,10918.0,127.0
43189,1,48688.0,135.0
43190,1,364260.0,139.0
43191,1,41.0,202.0
43192,1,296.0,132.0
43193,1,86503.0,134.0
43194,1,8803.0,165.0
43195,1,42.0,213.0
43196,1,76382.0,101.0
43197,1,46017.0,152.0
43198,1,13459.0,152.0
43199,1,37365.0,152.0
43200,1,1953.0,96.0
43201,1,5881.0,175.0
43202,1,5403.0,175.0
43203,1,259.0,145.0
43204,1,90834.0,123.0
43205,1,103332.0,230.0
43206,1,3350.0,173.0
43207,1,2743.0,173.0
43208,1,31.0,165.0
43209,1,31.0,165.0
43210,1,6485.0,165.0
43211,1,2859.0,165.0
43212,1,8561.0,165.0
43213,1,300023.0,165.0
43214,1,156059.0,165.0
43215,1,706.0,165.0
43216,1,737.0,122.0
43217,1,4420.0,122.0
43218,1,2844.0,122.0
43219,1,1953.0,133.0
43220,1,15.0,115.0
43221,1,2813.0,122.0
43222,1,91106.0,123.0
43223,1,240.0,207.0
43224,1,9653.0,215.0
43225,1,3301.0,180.0
43226,1,91040.0,123.0
43227,1,91028.0,123.0
43228,1,109.0,150.0
43229,1,91092.0,123.0
43230,1,140.0,150.0
43231,1,624.0,150.0
43232,1,281.0,150.0
43233,1,31534.0,168.0
43234,1,2420.0,168.0
43235,1,91069.0,123.0
43236,1,465.0,187.0
43237,1,1133.0,187.0
43238,1,57.0,230.0
43239,1,300159.0,165.0
43240,1,30472.0,165.0
43241,1,62605.0,165.0
43242,1,161640.0,165.0
43243,1,3145.0,169.0
43244,1,5327.0,161.0
43245,1,31390.0,123.0
43246,1,21863.0,123.0
43247,1,21539.0,123.0
43248,1,109.0,142.0
43249,1,125583.0,252.0
43250,1,234.0,143.0
43251,1,16706.0,123.0
43252,1,121147.0,173.0
43253,1,32861.0,134.0
43254,1,124849.0,173.0
43255,1,300240.0,165.0
43256,1,122160.0,173.0
43257,1,18.0,139.0
43258,1,119105.0,173.0
43259,1,326.0,194.0
43260,1,14045.0,115.0
43261,1,0.0,113.0
43262,1,63264.0,133.0
43263,1,5788.0,134.0
43264,1,1250.0,111.0
43265,1,8250.0,192.0
43266,1,265.0,128.0
43267,1,12368.0,123.0
43268,1,263.0,207.0
43269,1,15772.0,123.0
43270,1,39701.0,123.0
43271,1,511.0,165.0
43272,1,15.0,139.0
43273,1,0.0,118.0
43274,1,1625.0,122.0
43275,1,806.0,139.0
43276,1,234.0,107.0
43277,1,628.0,211.0
43278,1,47.0,116.0
43279,1,4343.0,134.0
43280,1,405.0,131.0
43281,1,187.0,188.0
43282,1,0.0,117.0
43283,1,24236.0,144.0
43284,1,3516.0,185.0
43285,1,2749.0,240.0
43286,1,920.0,321.0
43287,1,273.0,201.0
43288,1,2141.0,206.0
43289,1,22124.0,185.0
43290,1,1946.0,206.0
43291,1,15101.0,196.0
43292,1,3689.0,123.0
43293,1,22038.0,123.0
43294,1,3502.0,123.0
43295,1,10375.0,123.0
43296,1,3668.0,196.0
43297,1,2647.0,202.0
43298,1,1206.0,202.0
43299,1,2752.0,202.0
43300,1,4779.0,202.0
43301,1,2881.0,202.0
43302,1,1610.0,201.0
43303,1,4157.0,239.0
43304,1,5817.0,178.0
43305,1,614.0,486.0
43306,1,12151.0,187.0
43307,1,11525.0,93.0
43308,1,3178.0,123.0
43309,1,26252.0,119.0
43310,1,1060.0,201.0
43311,1,9026.0,185.0
43312,1,1671.0,299.0
43313,1,1683.0,299.0
43314,1,1122.0,93.0
43315,1,3641.0,182.0
43316,1,1226.0,177.0
43317,1,2000.0,132.0
43318,1,4348.0,304.0
43319,1,667.0,304.0
43320,1,5241.0,304.0
43321,1,213297.0,304.0
43322,1,5384.0,304.0
43323,1,1269.0,145.0
43324,1,23253.0,117.0
43325,1,7104.0,119.0
43326,1,673.0,119.0
43327,1,3062.0,134.0
43328,1,1078.0,130.0
43329,1,300535.0,202.0
43330,1,300564.0,202.0
43331,1,300607.0,202.0
43332,1,19.0,212.0
43333,1,50.0,129.0
43334,1,1996.0,183.0
43335,1,812.0,133.0
43336,1,2354.0,169.0
43337,1,3427.0,168.0
43338,1,691.0,175.0
43339,1,2385.0,230.0
43340,1,3787.0,108.0
43341,1,78806.0,207.0
43342,1,119.0,200.0
43343,1,4159.0,187.0
43344,1,642.0,187.0
43345,1,12151.0,119.0
43346,1,5286.0,187.0
43347,1,2239.0,187.0
43348,1,271.0,187.0
43349,1,912.0,187.0
43350,1,112.0,180.0
43351,1,595.0,197.0
43352,1,234.0,115.0
43353,1,3911.0,197.0
43354,1,446.0,182.0
43355,1,142040.0,125.0
43356,1,479.0,135.0
43357,1,27722.0,119.0
43358,1,3916.0,125.0
43359,1,300120.0,191.0
43360,1,390.0,113.0
43361,1,1045.0,113.0
43362,1,73.0,228.0
43363,1,331.0,230.0
43364,1,265.0,230.0
43365,1,488.0,225.0
43366,1,60.0,225.0
43367,1,12659.0,225.0
43368,1,359.0,146.0
43369,1,15.0,146.0
43370,1,133.0,230.0
43371,1,6129.0,115.0
43372,1,3149.0,137.0
43373,1,0.0,139.0
43374,1,46.0,129.0
43375,1,2593.0,208.0
43376,1,1628.0,120.0
43377,1,830.0,120.0
43378,1,1408.0,142.0
43379,1,1674.0,99.0
43380,1,124.0,99.0
43381,1,1082.0,142.0
43382,1,300080.0,113.0
43383,1,28110.0,98.0
43384,1,918.0,196.0
43385,1,111.0,98.0
43386,1,275.0,178.0
43387,1,12466.0,153.0
43388,1,0.0,128.0
43389,1,137.0,179.0
43390,1,156.0,120.0
43391,1,747.0,124.0
43392,1,926.0,124.0
43393,1,244.0,188.0
43394,1,4899.0,201.0
43395,1,372.0,176.0
43396,1,102.0,175.0
43397,1,1657.0,124.0
43398,1,1768.0,87.0
43399,1,327.0,120.0
43400,1,178.0,158.0
43401,1,11.0,194.0
43402,1,2234.0,128.0
43403,1,2491.0,93.0
43404,1,438.0,216.0
43405,1,656.0,129.0
43406,1,4769.0,174.0
43407,1,1052.0,168.0
43408,1,4546.0,516.0
43409,1,25255.0,118.0
43410,1,9866.0,160.0
43411,1,16710.0,225.0
43412,1,16412.0,225.0
43413,1,62.0,117.0
43414,1,406.0,128.0
43415,1,3117.0,123.0
43416,1,2798.0,123.0
43417,1,1096.0,118.0
43418,1,796.0,138.0
43419,1,5724.0,114.0
43420,1,1497.0,183.0
43421,1,636.0,194.0
43422,1,380.0,210.0
43423,1,24146.0,288.0
43424,1,16537.0,202.0
43425,1,1723.0,116.0
43426,1,801.0,116.0
43427,1,50.0,118.0
43428,1,39317.0,196.0
43429,1,352.0,245.0
43430,1,381.0,245.0
43431,1,276.0,245.0
43432,1,4324.0,196.0
43433,1,1018.0,181.0
43434,1,578.0,189.0
43435,1,427828.0,194.0
43436,1,640.0,194.0
43437,1,7449.0,94.0
43438,1,7528.0,94.0
43439,1,300678.0,120.0
43440,1,49345.0,144.0
43441,1,81307.0,144.0
43442,1,25331.0,144.0
43443,1,86670.0,196.0
43444,1,2572.0,138.0
43445,1,3414.0,178.0
43446,1,9079.0,127.0
43447,1,21764.0,194.0
43448,1,3415.0,194.0
43449,1,4119.0,197.0
43450,1,26.0,197.0
43451,1,61313.0,197.0
43452,1,20297.0,197.0
43453,1,3655.0,197.0
43454,1,3613.0,193.0
43455,1,20.0,193.0
43456,1,40930.0,193.0
43457,1,14831.0,193.0
43458,1,2593.0,193.0
43459,1,7720.0,201.0
43460,1,5335.0,201.0
43461,1,81.0,117.0
43462,1,231877.0,187.0
43463,1,484.0,118.0
43464,1,1219.0,188.0
43465,1,3027.0,245.0
43466,1,15159.0,245.0
43467,1,1111.0,245.0
43468,1,823.0,188.0
43469,1,232.0,245.0
43470,1,1500.0,181.0
43471,1,3523.0,179.0
43472,1,1739.0,128.0
43473,1,2080.0,116.0
43474,1,2627.0,128.0
43475,1,0.0,141.0
43476,1,0.0,141.0
43477,1,0.0,141.0
43478,1,4552.0,179.0
43479,1,3859.0,113.0
43480,1,140.0,129.0
43481,1,10822.0,129.0
43482,1,23450.0,129.0
43483,1,8764.0,129.0
43484,1,4812.0,108.0
43485,1,1043.0,193.0
43486,1,1.0,193.0
43487,1,7135.0,282.0
43488,1,100296.0,245.0
43489,1,156.0,129.0
43490,1,297.0,203.0
43491,1,109.0,129.0
43492,1,207.0,113.0
43493,1,16864.0,113.0
43494,1,836.0,183.0
43495,1,492.0,183.0
43496,1,3507.0,121.0
43497,1,2844.0,176.0
43498,1,15.0,141.0
43499,1,30.0,110.0
43500,1,7734.0,147.0
43501,1,542.0,194.0
43502,1,4569.0,117.0
43503,1,6882.0,176.0
43504,1,19580.0,192.0
43505,1,37015.0,133.0
43506,1,1496.0,186.0
43507,1,15683.0,249.0
43508,1,87455.0,139.0
43509,1,248184.0,138.0
43510,1,219.0,119.0
43511,1,46.0,117.0
43512,1,77.0,117.0
43513,1,8000.0,249.0
43514,1,3078.0,121.0
43515,1,3797.0,121.0
43516,1,1562.0,121.0
43517,1,1062.0,121.0
43518,1,11566.0,249.0
43519,1,1701.0,120.0
43520,1,1701.0,120.0
43521,1,1040.0,120.0
43522,1,1699.0,120.0
43523,1,8531.0,115.0
43524,1,234.0,115.0
43525,1,63995.0,131.0
43526,1,20500.0,212.0
43527,1,2203.0,135.0
43528,1,260.0,203.0
43529,1,1216.0,121.0
43530,1,78.0,180.0
43531,1,4703.0,133.0
43532,1,3678.0,80.0
43533,1,726.0,211.0
43534,1,27854.0,126.0
43535,1,3958.0,208.0
43536,1,1401.0,138.0
43537,1,758.0,211.0
43538,1,0.0,121.0
43539,1,31.0,123.0
43540,1,60534.0,194.0
43541,1,59354.0,194.0
43542,1,143.0,112.0
43543,1,15.0,123.0
43544,1,300003.0,218.0
43545,1,312.0,119.0
43546,1,421.0,127.0
43547,1,184.0,115.0
43548,1,218.0,115.0
43549,1,202.0,115.0
43550,1,12087.0,225.0
43551,1,17655.0,225.0
43552,1,7568.0,249.0
43553,1,10070.0,225.0
43554,1,15193.0,225.0
43555,1,18052.0,225.0
43556,1,177.0,213.0
43557,1,562.0,118.0
43558,1,2000.0,116.0
43559,1,6435.0,118.0
43560,1,781.0,118.0
43561,1,600110.0,162.0
43562,1,609.0,130.0
43563,1,2996.0,170.0
43564,1,15800.0,192.0
43565,1,10.0,204.0
43566,1,11800.0,204.0
43567,1,2048.0,204.0
43568,1,17180.0,204.0
43569,1,100059.0,204.0
43570,1,562.0,118.0
43571,1,562.0,118.0
43572,1,100123.0,195.0
43573,1,3256.0,195.0
43574,1,175985.0,121.0
43575,1,5440.0,113.0
43576,1,8541.0,113.0
43577,1,156.0,113.0
43578,1,371.0,208.0
43579,1,10417.0,139.0
43580,1,10730.0,203.0
43581,1,79245.0,122.0
43582,1,4768.0,117.0
43583,1,4780.0,117.0
43584,1,2040.0,117.0
43585,1,3017.0,117.0
43586,1,134394.0,122.0
43587,1,4237.0,124.0
43588,1,1564.0,124.0
43589,1,615.0,124.0
43590,1,15133.0,120.0
43591,1,4456.0,202.0
43592,1,786.0,327.0
43593,1,1097.0,327.0
43594,1,2768.0,130.0
43595,1,1261.0,111.0
43596,1,6953.0,182.0
43597,1,21438.0,186.0
43598,1,20610.0,186.0
43599,1,8572.0,155.0
43600,1,16789.0,143.0
43601,1,99183.0,122.0
43602,1,71175.0,131.0
43603,1,69367.0,125.0
43604,1,9896.0,125.0
43605,1,249.0,115.0
43606,1,140.0,115.0
43607,1,85.0,165.0
43608,1,46.0,160.0
43609,1,5715.0,160.0
43610,1,1093.0,208.0
43611,1,1485.0,208.0
43612,1,834.0,262.0
43613,1,560.0,194.0
43614,1,31475.0,160.0
43615,1,197.0,529.0
43616,1,52.0,218.0
43617,1,2653.0,179.0
43618,1,178.0,179.0
43619,1,8136.0,210.0
43620,1,1197.0,178.0
43621,1,203.0,119.0
43622,1,203.0,119.0
43623,1,219.0,119.0
43624,1,968.0,108.0
43625,1,1562.0,516.0
43626,1,74893.0,162.0
43627,1,578.0,162.0
43628,1,67469.0,162.0
43629,1,10.0,117.0
43630,1,70601.0,162.0
43631,1,8531.0,162.0
43632,1,1845.0,110.0
43633,1,1031.0,169.0
43634,1,7293.0,210.0
43635,1,4391.0,118.0
43636,1,468.0,134.0
43637,1,90042.0,134.0
43638,1,105505.0,125.0
43639,1,26051.0,125.0
43640,1,3470.0,118.0
43641,1,25187.0,118.0
43642,1,300061.0,101.0
43643,1,2979.0,201.0
43644,1,742.0,113.0
43645,1,132.0,139.0
43646,1,341.0,119.0
43647,1,669.0,119.0
43648,1,10580.0,119.0
43649,1,31.0,118.0
43650,1,31.0,118.0
43651,1,224.0,139.0
43652,1,941.0,196.0
43653,1,114.0,132.0
43654,1,29892.0,141.0
43655,1,10444.0,190.0
43656,1,384.0,173.0
43657,1,9941.0,139.0
43658,1,66.0,225.0
43659,1,62.0,139.0
43660,1,300721.0,142.0
43661,1,171.0,120.0
43662,1,2546.0,130.0
43663,1,421.0,142.0
43664,1,468.0,142.0
43665,1,30262.0,199.0
43666,1,2554.0,113.0
43667,1,734.0,125.0
43668,1,1360.0,225.0
43669,1,19296.0,225.0
43670,1,1826.0,225.0
43671,1,4445.0,125.0
43672,1,27390.0,125.0
43673,1,717.0,125.0
43674,1,74.0,202.0
43675,1,180.0,202.0
43676,1,2595.0,126.0
43677,1,2461.0,199.0
43678,1,2637.0,130.0
43679,1,602.0,226.0
43680,1,265.0,111.0
43681,1,1757.0,170.0
43682,1,72620.0,171.0
43683,1,5214.0,178.0
43684,1,16.0,139.0
43685,1,2569.0,131.0
43686,1,2371.0,185.0
43687,1,328.0,218.0
43688,1,296.0,218.0
43689,1,30401.0,332.0
43690,1,51754.0,332.0
43691,1,6164.0,332.0
43692,1,304.0,139.0
43693,1,328.0,139.0
43694,1,317.0,139.0
43695,1,282.0,139.0
43696,1,486.0,139.0
43697,1,407.0,139.0
43698,1,3221.0,137.0
43699,1,6951.0,217.0
43700,1,3234.0,192.0
43701,1,14112.0,121.0
43702,1,34173.0,121.0
43703,1,674.0,190.0
43704,1,1339.0,190.0
43705,1,3575.0,192.0
43706,1,359.0,119.0
43707,1,31.0,119.0
43708,1,99550.0,133.0
43709,1,11211.0,133.0
43710,1,9004.0,144.0
43711,1,6034.0,144.0
43712,1,152.0,180.0
43713,1,74.0,180.0
43714,1,45.0,185.0
43715,1,40688.0,225.0
43716,1,1732.0,225.0
43717,1,115952.0,225.0
43718,1,1734.0,126.0
43719,1,846.0,179.0
43720,1,5522.0,332.0
43721,1,16125.0,332.0
43722,1,91885.0,332.0
43723,1,197.0,516.0
43724,1,1024.0,179.0
43725,1,72351.0,193.0
43726,1,43.0,180.0
43727,1,377.0,180.0
43728,1,192569.0,256.0
43729,1,65.0,180.0
43730,1,777.0,180.0
43731,1,8080.0,180.0
43732,1,40431.0,143.0
43733,1,5423.0,107.0
43734,1,638.0,177.0
43735,1,1888.0,170.0
43736,1,5092.0,209.0
43737,1,171.0,109.0
43738,1,152218.0,125.0
43739,1,21318.0,125.0
43740,1,83058.0,122.0
43741,1,17403.0,117.0
43742,1,44716.0,122.0
43743,1,16415.0,153.0
43744,1,220442.0,285.0
43745,1,14.0,180.0
43746,1,40.0,180.0
43747,1,341.0,139.0
43748,1,241.0,180.0
43749,1,223.0,139.0
43750,1,4206.0,188.0
43751,1,0.0,127.0
43752,1,93.0,126.0
43753,1,1406.0,143.0
43754,1,2986.0,143.0
43755,1,1582.0,143.0
43756,1,300466.0,152.0
43757,1,117.0,139.0
43758,1,315.0,201.0
43759,1,80364.0,140.0
43760,1,2408.0,172.0
43761,1,11744.0,214.0
43762,1,5064.0,113.0
43763,1,843.0,118.0
43764,1,328.0,118.0
43765,1,8806.0,118.0
43766,1,374.0,113.0
43767,1,141.0,225.0
43768,1,74559.0,121.0
43769,1,2172.0,189.0
43770,1,199070.0,119.0
43771,1,16388.0,119.0
43772,1,106837.0,119.0
43773,1,364081.0,119.0
43774,1,871.0,110.0
43775,1,768.0,110.0
43776,1,4396.0,129.0
43777,1,110801.0,138.0
43778,1,12927.0,212.0
43779,1,53184.0,109.0
43780,1,1027.0,177.0
43781,1,28598.0,210.0
43782,1,7534.0,129.0
43783,1,982.0,153.0
43784,1,1439.0,178.0
43785,1,1626.0,200.0
43786,1,155.0,172.0
43787,1,3304.0,147.0
43788,1,22019.0,147.0
43789,1,11802.0,140.0
43790,1,7439.0,136.0
43791,1,0.0,124.0
43792,1,1116.0,188.0
43793,1,1112.0,188.0
43794,1,1878.0,188.0
43795,1,5903.0,188.0
43796,1,15.0,124.0
43797,1,34.0,115.0
43798,1,484.0,115.0
43799,1,396.0,115.0
43800,1,4370.0,240.0
43801,1,0.0,142.0
43802,1,210739.0,124.0
43803,1,83.0,166.0
43804,1,20.0,166.0
43805,1,187.0,166.0
43806,1,1642.0,99.0
43807,1,681.0,73.0
43808,1,538.0,189.0
43809,1,10656.0,132.0
43810,1,62.0,126.0
43811,1,2938.0,118.0
43812,1,19754.0,203.0
43813,1,11875.0,165.0
43814,1,21094.0,165.0
43815,1,1128.0,188.0
43816,1,4551.0,134.0
43817,1,601.0,114.0
43818,1,2931.0,134.0
43819,1,1073.0,188.0
43820,1,1753.0,116.0
43821,1,167.0,116.0
43822,1,7320.0,134.0
43823,1,23011.0,134.0
43824,1,3078.0,138.0
43825,1,248.0,116.0
43826,1,407.0,116.0
43827,1,498.0,116.0
43828,1,174.0,116.0
43829,1,20.0,189.0
43830,1,48302.0,134.0
43831,1,14065.0,165.0
43832,1,188132.0,113.0
43833,1,37.0,173.0
43834,1,0.0,119.0
43835,1,5625.0,125.0
43836,1,9971.0,145.0
43837,1,3500.0,120.0
43838,1,3601.0,120.0
43839,1,46.0,94.0
43840,1,6142.0,183.0
43841,1,31378.0,177.0
43842,1,3406.0,137.0
43843,1,46.0,157.0
43844,1,523.0,225.0
43845,1,233.0,201.0
43846,1,475.0,237.0
43847,1,2896.0,110.0
43848,1,2390.0,133.0
43849,1,15.0,120.0
43850,1,21887.0,157.0
43851,1,2305.0,215.0
43852,1,100191.0,120.0
43853,1,825.0,187.0
43854,1,4156.0,188.0
43855,1,3416.0,144.0
43856,1,15.0,134.0
43857,1,19.0,181.0
43858,1,40.0,181.0
43859,1,928.0,125.0
43860,1,907.0,229.0
43861,1,1054.0,115.0
43862,1,140.0,115.0
43863,1,140.0,124.0
43864,1,109.0,115.0
43865,1,281.0,115.0
43866,1,250.0,115.0
43867,1,140.0,115.0
43868,1,4760.0,87.0
43869,1,1411.0,186.0
43870,1,103637.0,186.0
43871,1,374.0,476.0
43872,1,4210.0,211.0
43873,1,2859.0,188.0
43874,1,6646.0,188.0
43875,1,1333.0,188.0
43876,1,2060.0,120.0
43877,1,0.0,124.0
43878,1,365.0,201.0
43879,1,2646.0,192.0
43880,1,56806.0,140.0
43881,1,3423.0,278.0
43882,1,1891.0,476.0
43883,1,4240.0,126.0
43884,1,3333.0,141.0
43885,1,2904.0,192.0
43886,1,225.0,185.0
43887,1,55.0,191.0
43888,1,3231.0,204.0
43889,1,3436.0,204.0
43890,1,253.0,114.0
43891,1,146.0,114.0
43892,1,1041.0,181.0
43893,1,2561.0,109.0
43894,1,1844.0,109.0
43895,1,14051.0,131.0
43896,1,8305.0,139.0
43897,1,7460.0,139.0
43898,1,3683.0,134.0
43899,1,13647.0,119.0
43900,1,877.0,202.0
43901,1,10722.0,134.0
43902,1,15413.0,121.0
43903,1,31.0,181.0
43904,1,227.0,187.0
43905,1,3526.0,114.0
43906,1,19.0,136.0
43907,1,3961.0,202.0
43908,1,93.0,157.0
43909,1,109.0,157.0
43910,1,124.0,157.0
43911,1,19.0,117.0
43912,1,4754.0,117.0
43913,1,513.0,117.0
43914,1,3528.0,154.0
43915,1,110.0,190.0
43916,1,128.0,179.0
43917,1,748.0,179.0
43918,1,4650.0,185.0
43919,1,13172.0,133.0
43920,1,22675.0,144.0
43921,1,175.0,268.0
43922,1,182.0,271.0
43923,1,28.0,231.0
43924,1,122.0,231.0
43925,1,79.0,116.0
43926,1,13.0,181.0
43927,1,24.0,181.0
43928,1,1044.0,181.0
43929,1,30.0,181.0
43930,1,2532.0,112.0
43931,1,46.0,112.0
43932,1,421.0,112.0
43933,1,11818.0,112.0
43934,1,2985.0,174.0
43935,1,1435.0,177.0
43936,1,166.0,116.0
43937,1,1050.0,181.0
43938,1,303.0,213.0
43939,1,76.0,201.0
43940,1,27998.0,207.0
43941,1,810.0,175.0
43942,1,1073.0,167.0
43943,1,1313.0,111.0
43944,1,15.0,111.0
43945,1,3051.0,123.0
43946,1,89068.0,226.0
43947,1,144.0,220.0
43948,1,3590.0,123.0
43949,1,228.0,188.0
43950,1,44193.0,138.0
43951,1,31.0,114.0
43952,1,2511.0,185.0
43953,1,19848.0,114.0
43954,1,4420.0,202.0
43955,1,1050.0,134.0
43956,1,313.0,113.0
43957,1,2286.0,100.0
43958,1,18199.0,129.0
43959,1,100.0,202.0
43960,1,812.0,226.0
43961,1,64527.0,226.0
43962,1,3640.0,226.0
43963,1,12014.0,113.0
43964,1,1067.0,164.0
43965,1,996.0,164.0
43966,1,4959.0,164.0
43967,1,6273.0,164.0
43968,1,5258.0,164.0
43969,1,1277.0,164.0
43970,1,10973.0,189.0
43971,1,9859.0,119.0
43972,1,1359.0,136.0
43973,1,289.0,114.0
43974,1,343.0,166.0
43975,1,6250.0,164.0
43976,1,5616.0,164.0
43977,1,7130.0,136.0
43978,1,1070.0,184.0
43979,1,73422.0,144.0
43980,1,284875.0,144.0
43981,1,210501.0,144.0
43982,1,328.0,126.0
43983,1,328.0,133.0
43984,1,13913.0,198.0
43985,1,1715.0,206.0
43986,1,631.0,97.0
43987,1,47.0,97.0
43988,1,36.0,181.0
43989,1,26.0,181.0
43990,1,1027.0,181.0
43991,1,40.0,181.0
43992,1,996.0,181.0
43993,1,998.0,181.0
43994,1,12.0,181.0
43995,1,43.0,181.0
43996,1,1027.0,181.0
43997,1,28.0,181.0
43998,1,14.0,181.0
43999,1,86.0,181.0
44000,1,2000.0,181.0
44001,1,64443.0,148.0
44002,1,1035.0,175.0
44003,1,1164.0,175.0
44004,1,1055.0,175.0
44005,1,51279.0,131.0
44006,1,760.0,114.0
44007,1,471.0,114.0
44008,1,1453.0,148.0
44009,1,8021.0,122.0
44010,1,1779.0,164.0
44011,1,33.0,164.0
44012,1,36.0,97.0
44013,1,848.0,97.0
44014,1,28.0,97.0
44015,1,852.0,97.0
44016,1,97.0,97.0
44017,1,14.0,97.0
44018,1,855.0,97.0
44019,1,12.0,97.0
44020,1,15.0,97.0
44021,1,846.0,97.0
44022,1,49.0,97.0
44023,1,637.0,97.0
44024,1,3449.0,190.0
44025,1,18809.0,238.0
44026,1,1176.0,201.0
44027,1,1375.0,148.0
44028,1,3759.0,175.0
44029,1,490.0,175.0
44030,1,2558.0,201.0
44031,1,877.0,112.0
44032,1,43.0,91.0
44033,1,294.0,91.0
44034,1,18.0,97.0
44035,1,824.0,97.0
44036,1,21.0,97.0
44037,1,19.0,97.0
44038,1,632.0,97.0
44039,1,34.0,97.0
44040,1,26.0,97.0
44041,1,1628.0,164.0
44042,1,160.0,164.0
44043,1,47.0,164.0
44044,1,1076.0,164.0
44045,1,29.0,164.0
44046,1,766.0,164.0
44047,1,57.0,164.0
44048,1,51189.0,148.0
44049,1,2580.0,205.0
44050,1,26703.0,134.0
44051,1,48.0,183.0
44052,1,15.0,183.0
44053,1,3.0,183.0
44054,1,5986.0,120.0
44055,1,361.0,124.0
44056,1,48.0,183.0
44057,1,0.0,124.0
44058,1,62.0,131.0
44059,1,44.0,176.0
44060,1,687.0,124.0
44061,1,3712.0,126.0
44062,1,17191.0,126.0
44063,1,622.0,290.0
44064,1,688.0,290.0
44065,1,171.0,121.0
44066,1,218.0,114.0
44067,1,3322.0,180.0
44068,1,890.0,131.0
44069,1,162.0,186.0
44070,1,0.0,124.0
44071,1,0.0,124.0
44072,1,5001.0,122.0
44073,1,375.0,122.0
44074,1,2812.0,153.0
44075,1,14451.0,187.0
44076,1,296.0,139.0
44077,1,11317.0,138.0
44078,1,43.0,186.0
44079,1,4081.0,121.0
44080,1,437.0,174.0
44081,1,5603.0,146.0
44082,1,752.0,202.0
44083,1,5045.0,120.0
44084,1,42219.0,101.0
44085,1,443.0,202.0
44086,1,499.0,189.0
44087,1,508.0,124.0
44088,1,1453.0,174.0
44089,1,180.0,124.0
44090,1,1796.0,174.0
44091,1,16054.0,124.0
44092,1,0.0,124.0
44093,1,0.0,124.0
44094,1,46.0,137.0
44095,1,50.0,173.0
44096,1,109.0,116.0
44097,1,421.0,116.0
44098,1,47.0,116.0
44099,1,78.0,116.0
44100,1,16655.0,129.0
44101,1,859.0,174.0
44102,1,16.0,91.0
44103,1,32.0,91.0
44104,1,27.0,164.0
44105,1,142.0,164.0
44106,1,50.0,164.0
44107,1,58.0,164.0
44108,1,45.0,164.0
44109,1,49.0,164.0
44110,1,24.0,164.0
44111,1,107.0,164.0
44112,1,1008.0,164.0
44113,1,31.0,119.0
44114,1,156.0,119.0
44115,1,3375.0,119.0
44116,1,94.0,119.0
44117,1,687.0,115.0
44118,1,1080.0,115.0
44119,1,18498.0,246.0
44120,1,25045.0,174.0
44121,1,4571.0,201.0
44122,1,79.0,131.0
44123,1,38.0,164.0
44124,1,65.0,164.0
44125,1,88.0,164.0
44126,1,28.0,164.0
44127,1,963.0,310.0
44128,1,5694.0,322.0
44129,1,21841.0,125.0
44130,1,76380.0,397.0
44131,1,24236.0,220.0
44132,1,17.0,91.0
44133,1,15.0,91.0
44134,1,168.0,91.0
44135,1,29.0,91.0
44136,1,43.0,91.0
44137,1,13.0,91.0
44138,1,17.0,91.0
44139,1,40.0,91.0
44140,1,32.0,91.0
44141,1,1086.0,91.0
44142,1,1085.0,91.0
44143,1,32.0,91.0
44144,1,34.0,91.0
44145,1,2406.0,131.0
44146,1,4171.0,131.0
44147,1,2671.0,131.0
44148,1,191.0,91.0
44149,1,271.0,91.0
44150,1,2071.0,91.0
44151,1,1968.0,91.0
44152,1,15.0,91.0
44153,1,24583.0,126.0
44154,1,5857.0,126.0
44155,1,3499.0,148.0
44156,1,157.0,124.0
44157,1,15272.0,124.0
44158,1,300213.0,120.0
44159,1,30926.0,188.0
44160,1,1336.0,175.0
44161,1,31.0,119.0
44162,1,31.0,119.0
44163,1,48.0,119.0
44164,1,359.0,119.0
44165,1,59.0,119.0
44166,1,112.0,119.0
44167,1,113.0,153.0
44168,1,82730.0,173.0
44169,1,5393.0,122.0
44170,1,20969.0,130.0
44171,1,12.0,119.0
44172,1,315.0,112.0
44173,1,49.0,145.0
44174,1,60299.0,138.0
44175,1,1553.0,115.0
44176,1,2351.0,175.0
44177,1,1828.0,131.0
44178,1,152144.0,241.0
44179,1,13018.0,187.0
44180,1,20993.0,136.0
44181,1,786.0,111.0
44182,1,6719.0,209.0
44183,1,1.0,198.0
44184,1,2259.0,198.0
44185,1,1133.0,111.0
44186,1,583.0,177.0
44187,1,3099.0,182.0
44188,1,53255.0,112.0
44189,1,128.0,198.0
44190,1,2288.0,198.0
44191,1,94122.0,552.0
44192,1,293914.0,139.0
44193,1,76172.0,206.0
44194,1,12429.0,142.0
44195,1,1081.0,206.0
44196,1,33214.0,197.0
44197,1,25585.0,197.0
44198,1,75210.0,197.0
44199,1,5514.0,197.0
44200,1,12459.0,206.0
44201,1,7202.0,151.0
44202,1,1851.0,151.0
44203,1,472380.0,515.0
44204,1,25858.0,239.0
44205,1,13831.0,112.0
44206,1,109190.0,140.0
44207,1,40392.0,118.0
44208,1,3078.0,118.0
44209,1,1640.0,118.0
44210,1,2463.0,124.0
44211,1,85.0,189.0
44212,1,20095.0,138.0
44213,1,3564.0,130.0
44214,1,3645.0,133.0
44215,1,361.0,331.0
44216,1,54.0,331.0
44217,1,66.0,331.0
44218,1,1545.0,199.0
44219,1,1623.0,199.0
44220,1,40.0,331.0
44221,1,274.0,331.0
44222,1,19.0,119.0
44223,1,687.0,137.0
44224,1,3568.0,170.0
44225,1,8937.0,129.0
44226,1,7213.0,123.0
44227,1,1794.0,100.0
44228,1,11299.0,194.0
44229,1,6124.0,199.0
44230,1,28880.0,112.0
44231,1,33991.0,113.0
44232,1,533.0,157.0
44233,1,5192.0,138.0
44234,1,140306.0,138.0
44235,1,2641.0,138.0
44236,1,293.0,203.0
44237,1,8279.0,119.0
44238,1,565.0,131.0
44239,1,444.0,203.0
44240,1,10753.0,145.0
44241,1,4455.0,109.0
44242,1,34141.0,170.0
44243,1,5295.0,145.0
44244,1,16.0,177.0
44245,1,173280.0,134.0
44246,1,285360.0,114.0
44247,1,453.0,114.0
44248,1,2227.0,114.0
44249,1,638.0,179.0
44250,1,275.0,128.0
44251,1,2233.0,139.0
44252,1,1489.0,139.0
44253,1,110.0,139.0
44254,1,9274.0,125.0
44255,1,3299.0,125.0
44256,1,10203.0,195.0
44257,1,4959.0,195.0
44258,1,30.0,195.0
44259,1,252.0,195.0
44260,1,2807.0,174.0
44261,1,900.0,145.0
44262,1,249.0,126.0
44263,1,27248.0,79.0
44264,1,531.0,110.0
44265,1,930.0,179.0
44266,1,803.0,179.0
44267,1,3043.0,176.0
44268,1,837.0,182.0
44269,1,235.0,182.0
44270,1,16529.0,196.0
44271,1,2313.0,229.0
44272,1,1915.0,229.0
44273,1,73185.0,112.0
44274,1,932.0,174.0
44275,1,5235.0,153.0
44276,1,203.0,130.0
44277,1,312.0,119.0
44278,1,15.0,119.0
44279,1,7311.0,140.0
44280,1,5613.0,140.0
44281,1,46.0,126.0
44282,1,8941.0,126.0
44283,1,1359.0,186.0
44284,1,796.0,186.0
44285,1,921.0,186.0
44286,1,96.0,186.0
44287,1,7298.0,186.0
44288,1,3453.0,186.0
44289,1,878.0,130.0
44290,1,24664.0,186.0
44291,1,77.0,153.0
44292,1,475.0,223.0
44293,1,8748.0,223.0
44294,1,79.0,223.0
44295,1,21010.0,130.0
44296,1,31.0,113.0
44297,1,4360.0,169.0
44298,1,4704.0,169.0
44299,1,601340.0,211.0
44300,1,18490.0,200.0
44301,1,754.0,126.0
44302,1,62.0,126.0
44303,1,945.0,126.0
44304,1,602288.0,211.0
44305,1,8436.0,145.0
44306,1,8335.0,145.0
44307,1,24037.0,206.0
44308,1,6982.0,172.0
44309,1,34066.0,172.0
44310,1,43954.0,147.0
44311,1,8298.0,116.0
44312,1,468.0,131.0
44313,1,5414.0,190.0
44314,1,22196.0,141.0
44315,1,600142.0,211.0
44316,1,125.0,120.0
44317,1,1049.0,186.0
44318,1,167.0,223.0
44319,1,666.0,223.0
44320,1,201243.0,119.0
44321,1,16.0,197.0
44322,1,437.0,187.0
44323,1,21755.0,145.0
44324,1,39338.0,145.0
44325,1,32762.0,145.0
44326,1,44872.0,145.0
44327,1,4636.0,145.0
44328,1,5392.0,145.0
44329,1,2330.0,186.0
44330,1,13038.0,137.0
44331,1,60547.0,189.0
44332,1,10483.0,189.0
44333,1,145465.0,189.0
44334,1,565211.0,211.0
44335,1,516.0,113.0
44336,1,2657.0,119.0
44337,1,1730.0,198.0
44338,1,7591.0,195.0
44339,1,31.0,131.0
44340,1,15642.0,199.0
44341,1,2509.0,113.0
44342,1,42283.0,115.0
44343,1,368.0,99.0
44344,1,1907.0,117.0
44345,1,314874.0,136.0
44346,1,40715.0,136.0
44347,1,93.0,134.0
44348,1,350777.0,221.0
44349,1,0.0,236.0
44350,1,151.0,210.0
44351,1,142.0,177.0
44352,1,48979.0,120.0
44353,1,8004.0,305.0
44354,1,1462.0,184.0
44355,1,12624.0,142.0
44356,1,14027.0,310.0
44357,1,484.0,140.0
44358,1,156.0,126.0
44359,1,52.0,111.0
44360,1,2494.0,201.0
44361,1,862.0,201.0
44362,1,1500.0,131.0
44363,1,30723.0,119.0
44364,1,128.0,129.0
44365,1,8382.0,169.0
44366,1,152.0,130.0
44367,1,27.0,130.0
44368,1,2351.0,172.0
44369,1,6422.0,172.0
44370,1,593.0,129.0
44371,1,128.0,129.0
44372,1,578.0,129.0
44373,1,408.0,120.0
44374,1,93.0,120.0
44375,1,46.0,123.0
44376,1,575.0,201.0
44377,1,321083.0,216.0
44378,1,17858.0,131.0
44379,1,2646.0,127.0
44380,1,2932.0,170.0
44381,1,1721.0,170.0
44382,1,48220.0,289.0
44383,1,2284.0,145.0
44384,1,46378.0,289.0
44385,1,218.0,126.0
44386,1,485.0,124.0
44387,1,86.0,106.0
44388,1,2550.0,106.0
44389,1,902.0,678.0
44390,1,1552.0,102.0
44391,1,7173.0,215.0
44392,1,105.0,215.0
44393,1,1096.0,215.0
44394,1,15.0,145.0
44395,1,1458.0,131.0
44396,1,9684.0,114.0
44397,1,96228.0,185.0
44398,1,27497.0,114.0
44399,1,95439.0,185.0
44400,1,19284.0,200.0
44401,1,1379.0,146.0
44402,1,458.0,123.0
44403,1,187.0,123.0
44404,1,34297.0,123.0
44405,1,8289.0,120.0
44406,1,33929.0,204.0
44407,1,28740.0,204.0
44408,1,111294.0,127.0
44409,1,62693.0,162.0
44410,1,115474.0,303.0
44411,1,1379.0,303.0
44412,1,5440.0,130.0
44413,1,147776.0,303.0
44414,1,14490.0,187.0
44415,1,52.0,164.0
44416,1,44172.0,124.0
44417,1,66111.0,124.0
44418,1,44234.0,124.0
44419,1,16719.0,124.0
44420,1,68649.0,124.0
44421,1,44391.0,124.0
44422,1,45129.0,124.0
44423,1,46969.0,124.0
44424,1,44391.0,124.0
44425,1,15110.0,124.0
44426,1,16241.0,124.0
44427,1,12750.0,124.0
44428,1,66656.0,124.0
44429,1,68512.0,124.0
44430,1,67432.0,124.0
44431,1,13994.0,187.0
44432,1,39942.0,132.0
44433,1,550.0,124.0
44434,1,12875.0,124.0
44435,1,11431.0,124.0
44436,1,10947.0,124.0
44437,1,46911.0,124.0
44438,1,44094.0,124.0
44439,1,20505.0,124.0
44440,1,68633.0,124.0
44441,1,65504.0,124.0
44442,1,20550.0,124.0
44443,1,46987.0,124.0
44444,1,46969.0,124.0
44445,1,19202.0,124.0
44446,1,14354.0,124.0
44447,1,68258.0,124.0
44448,1,300073.0,132.0
44449,1,39926.0,132.0
44450,1,37706.0,132.0
44451,1,39942.0,132.0
44452,1,31418.0,132.0
44453,1,15523.0,132.0
44454,1,39911.0,132.0
44455,1,31342.0,132.0
44456,1,16059.0,132.0
44457,1,23372.0,132.0
44458,1,31388.0,132.0
44459,1,22342.0,132.0
44460,1,19273.0,132.0
44461,1,14297.0,132.0
44462,1,50735.0,132.0
44463,1,39880.0,132.0
44464,1,686.0,132.0
44465,1,14762.0,132.0
44466,1,2893.0,187.0
44467,1,23294.0,132.0
44468,1,97441.0,132.0
44469,1,21735.0,132.0
44470,1,39473.0,132.0
44471,1,39348.0,132.0
44472,1,300052.0,132.0
44473,1,29875.0,132.0
44474,1,1710.0,201.0
44475,1,2768.0,183.0
44476,1,16.0,206.0
44477,1,7011.0,169.0
44478,1,8304.0,169.0
44479,1,8343.0,169.0
44480,1,4978.0,168.0
44481,1,46.0,115.0
44482,1,1635.0,223.0
44483,1,850.0,223.0
44484,1,899.0,120.0
44485,1,701.0,120.0
44486,1,281.0,126.0
44487,1,9327.0,139.0
44488,1,23325.0,132.0
44489,1,17951.0,132.0
44490,1,453.0,121.0
44491,1,498.0,112.0
44492,1,62.0,126.0
44493,1,553.0,215.0
44494,1,1778.0,188.0
44495,1,2160.0,138.0
44496,1,9433.0,174.0
44497,1,15.0,133.0
44498,1,465.0,215.0
44499,1,1332.0,215.0
44500,1,779.0,128.0
44501,1,1062.0,128.0
44502,1,1061.0,128.0
44503,1,31386.0,170.0
44504,1,1902.0,203.0
44505,1,1015.0,128.0
44506,1,9856.0,104.0
44507,1,50823.0,103.0
44508,1,1892.0,108.0
44509,1,1861.0,108.0
44510,1,31.0,125.0
44511,1,4517.0,202.0
44512,1,78.0,125.0
44513,1,891.0,172.0
44514,1,46.0,116.0
44515,1,81198.0,231.0
44516,1,1456.0,108.0
44517,1,9908.0,101.0
44518,1,11703.0,103.0
44519,1,9594.0,112.0
44520,1,3234.0,203.0
44521,1,21262.0,118.0
44522,1,872.0,245.0
44523,1,974.0,184.0
44524,1,1218.0,178.0
44525,1,1922.0,138.0
44526,1,2937.0,138.0
44527,1,0.0,142.0
44528,1,607.0,243.0
44529,1,140.0,124.0
44530,1,3965.0,124.0
44531,1,1031.0,124.0
44532,1,515.0,124.0
44533,1,6447.0,179.0
44534,1,113941.0,142.0
44535,1,15.0,115.0
44536,1,438.0,126.0
44537,1,22852.0,126.0
44538,1,609.0,126.0
44539,1,219.0,135.0
44540,1,681.0,179.0
44541,1,99.0,203.0
44542,1,89.0,203.0
44543,1,17703.0,120.0
44544,1,283.0,163.0
44545,1,29467.0,163.0
44546,1,37045.0,163.0
44547,1,23602.0,163.0
44548,1,26117.0,163.0
44549,1,23741.0,163.0
44550,1,540.0,163.0
44551,1,172490.0,120.0
44552,1,3976.0,120.0
44553,1,197.0,203.0
44554,1,1307.0,203.0
44555,1,18478.0,120.0
44556,1,327366.0,371.0
44557,1,142.0,185.0
44558,1,17139.0,98.0
44559,1,8413.0,116.0
44560,1,48760.0,136.0
44561,1,2080.0,166.0
44562,1,3696.0,166.0
44563,1,3067.0,166.0
44564,1,3734.0,166.0
44565,1,7283.0,173.0
44566,1,198.0,203.0
44567,1,174.0,190.0
44568,1,268.0,186.0
44569,1,1843.0,125.0
44570,1,1778.0,125.0
44571,1,11141.0,125.0
44572,1,32145.0,120.0
44573,1,55.0,182.0
44574,1,53784.0,182.0
44575,1,80801.0,275.0
44576,1,1530.0,178.0
44577,1,1140.0,178.0
44578,1,1617.0,196.0
44579,1,973.0,196.0
44580,1,972.0,196.0
44581,1,988.0,196.0
44582,1,1687.0,196.0
44583,1,10091.0,120.0
44584,1,3810.0,196.0
44585,1,86705.0,123.0
44586,1,7685.0,115.0
44587,1,3843.0,93.0
44588,1,127496.0,115.0
44589,1,3468.0,119.0
44590,1,843.0,153.0
44591,1,247.0,206.0
44592,1,2565.0,206.0
44593,1,157.0,128.0
44594,1,78.0,133.0
44595,1,125.0,133.0
44596,1,93.0,133.0
44597,1,219.0,133.0
44598,1,626.0,133.0
44599,1,1282.0,177.0
44600,1,116012.0,371.0
44601,1,3640.0,120.0
44602,1,109.0,142.0
44603,1,15465.0,120.0
44604,1,0.0,137.0
44605,1,17128.0,196.0
44606,1,19457.0,120.0
44607,1,69.0,176.0
44608,1,92426.0,143.0
44609,1,95282.0,154.0
44610,1,343.0,95.0
44611,1,4450.0,179.0
44612,1,1231.0,186.0
44613,1,1208.0,180.0
44614,1,26.0,185.0
44615,1,1225.0,182.0
44616,1,467.0,110.0
44617,1,1220.0,111.0
44618,1,288.0,178.0
44619,1,1889.0,182.0
44620,1,190.0,177.0
44621,1,1032.0,177.0
44622,1,1080.0,178.0
44623,1,2227.0,195.0
44624,1,20540.0,114.0
44625,1,9541.0,114.0
44626,1,1312.0,114.0
44627,1,977.0,182.0
44628,1,984.0,179.0
44629,1,9450.0,180.0
44630,1,1048.0,175.0
44631,1,615.0,195.0
44632,1,23374.0,115.0
44633,1,1677.0,184.0
44634,1,9353.0,128.0
44635,1,78232.0,128.0
44636,1,759.0,121.0
44637,1,51408.0,185.0
44638,1,190.0,123.0
44639,1,1194.0,181.0
44640,1,207.0,184.0
44641,1,238.0,131.0
44642,1,423.0,179.0
44643,1,123.0,181.0
44644,1,1284.0,184.0
44645,1,64.0,179.0
44646,1,992.0,181.0
44647,1,1005.0,177.0
44648,1,35403.0,218.0
44649,1,826.0,113.0
44650,1,187.0,113.0
44651,1,165.0,113.0
44652,1,216.0,113.0
44653,1,456.0,113.0
44654,1,238.0,113.0
44655,1,1154.0,113.0
44656,1,1113.0,200.0
44657,1,626.0,181.0
44658,1,273.0,176.0
44659,1,100250.0,118.0
44660,1,16492.0,118.0
44661,1,938.0,178.0
44662,1,167.0,185.0
44663,1,959.0,177.0
44664,1,220.0,185.0
44665,1,381.0,177.0
44666,1,1060.0,179.0
44667,1,84366.0,323.0
44668,1,12007.0,187.0
44669,1,187893.0,119.0
44670,1,46.0,213.0
44671,1,410.0,123.0
44672,1,0.0,121.0
44673,1,0.0,121.0
44674,1,2476.0,121.0
44675,1,15984.0,202.0
44676,1,1540.0,196.0
44677,1,11505.0,187.0
44678,1,4394.0,128.0
44679,1,390.0,112.0
44680,1,172.0,106.0
44681,1,281.0,106.0
44682,1,157.0,106.0
44683,1,345.0,106.0
44684,1,11395.0,137.0
44685,1,25264.0,220.0
44686,1,62301.0,209.0
44687,1,300091.0,145.0
44688,1,660.0,114.0
44689,1,11788.0,263.0
44690,1,4384.0,263.0
44691,1,37.0,203.0
44692,1,3444.0,263.0
44693,1,90.0,110.0
44694,1,2865.0,115.0
44695,1,31.0,109.0
44696,1,250.0,201.0
44697,1,109.0,201.0
44698,1,31.0,137.0
44699,1,2218.0,137.0
44700,1,15.0,137.0
44701,1,640.0,137.0
44702,1,40249.0,199.0
44703,1,4168.0,375.0
44704,1,1219.0,155.0
44705,1,26165.0,204.0
44706,1,208.0,187.0
44707,1,194.0,174.0
44708,1,48.0,137.0
44709,1,31.0,137.0
44710,1,0.0,136.0
44711,1,0.0,136.0
44712,1,0.0,136.0
44713,1,578.0,136.0
44714,1,0.0,136.0
44715,1,0.0,136.0
44716,1,0.0,133.0
44717,1,751.0,198.0
44718,1,983.0,120.0
44719,1,0.0,133.0
44720,1,0.0,133.0
44721,1,640.0,133.0
44722,1,0.0,133.0
44723,1,0.0,133.0
44724,1,14265.0,187.0
44725,1,1011.0,188.0
44726,1,32.0,181.0
44727,1,12872.0,205.0
44728,1,3780.0,205.0
44729,1,85.0,175.0
44730,1,1766.0,175.0
44731,1,407.0,175.0
44732,1,39274.0,153.0
44733,1,2453.0,153.0
44734,1,862.0,183.0
44735,1,2203.0,183.0
44736,1,111.0,183.0
44737,1,3229.0,90.0
44738,1,1219.0,90.0
44739,1,503.0,90.0
44740,1,81.0,106.0
44741,1,68.0,106.0
44742,1,15.0,150.0
44743,1,1551.0,154.0
44744,1,3462.0,186.0
44745,1,140.0,131.0
44746,1,64233.0,245.0
44747,1,36712.0,236.0
44748,1,7788.0,116.0
44749,1,17848.0,122.0
44750,1,12450.0,118.0
44751,1,11543.0,118.0
44752,1,1535.0,151.0
44753,1,16653.0,208.0
44754,1,2205.0,184.0
44755,1,46.0,110.0
44756,1,1250.0,153.0
44757,1,1203.0,153.0
44758,1,16729.0,153.0
44759,1,4940.0,153.0
44760,1,92686.0,223.0
44761,1,4093.0,204.0
44762,1,3809.0,204.0
44763,1,1124.0,186.0
44764,1,1801.0,186.0
44765,1,2600.0,184.0
44766,1,328.0,112.0
44767,1,2796.0,137.0
44768,1,46215.0,174.0
44769,1,5586.0,141.0
44770,1,13054.0,116.0
44771,1,25629.0,116.0
44772,1,15451.0,116.0
44773,1,19629.0,116.0
44774,1,20159.0,117.0
44775,1,11005.0,117.0
44776,1,948.0,117.0
44777,1,314.0,117.0
44778,1,10354.0,115.0
44779,1,26144.0,123.0
44780,1,2739.0,117.0
44781,1,1156.0,153.0
44782,1,234.0,118.0
44783,1,7876.0,154.0
44784,1,1015.0,200.0
44785,1,62.0,131.0
44786,1,19079.0,202.0
44787,1,44496.0,188.0
44788,1,100303.0,133.0
44789,1,218.0,125.0
44790,1,187.0,131.0
44791,1,140.0,131.0
44792,1,218.0,131.0
44793,1,1406.0,153.0
44794,1,1171.0,153.0
44795,1,1582.0,210.0
44796,1,2433.0,149.0
44797,1,52847.0,271.0
44798,1,450.0,107.0
44799,1,328.0,127.0
44800,1,42349.0,134.0
44801,1,265.0,125.0
44802,1,470.0,125.0
44803,1,6025.0,285.0
44804,1,1357.0,127.0
44805,1,578834.0,234.0
44806,1,732.0,127.0
44807,1,2745.0,131.0
44808,1,95.0,117.0
44809,1,1732.0,160.0
44810,1,156.0,131.0
44811,1,4217.0,209.0
44812,1,62.0,153.0
44813,1,1609.0,153.0
44814,1,1109.0,153.0
44815,1,1218.0,153.0
44816,1,1031.0,153.0
44817,1,25919.0,153.0
44818,1,1171.0,153.0
44819,1,62.0,153.0
44820,1,953.0,153.0
